timestamp,season,demand_kwh,pv_production_kwh,price_buy_eur_kwh,price_sell_eur_kwh,p_bess_ch_kw,p_bess_dis_kw,bess_soc_kwh,p_pv_used_kw,p_pv_curtailed_kw,p_grid_buy_kw,p_grid_sell_kw,p_ely_kw,p_fc_kw,tank_mass_kg,p_pv_to_load_kw,p_pv_to_bess_kw,p_pv_to_ely_kw,p_pv_to_grid_kw,p_grid_to_load_kw,p_grid_to_bess_kw,bess_charged_kwh,bess_discharged_kwh,pv_used_kwh,pv_curtailed_kwh,grid_import_kwh,grid_export_kwh,h2_produced_kg,h2_used_kg
2019-01-07 00:00:00,winter,9.1476,0.0,0.195,0.0975,0.0,0.0,49.55806886839254,0.0,0.0,9.1476,0.0,0.0,0.0,0.0,0.0,0.0,0.0,0.0,9.1476,0.0,0.0,0.0,0.0,0.0,9.1476,0.0,0.0,0.0
2019-01-07 01:00:00,winter,9.1186,0.0,0.195,0.0975,0.0,0.0,49.55600394885635,0.0,0.0,9.1186,0.0,0.0,0.0,0.0,0.0,0.0,0.0,0.0,9.1186,0.0,0.0,0.0,0.0,0.0,9.1186,0.0,0.0,0.0
2019-01-07 02:00:00,winter,9.0814,0.0,0.195,0.0975,0.0,0.0,49.55393911535848,0.0,0.0,9.0814,0.0,0.0,0.0,0.0,0.0,0.0,0.0,0.0,9.0814,0.0,0.0,0.0,0.0,0.0,9.0814,0.0,0.0,0.0
2019-01-07 03:00:00,winter,9.1237,0.0,0.195,0.0975,0.0,0.0,49.55187436789534,0.0,0.0,9.1237,0.0,0.0,0.0,0.0,0.0,0.0,0.0,0.0,9.1237,0.0,0.0,0.0,0.0,0.0,9.1237,0.0,0.0,0.0
2019-01-07 04:00:00,winter,9.4247,0.0,0.195,0.0975,0.0,0.0,49.54980970646334,0.0,0.0,9.4247,0.0,0.0,0.0,0.0,0.0,0.0,0.0,0.0,9.4247,0.0,0.0,0.0,0.0,0.0,9.4247,0.0,0.0,0.0
2019-01-07 05:00:00,winter,10.1201,0.0,0.195,0.0975,0.0,0.0,49.5477451310589,0.0,0.0,10.1201,0.0,0.0,0.0,0.0,0.0,0.0,0.0,0.0,10.1201,0.0,0.0,0.0,0.0,0.0,10.1201,0.0,0.0,0.0
2019-01-07 06:00:00,winter,10.9683,0.0,0.195,0.0975,0.0,0.0,49.54568064167844,0.0,0.0,10.9683,0.0,0.0,0.0,0.0,0.0,0.0,0.0,0.0,10.9683,0.0,0.0,0.0,0.0,0.0,10.9683,0.0,0.0,0.0
2019-01-07 07:00:00,winter,10.5276,0.0,0.195,0.0975,0.0,0.0,49.54361623831837,0.0,0.0,10.5276,0.0,0.0,0.0,0.0,0.0,0.0,0.0,0.0,10.5276,0.0,0.0,0.0,0.0,0.0,10.5276,0.0,0.0,0.0
2019-01-07 08:00:00,winter,12.4245,0.4393,0.235,0.1175,0.0,0.0,49.5415519209751,0.4393,0.0,11.9852,0.0,0.0,0.0,0.0,0.4393,0.0,0.0,0.0,11.9852,0.0,0.0,0.0,0.4393,0.0,11.9852,0.0,0.0,0.0
2019-01-07 09:00:00,winter,11.4482,5.0816,0.235,0.1175,0.0,0.0,49.53948768964506,5.0816,0.0,6.3666,0.0,0.0,0.0,0.0,5.0816,0.0,0.0,0.0,6.3666,0.0,0.0,0.0,5.0816,0.0,6.3666,0.0,0.0,0.0
2019-01-07 10:00:00,winter,10.6548,11.3084,0.235,0.1175,0.6536000000000008,0.0,50.15748294793047,11.3084,0.0,0.0,0.0,0.0,0.0,0.0,10.6548,0.6536000000000008,0.0,0.0,0.0,0.0,0.6536000000000008,0.0,11.3084,0.0,0.0,0.0,0.0,0.0
2019-01-07 11:00:00,winter,10.2964,16.5884,0.235,0.1175,6.292,0.0,56.12450836414146,16.5884,0.0,0.0,0.0,0.0,0.0,0.0,10.2964,6.292,0.0,0.0,0.0,0.0,6.292,0.0,16.5884,0.0,0.0,0.0,0.0,0.0
2019-01-07 12:00:00,winter,10.2442,18.9609,0.235,0.1175,8.7167,0.0,64.39155754707653,18.9609,0.0,0.0,0.0,0.0,0.0,0.0,10.2442,8.7167,0.0,0.0,0.0,0.0,8.7167,0.0,18.9609,0.0,0.0,0.0,0.0,0.0
2019-01-07 13:00:00,winter,10.3216,17.4238,0.235,0.1175,7.1022,0.0,71.12661308492643,17.4238,0.0,0.0,0.0,0.0,0.0,0.0,10.3216,7.1022,0.0,0.0,0.0,0.0,7.1022,0.0,17.4238,0.0,0.0,0.0,0.0,0.0
2019-01-07 14:00:00,winter,10.4439,12.3816,0.235,0.1175,1.9377000000000013,0.0,72.96191310268037,12.3816,0.0,0.0,0.0,0.0,0.0,0.0,10.4439,1.9377000000000013,0.0,0.0,0.0,0.0,1.9377000000000013,0.0,12.3816,0.0,0.0,0.0,0.0,0.0
2019-01-07 15:00:00,winter,10.5995,5.7185,0.235,0.1175,0.0,0.0,72.95887302296775,5.7185,0.0,4.881000000000001,0.0,0.0,0.0,0.0,5.7185,0.0,0.0,0.0,4.881000000000001,0.0,0.0,0.0,5.7185,0.0,4.881000000000001,0.0,0.0,0.0
2019-01-07 16:00:00,winter,10.8205,0.4988,0.235,0.1175,0.0,0.0,72.95583306992512,0.4988,0.0,10.3217,0.0,0.0,0.0,0.0,0.4988,0.0,0.0,0.0,10.3217,0.0,0.0,0.0,0.4988,0.0,10.3217,0.0,0.0,0.0
2019-01-07 17:00:00,winter,11.1535,0.0,0.235,0.1175,0.0,11.1535,61.195971949317865,0.0,0.0,0.0,0.0,0.0,0.0,0.0,0.0,0.0,0.0,0.0,0.0,0.0,0.0,11.1535,0.0,0.0,0.0,0.0,0.0,0.0
2019-01-07 18:00:00,winter,12.3864,0.0,0.235,0.1175,0.0,12.3864,48.137010113850096,0.0,0.0,0.0,0.0,0.0,0.0,0.0,0.0,0.0,0.0,0.0,0.0,0.0,0.0,12.3864,0.0,0.0,0.0,0.0,0.0,0.0
2019-01-07 19:00:00,winter,10.3767,0.0,0.235,0.1175,0.0,10.3767,37.19700220633895,0.0,0.0,0.0,0.0,0.0,0.0,0.0,0.0,0.0,0.0,0.0,0.0,0.0,0.0,10.3767,0.0,0.0,0.0,0.0,0.0,0.0
2019-01-07 20:00:00,winter,10.505,0.0,0.235,0.1175,0.0,10.505,26.122210057890737,0.0,0.0,0.0,0.0,0.0,0.0,0.0,0.0,0.0,0.0,0.0,0.0,0.0,0.0,10.505,0.0,0.0,0.0,0.0,0.0,0.0
2019-01-07 21:00:00,winter,10.2644,0.0,0.195,0.0975,0.0,0.0,26.121121632471656,0.0,0.0,10.2644,0.0,0.0,0.0,0.0,0.0,0.0,0.0,0.0,10.2644,0.0,0.0,0.0,0.0,0.0,10.2644,0.0,0.0,0.0
2019-01-07 22:00:00,winter,9.7741,0.0,0.195,0.0975,0.0,0.0,26.120033252403637,0.0,0.0,9.7741,0.0,0.0,0.0,0.0,0.0,0.0,0.0,0.0,9.7741,0.0,0.0,0.0,0.0,0.0,9.7741,0.0,0.0,0.0
2019-01-07 23:00:00,winter,9.2645,0.0,0.195,0.0975,0.0,0.0,26.118944917684786,0.0,0.0,9.2645,0.0,0.0,0.0,0.0,0.0,0.0,0.0,0.0,9.2645,0.0,0.0,0.0,0.0,0.0,9.2645,0.0,0.0,0.0
2019-01-08 00:00:00,winter,8.7111,0.0,0.195,0.0975,0.0,0.0,26.117856628313213,0.0,0.0,8.7111,0.0,0.0,0.0,0.0,0.0,0.0,0.0,0.0,8.7111,0.0,0.0,0.0,0.0,0.0,8.7111,0.0,0.0,0.0
2019-01-08 01:00:00,winter,8.6102,0.0,0.195,0.0975,0.0,0.0,26.116768384287035,0.0,0.0,8.6102,0.0,0.0,0.0,0.0,0.0,0.0,0.0,0.0,8.6102,0.0,0.0,0.0,0.0,0.0,8.6102,0.0,0.0,0.0
2019-01-08 02:00:00,winter,8.557,0.0,0.195,0.0975,0.0,0.0,26.115680185604354,0.0,0.0,8.557,0.0,0.0,0.0,0.0,0.0,0.0,0.0,0.0,8.557,0.0,0.0,0.0,0.0,0.0,8.557,0.0,0.0,0.0
2019-01-08 03:00:00,winter,8.641,0.0,0.195,0.0975,0.0,0.0,26.114592032263285,0.0,0.0,8.641,0.0,0.0,0.0,0.0,0.0,0.0,0.0,0.0,8.641,0.0,0.0,0.0,0.0,0.0,8.641,0.0,0.0,0.0
2019-01-08 04:00:00,winter,9.037,0.0,0.195,0.0975,0.0,0.0,26.11350392426194,0.0,0.0,9.037,0.0,0.0,0.0,0.0,0.0,0.0,0.0,0.0,9.037,0.0,0.0,0.0,0.0,0.0,9.037,0.0,0.0,0.0
2019-01-08 05:00:00,winter,9.8699,0.0,0.195,0.0975,0.0,0.0,26.11241586159843,0.0,0.0,9.8699,0.0,0.0,0.0,0.0,0.0,0.0,0.0,0.0,9.8699,0.0,0.0,0.0,0.0,0.0,9.8699,0.0,0.0,0.0
2019-01-08 06:00:00,winter,10.8833,0.0,0.195,0.0975,0.0,0.0,26.11132784427086,0.0,0.0,10.8833,0.0,0.0,0.0,0.0,0.0,0.0,0.0,0.0,10.8833,0.0,0.0,0.0,0.0,0.0,10.8833,0.0,0.0,0.0
2019-01-08 07:00:00,winter,10.6171,0.0,0.195,0.0975,0.0,0.0,26.110239872277347,0.0,0.0,10.6171,0.0,0.0,0.0,0.0,0.0,0.0,0.0,0.0,10.6171,0.0,0.0,0.0,0.0,0.0,10.6171,0.0,0.0,0.0
2019-01-08 08:00:00,winter,12.6786,0.4274,0.235,0.1175,0.0,0.0,26.109151945616002,0.4274,0.0,12.251199999999999,0.0,0.0,0.0,0.0,0.4274,0.0,0.0,0.0,12.251199999999999,0.0,0.0,0.0,0.4274,0.0,12.251199999999999,0.0,0.0,0.0
2019-01-08 09:00:00,winter,11.839,4.9451,0.235,0.1175,0.0,0.0,26.10806406428493,4.9451,0.0,6.8939,0.0,0.0,0.0,0.0,4.9451,0.0,0.0,0.0,6.8939,0.0,0.0,0.0,4.9451,0.0,6.8939,0.0,0.0,0.0
2019-01-08 10:00:00,winter,11.1392,11.0096,0.235,0.1175,0.0,0.0,26.106976228282253,11.0096,0.0,0.12959999999999994,0.0,0.0,0.0,0.0,11.0096,0.0,0.0,0.0,0.12959999999999994,0.0,0.0,0.0,11.0096,0.0,0.12959999999999994,0.0,0.0,0.0
2019-01-08 11:00:00,winter,10.8212,16.1599,0.235,0.1175,5.338700000000001,0.0,31.17062396090835,16.1599,0.0,0.0,0.0,0.0,0.0,0.0,10.8212,5.338700000000001,0.0,0.0,0.0,0.0,5.338700000000001,0.0,16.1599,0.0,0.0,0.0,0.0,0.0
2019-01-08 12:00:00,winter,10.7514,18.4833,0.235,0.1175,7.7318999999999996,0.0,38.50444957710675,18.4833,0.0,0.0,0.0,0.0,0.0,0.0,10.7514,7.7318999999999996,0.0,0.0,0.0,0.0,7.7318999999999996,0.0,18.4833,0.0,0.0,0.0,0.0,0.0
2019-01-08 13:00:00,winter,10.7556,16.9953,0.235,0.1175,6.239700000000001,0.0,44.422344399886825,16.9953,0.0,0.0,0.0,0.0,0.0,0.0,10.7556,6.239700000000001,0.0,0.0,0.0,0.0,6.239700000000001,0.0,16.9953,0.0,0.0,0.0,0.0,0.0
2019-01-08 14:00:00,winter,10.7569,12.0828,0.235,0.1175,1.3259000000000007,0.0,45.67835265375534,12.0828,0.0,0.0,0.0,0.0,0.0,0.0,10.7569,1.3259000000000007,0.0,0.0,0.0,0.0,1.3259000000000007,0.0,12.0828,0.0,0.0,0.0,0.0,0.0
2019-01-08 15:00:00,winter,10.7569,5.582,0.235,0.1175,0.0,0.0,45.67644938906143,5.582,0.0,5.1749,0.0,0.0,0.0,0.0,5.582,0.0,0.0,0.0,5.1749,0.0,0.0,0.0,5.582,0.0,5.1749,0.0,0.0,0.0
2019-01-08 16:00:00,winter,10.8051,0.4869,0.235,0.1175,0.0,0.0,45.67454620367022,0.4869,0.0,10.3182,0.0,0.0,0.0,0.0,0.4869,0.0,0.0,0.0,10.3182,0.0,0.0,0.0,0.4869,0.0,10.3182,0.0,0.0,0.0
2019-01-08 17:00:00,winter,10.9669,0.0,0.235,0.1175,0.0,10.9669,34.11251547381153,0.0,0.0,0.0,0.0,0.0,0.0,0.0,0.0,0.0,0.0,0.0,0.0,0.0,0.0,10.9669,0.0,0.0,0.0,0.0,0.0,0.0
2019-01-08 18:00:00,winter,12.0492,0.0,0.235,0.1175,0.0,12.0492,21.410122124699832,0.0,0.0,0.0,0.0,0.0,0.0,0.0,0.0,0.0,0.0,0.0,0.0,0.0,0.0,12.0492,0.0,0.0,0.0,0.0,0.0,0.0
2019-01-08 19:00:00,winter,9.9261,0.0,0.235,0.1175,0.0,9.9261,10.946201942078854,0.0,0.0,0.0,0.0,0.0,0.0,0.0,0.0,0.0,0.0,0.0,0.0,0.0,0.0,9.9261,0.0,0.0,0.0,0.0,0.0,0.0
2019-01-08 20:00:00,winter,9.9905,0.0,0.235,0.1175,0.0,2.6886976068236192,8.11160972466243,0.0,0.0,7.301802393176382,0.0,0.0,0.0,0.0,0.0,0.0,0.0,0.0,7.301802393176382,0.0,0.0,2.6886976068236192,0.0,0.0,7.301802393176382,0.0,0.0,0.0
2019-01-08 21:00:00,winter,9.7426,0.0,0.195,0.0975,0.0,0.0,8.1112717409239,0.0,0.0,9.7426,0.0,0.0,0.0,0.0,0.0,0.0,0.0,0.0,9.7426,0.0,0.0,0.0,0.0,0.0,9.7426,0.0,0.0,0.0
2019-01-08 22:00:00,winter,9.3025,0.0,0.195,0.0975,0.0,0.0,8.11093377126803,0.0,0.0,9.3025,0.0,0.0,0.0,0.0,0.0,0.0,0.0,0.0,9.3025,0.0,0.0,0.0,0.0,0.0,9.3025,0.0,0.0,0.0
2019-01-08 23:00:00,winter,8.8951,0.0,0.195,0.0975,0.0,0.0,8.110595815694227,0.0,0.0,8.8951,0.0,0.0,0.0,0.0,0.0,0.0,0.0,0.0,8.8951,0.0,0.0,0.0,0.0,0.0,8.8951,0.0,0.0,0.0
2019-01-09 00:00:00,winter,8.4765,0.0,0.195,0.0975,0.0,0.0,8.110257874201906,0.0,0.0,8.4765,0.0,0.0,0.0,0.0,0.0,0.0,0.0,0.0,8.4765,0.0,0.0,0.0,0.0,0.0,8.4765,0.0,0.0,0.0
2019-01-09 01:00:00,winter,8.5425,0.0,0.195,0.0975,0.0,0.0,8.10991994679048,0.0,0.0,8.5425,0.0,0.0,0.0,0.0,0.0,0.0,0.0,0.0,8.5425,0.0,0.0,0.0,0.0,0.0,8.5425,0.0,0.0,0.0
2019-01-09 02:00:00,winter,8.6636,0.0,0.195,0.0975,0.0,0.0,8.109582033459365,0.0,0.0,8.6636,0.0,0.0,0.0,0.0,0.0,0.0,0.0,0.0,8.6636,0.0,0.0,0.0,0.0,0.0,8.6636,0.0,0.0,0.0
2019-01-09 03:00:00,winter,8.9103,0.0,0.195,0.0975,0.0,0.0,8.10924413420797,0.0,0.0,8.9103,0.0,0.0,0.0,0.0,0.0,0.0,0.0,0.0,8.9103,0.0,0.0,0.0,0.0,0.0,8.9103,0.0,0.0,0.0
2019-01-09 04:00:00,winter,9.4393,0.0,0.195,0.0975,0.0,0.0,8.10890624903571,0.0,0.0,9.4393,0.0,0.0,0.0,0.0,0.0,0.0,0.0,0.0,9.4393,0.0,0.0,0.0,0.0,0.0,9.4393,0.0,0.0,0.0
2019-01-09 05:00:00,winter,10.3609,0.0,0.195,0.0975,0.0,0.0,8.108568377942001,0.0,0.0,10.3609,0.0,0.0,0.0,0.0,0.0,0.0,0.0,0.0,10.3609,0.0,0.0,0.0,0.0,0.0,10.3609,0.0,0.0,0.0
2019-01-09 06:00:00,winter,11.4089,0.0,0.195,0.0975,0.0,0.0,8.108230520926254,0.0,0.0,11.4089,0.0,0.0,0.0,0.0,0.0,0.0,0.0,0.0,11.4089,0.0,0.0,0.0,0.0,0.0,11.4089,0.0,0.0,0.0
2019-01-09 07:00:00,winter,11.1195,0.0,0.195,0.0975,0.0,0.0,8.10789267798788,0.0,0.0,11.1195,0.0,0.0,0.0,0.0,0.0,0.0,0.0,0.0,11.1195,0.0,0.0,0.0,0.0,0.0,11.1195,0.0,0.0,0.0
2019-01-09 08:00:00,winter,13.1024,0.3363,0.235,0.1175,0.0,0.0,8.107554849126297,0.3363,0.0,12.7661,0.0,0.0,0.0,0.0,0.3363,0.0,0.0,0.0,12.7661,0.0,0.0,0.0,0.3363,0.0,12.7661,0.0,0.0,0.0
2019-01-09 09:00:00,winter,12.1376,3.8981,0.235,0.1175,0.0,0.0,8.107217034340916,3.8981,0.0,8.239500000000001,0.0,0.0,0.0,0.0,3.8981,0.0,0.0,0.0,8.239500000000001,0.0,0.0,0.0,3.8981,0.0,8.239500000000001,0.0,0.0,0.0
2019-01-09 10:00:00,winter,11.2798,8.7172,0.235,0.1175,0.0,0.0,8.106879233631153,8.7172,0.0,2.5625999999999998,0.0,0.0,0.0,0.0,8.7172,0.0,0.0,0.0,2.5625999999999998,0.0,0.0,0.0,8.7172,0.0,2.5625999999999998,0.0,0.0,0.0
2019-01-09 11:00:00,winter,10.7882,12.8727,0.235,0.1175,2.0845000000000002,0.0,10.084071781782715,12.8727,0.0,0.0,0.0,0.0,0.0,0.0,10.7882,2.0845000000000002,0.0,0.0,0.0,0.0,2.0845000000000002,0.0,12.8727,0.0,0.0,0.0,0.0,0.0
2019-01-09 12:00:00,winter,10.5486,14.8199,0.235,0.1175,4.2713,0.0,14.1357625830883,14.8199,0.0,0.0,0.0,0.0,0.0,0.0,10.5486,4.2713,0.0,0.0,0.0,0.0,4.2713,0.0,14.8199,0.0,0.0,0.0,0.0,0.0
2019-01-09 13:00:00,winter,10.4051,13.7081,0.235,0.1175,3.303000000000001,0.0,17.268674526441515,13.7081,0.0,0.0,0.0,0.0,0.0,0.0,10.4051,3.303000000000001,0.0,0.0,0.0,0.0,3.303000000000001,0.0,13.7081,0.0,0.0,0.0,0.0,0.0
2019-01-09 14:00:00,winter,10.2974,9.7904,0.235,0.1175,0.0,0.0,17.267954998336247,9.7904,0.0,0.5069999999999997,0.0,0.0,0.0,0.0,9.7904,0.0,0.0,0.0,0.5069999999999997,0.0,0.0,0.0,9.7904,0.0,0.5069999999999997,0.0,0.0,0.0
2019-01-09 15:00:00,winter,10.239,4.5349,0.235,0.1175,0.0,0.0,17.267235500211317,4.5349,0.0,5.7041,0.0,0.0,0.0,0.0,4.5349,0.0,0.0,0.0,5.7041,0.0,0.0,0.0,4.5349,0.0,5.7041,0.0,0.0,0.0
2019-01-09 16:00:00,winter,10.2858,0.3957,0.235,0.1175,0.0,0.0,17.266516032065475,0.3957,0.0,9.8901,0.0,0.0,0.0,0.0,0.3957,0.0,0.0,0.0,9.8901,0.0,0.0,0.0,0.3957,0.0,9.8901,0.0,0.0,0.0
2019-01-09 17:00:00,winter,10.5033,0.0,0.235,0.1175,0.0,8.683462191327894,8.112623760379815,0.0,0.0,1.8198378086721057,0.0,0.0,0.0,0.0,0.0,0.0,0.0,0.0,1.8198378086721057,0.0,0.0,8.683462191327894,0.0,0.0,1.8198378086721057,0.0,0.0,0.0
2019-01-09 18:00:00,winter,11.6924,0.0,0.235,0.1175,0.0,0.0,8.112285734389799,0.0,0.0,11.6924,0.0,0.0,0.0,0.0,0.0,0.0,0.0,0.0,11.6924,0.0,0.0,0.0,0.0,0.0,11.6924,0.0,0.0,0.0
2019-01-09 19:00:00,winter,9.7154,0.0,0.235,0.1175,0.0,0.0,8.1119477224842,0.0,0.0,9.7154,0.0,0.0,0.0,0.0,0.0,0.0,0.0,0.0,9.7154,0.0,0.0,0.0,0.0,0.0,9.7154,0.0,0.0,0.0
2019-01-09 20:00:00,winter,9.949,0.0,0.235,0.1175,0.0,0.0,8.11160972466243,0.0,0.0,9.949,0.0,0.0,0.0,0.0,0.0,0.0,0.0,0.0,9.949,0.0,0.0,0.0,0.0,0.0,9.949,0.0,0.0,0.0
2019-01-09 21:00:00,winter,9.875,0.0,0.195,0.0975,0.0,0.0,8.1112717409239,0.0,0.0,9.875,0.0,0.0,0.0,0.0,0.0,0.0,0.0,0.0,9.875,0.0,0.0,0.0,0.0,0.0,9.875,0.0,0.0,0.0
2019-01-09 22:00:00,winter,9.5941,0.0,0.195,0.0975,0.0,0.0,8.11093377126803,0.0,0.0,9.5941,0.0,0.0,0.0,0.0,0.0,0.0,0.0,0.0,9.5941,0.0,0.0,0.0,0.0,0.0,9.5941,0.0,0.0,0.0
2019-01-09 23:00:00,winter,9.3138,0.0,0.195,0.0975,0.0,0.0,8.110595815694227,0.0,0.0,9.3138,0.0,0.0,0.0,0.0,0.0,0.0,0.0,0.0,9.3138,0.0,0.0,0.0,0.0,0.0,9.3138,0.0,0.0,0.0
2019-01-10 00:00:00,winter,8.9735,0.0,0.195,0.0975,0.0,0.0,8.110257874201906,0.0,0.0,8.9735,0.0,0.0,0.0,0.0,0.0,0.0,0.0,0.0,8.9735,0.0,0.0,0.0,0.0,0.0,8.9735,0.0,0.0,0.0
2019-01-10 01:00:00,winter,9.0684,0.0,0.195,0.0975,0.0,0.0,8.10991994679048,0.0,0.0,9.0684,0.0,0.0,0.0,0.0,0.0,0.0,0.0,0.0,9.0684,0.0,0.0,0.0,0.0,0.0,9.0684,0.0,0.0,0.0
2019-01-10 02:00:00,winter,9.1606,0.0,0.195,0.0975,0.0,0.0,8.109582033459365,0.0,0.0,9.1606,0.0,0.0,0.0,0.0,0.0,0.0,0.0,0.0,9.1606,0.0,0.0,0.0,0.0,0.0,9.1606,0.0,0.0,0.0
2019-01-10 03:00:00,winter,9.3236,0.0,0.195,0.0975,0.0,0.0,8.10924413420797,0.0,0.0,9.3236,0.0,0.0,0.0,0.0,0.0,0.0,0.0,0.0,9.3236,0.0,0.0,0.0,0.0,0.0,9.3236,0.0,0.0,0.0
2019-01-10 04:00:00,winter,9.7233,0.0,0.195,0.0975,0.0,0.0,8.10890624903571,0.0,0.0,9.7233,0.0,0.0,0.0,0.0,0.0,0.0,0.0,0.0,9.7233,0.0,0.0,0.0,0.0,0.0,9.7233,0.0,0.0,0.0
2019-01-10 05:00:00,winter,10.4845,0.0,0.195,0.0975,0.0,0.0,8.108568377942001,0.0,0.0,10.4845,0.0,0.0,0.0,0.0,0.0,0.0,0.0,0.0,10.4845,0.0,0.0,0.0,0.0,0.0,10.4845,0.0,0.0,0.0
2019-01-10 06:00:00,winter,11.3585,0.0,0.195,0.0975,0.0,0.0,8.108230520926254,0.0,0.0,11.358500000000006,0.0,0.0,0.0,0.0,0.0,0.0,0.0,0.0,11.358500000000006,0.0,0.0,0.0,0.0,0.0,11.358500000000006,0.0,0.0,0.0
2019-01-10 07:00:00,winter,10.9006,0.0,0.195,0.0975,0.0,0.0,8.10789267798788,0.0,0.0,10.9006,0.0,0.0,0.0,0.0,0.0,0.0,0.0,0.0,10.9006,0.0,0.0,0.0,0.0,0.0,10.9006,0.0,0.0,0.0
2019-01-10 08:00:00,winter,12.7391,0.2737,0.235,0.1175,0.0,0.0,8.107554849126297,0.2737,0.0,12.4654,0.0,0.0,0.0,0.0,0.2737,0.0,0.0,0.0,12.4654,0.0,0.0,0.0,0.2737,0.0,12.4654,0.0,0.0,0.0
2019-01-10 09:00:00,winter,11.6699,3.1439,0.235,0.1175,0.0,0.0,8.107217034340916,3.1439,0.0,8.526,0.0,0.0,0.0,0.0,3.1439,0.0,0.0,0.0,8.526,0.0,0.0,0.0,3.1439,0.0,8.526,0.0,0.0,0.0
2019-01-10 10:00:00,winter,10.7592,7.0598,0.235,0.1175,0.0,0.0,8.106879233631153,7.0598,0.0,3.6994,0.0,0.0,0.0,0.0,7.0598,0.0,0.0,0.0,3.6994,0.0,0.0,0.0,7.0598,0.0,3.6994,0.0,0.0,0.0
2019-01-10 11:00:00,winter,10.272,10.4962,0.235,0.1175,0.22419999999999973,0.0,8.319236242419343,10.4962,0.0,0.0,0.0,0.0,0.0,0.0,10.272,0.22419999999999973,0.0,0.0,0.0,0.0,0.22419999999999973,0.0,10.4962,0.0,0.0,0.0,0.0,0.0
2019-01-10 12:00:00,winter,10.0936,12.1714,0.235,0.1175,2.0778,0.0,10.290063764265266,12.1714,0.0,0.0,0.0,0.0,0.0,0.0,10.0936,2.0778,0.0,0.0,0.0,0.0,2.0778,0.0,12.1714,0.0,0.0,0.0,0.0,0.0
2019-01-10 13:00:00,winter,10.0614,11.3316,0.235,0.1175,1.270199999999999,0.0,11.494652536792183,11.3316,0.0,0.0,0.0,0.0,0.0,0.0,10.0614,1.270199999999999,0.0,0.0,0.0,0.0,1.270199999999999,0.0,11.3316,0.0,0.0,0.0,0.0,0.0
2019-01-10 14:00:00,winter,10.1029,8.133,0.235,0.1175,0.0,0.0,11.494173592936482,8.133,0.0,1.9699000000000009,0.0,0.0,0.0,0.0,8.133,0.0,0.0,0.0,1.9699000000000009,0.0,0.0,0.0,8.133,0.0,1.9699000000000009,0.0,0.0,0.0
2019-01-10 15:00:00,winter,10.215,3.778,0.235,0.1175,0.0,0.0,11.493694669036776,3.778,0.0,6.436999999999999,0.0,0.0,0.0,0.0,3.778,0.0,0.0,0.0,6.436999999999999,0.0,0.0,0.0,3.778,0.0,6.436999999999999,0.0,0.0,0.0
2019-01-10 16:00:00,winter,10.435,0.3299,0.235,0.1175,0.0,0.0,11.49321576509223,0.3299,0.0,10.1051,0.0,0.0,0.0,0.0,0.3299,0.0,0.0,0.0,10.1051,0.0,0.0,0.0,0.3299,0.0,10.1051,0.0,0.0,0.0
2019-01-10 17:00:00,winter,10.8094,0.0,0.235,0.1175,0.0,3.2066568631505534,8.112623760379815,0.0,0.0,7.602743136849447,0.0,0.0,0.0,0.0,0.0,0.0,0.0,0.0,7.602743136849447,0.0,0.0,3.2066568631505534,0.0,0.0,7.602743136849447,0.0,0.0,0.0
2019-01-10 18:00:00,winter,12.1216,0.0,0.235,0.1175,0.0,0.0,8.112285734389799,0.0,0.0,12.1216,0.0,0.0,0.0,0.0,0.0,0.0,0.0,0.0,12.1216,0.0,0.0,0.0,0.0,0.0,12.1216,0.0,0.0,0.0
2019-01-10 19:00:00,winter,10.2203,0.0,0.235,0.1175,0.0,0.0,8.1119477224842,0.0,0.0,10.2203,0.0,0.0,0.0,0.0,0.0,0.0,0.0,0.0,10.2203,0.0,0.0,0.0,0.0,0.0,10.2203,0.0,0.0,0.0
2019-01-10 20:00:00,winter,10.4742,0.0,0.235,0.1175,0.0,0.0,8.11160972466243,0.0,0.0,10.4742,0.0,0.0,0.0,0.0,0.0,0.0,0.0,0.0,10.4742,0.0,0.0,0.0,0.0,0.0,10.4742,0.0,0.0,0.0
2019-01-10 21:00:00,winter,10.3626,0.0,0.195,0.0975,0.0,0.0,8.1112717409239,0.0,0.0,10.3626,0.0,0.0,0.0,0.0,0.0,0.0,0.0,0.0,10.3626,0.0,0.0,0.0,0.0,0.0,10.3626,0.0,0.0,0.0
2019-01-10 22:00:00,winter,9.9905,0.0,0.195,0.0975,0.0,0.0,8.11093377126803,0.0,0.0,9.9905,0.0,0.0,0.0,0.0,0.0,0.0,0.0,0.0,9.9905,0.0,0.0,0.0,0.0,0.0,9.9905,0.0,0.0,0.0
2019-01-10 23:00:00,winter,9.5754,0.0,0.195,0.0975,0.0,0.0,8.110595815694227,0.0,0.0,9.5754,0.0,0.0,0.0,0.0,0.0,0.0,0.0,0.0,9.5754,0.0,0.0,0.0,0.0,0.0,9.5754,0.0,0.0,0.0
2019-01-11 00:00:00,winter,9.08,0.0,0.195,0.0975,0.0,0.0,8.110257874201906,0.0,0.0,9.08,0.0,0.0,0.0,0.0,0.0,0.0,0.0,0.0,9.08,0.0,0.0,0.0,0.0,0.0,9.08,0.0,0.0,0.0
2019-01-11 01:00:00,winter,9.0006,0.0,0.195,0.0975,0.0,0.0,8.10991994679048,0.0,0.0,9.0006,0.0,0.0,0.0,0.0,0.0,0.0,0.0,0.0,9.0006,0.0,0.0,0.0,0.0,0.0,9.0006,0.0,0.0,0.0
2019-01-11 02:00:00,winter,8.9258,0.0,0.195,0.0975,0.0,0.0,8.109582033459365,0.0,0.0,8.9258,0.0,0.0,0.0,0.0,0.0,0.0,0.0,0.0,8.9258,0.0,0.0,0.0,0.0,0.0,8.9258,0.0,0.0,0.0
2019-01-11 03:00:00,winter,8.9478,0.0,0.195,0.0975,0.0,0.0,8.10924413420797,0.0,0.0,8.9478,0.0,0.0,0.0,0.0,0.0,0.0,0.0,0.0,8.9478,0.0,0.0,0.0,0.0,0.0,8.9478,0.0,0.0,0.0
2019-01-11 04:00:00,winter,9.2479,0.0,0.195,0.0975,0.0,0.0,8.10890624903571,0.0,0.0,9.2479,0.0,0.0,0.0,0.0,0.0,0.0,0.0,0.0,9.2479,0.0,0.0,0.0,0.0,0.0,9.2479,0.0,0.0,0.0
2019-01-11 05:00:00,winter,9.9617,0.0,0.195,0.0975,0.0,0.0,8.108568377942001,0.0,0.0,9.9617,0.0,0.0,0.0,0.0,0.0,0.0,0.0,0.0,9.9617,0.0,0.0,0.0,0.0,0.0,9.9617,0.0,0.0,0.0
2019-01-11 06:00:00,winter,10.8459,0.0,0.195,0.0975,0.0,0.0,8.108230520926254,0.0,0.0,10.8459,0.0,0.0,0.0,0.0,0.0,0.0,0.0,0.0,10.8459,0.0,0.0,0.0,0.0,0.0,10.8459,0.0,0.0,0.0
2019-01-11 07:00:00,winter,10.4546,0.0,0.195,0.0975,0.0,0.0,8.10789267798788,0.0,0.0,10.4546,0.0,0.0,0.0,0.0,0.0,0.0,0.0,0.0,10.4546,0.0,0.0,0.0,0.0,0.0,10.4546,0.0,0.0,0.0
2019-01-11 08:00:00,winter,12.4089,0.3053,0.235,0.1175,0.0,0.0,8.107554849126297,0.3053,0.0,12.103599999999998,0.0,0.0,0.0,0.0,0.3053,0.0,0.0,0.0,12.103599999999998,0.0,0.0,0.0,0.3053,0.0,12.103599999999998,0.0,0.0,0.0
2019-01-11 09:00:00,winter,11.4918,3.5422,0.235,0.1175,0.0,0.0,8.107217034340916,3.5422,0.0,7.9496,0.0,0.0,0.0,0.0,3.5422,0.0,0.0,0.0,7.9496,0.0,0.0,0.0,3.5422,0.0,7.9496,0.0,0.0,0.0
2019-01-11 10:00:00,winter,10.7527,7.938,0.235,0.1175,0.0,0.0,8.106879233631153,7.938,0.0,2.814700000000001,0.0,0.0,0.0,0.0,7.938,0.0,0.0,0.0,2.814700000000001,0.0,0.0,0.0,7.938,0.0,2.814700000000001,0.0,0.0,0.0
2019-01-11 11:00:00,winter,10.4379,11.7555,0.235,0.1175,1.3175999999999988,0.0,9.356526560507774,11.7555,0.0,0.0,0.0,0.0,0.0,0.0,10.4379,1.3175999999999988,0.0,0.0,0.0,0.0,1.3175999999999988,0.0,11.7555,0.0,0.0,0.0,0.0,0.0
2019-01-11 12:00:00,winter,10.4137,13.5748,0.235,0.1175,3.1610999999999994,0.0,12.355019478701898,13.5748,0.0,0.0,0.0,0.0,0.0,0.0,10.4137,3.1610999999999994,0.0,0.0,0.0,0.0,3.1610999999999994,0.0,13.5748,0.0,0.0,0.0,0.0,0.0
2019-01-11 13:00:00,winter,10.5004,12.5909,0.235,0.1175,2.0904999999999987,0.0,14.337727120798217,12.5909,0.0,0.0,0.0,0.0,0.0,0.0,10.5004,2.0904999999999987,0.0,0.0,0.0,0.0,2.0904999999999987,0.0,12.5909,0.0,0.0,0.0,0.0,0.0
2019-01-11 14:00:00,winter,10.6125,9.0112,0.235,0.1175,0.0,0.0,14.337129715501517,9.0112,0.0,1.6013000000000002,0.0,0.0,0.0,0.0,9.0112,0.0,0.0,0.0,1.6013000000000002,0.0,0.0,0.0,9.0112,0.0,1.6013000000000002,0.0,0.0,0.0
2019-01-11 15:00:00,winter,10.7391,4.1791,0.235,0.1175,0.0,0.0,14.336532335096704,4.1791,0.0,6.5600000000000005,0.0,0.0,0.0,0.0,4.1791,0.0,0.0,0.0,6.5600000000000005,0.0,0.0,0.0,4.1791,0.0,6.5600000000000005,0.0,0.0,0.0
2019-01-11 16:00:00,winter,10.9159,0.3648,0.235,0.1175,0.0,0.0,14.335934979582735,0.3648,0.0,10.5511,0.0,0.0,0.0,0.0,0.3648,0.0,0.0,0.0,10.5511,0.0,0.0,0.0,0.3648,0.0,10.5511,0.0,0.0,0.0
2019-01-11 17:00:00,winter,11.194,0.0,0.235,0.1175,0.0,5.903384734641644,8.112623760379815,0.0,0.0,5.2906152653583565,0.0,0.0,0.0,0.0,0.0,0.0,0.0,0.0,5.2906152653583565,0.0,0.0,5.903384734641644,0.0,0.0,5.2906152653583565,0.0,0.0,0.0
2019-01-11 18:00:00,winter,12.3677,0.0,0.235,0.1175,0.0,0.0,8.112285734389799,0.0,0.0,12.3677,0.0,0.0,0.0,0.0,0.0,0.0,0.0,0.0,12.3677,0.0,0.0,0.0,0.0,0.0,12.3677,0.0,0.0,0.0
2019-01-11 19:00:00,winter,10.3009,0.0,0.235,0.1175,0.0,0.0,8.1119477224842,0.0,0.0,10.3009,0.0,0.0,0.0,0.0,0.0,0.0,0.0,0.0,10.3009,0.0,0.0,0.0,0.0,0.0,10.3009,0.0,0.0,0.0
2019-01-11 20:00:00,winter,10.3803,0.0,0.235,0.1175,0.0,0.0,8.11160972466243,0.0,0.0,10.3803,0.0,0.0,0.0,0.0,0.0,0.0,0.0,0.0,10.3803,0.0,0.0,0.0,0.0,0.0,10.3803,0.0,0.0,0.0
2019-01-11 21:00:00,winter,10.1046,0.0,0.195,0.0975,0.0,0.0,8.1112717409239,0.0,0.0,10.1046,0.0,0.0,0.0,0.0,0.0,0.0,0.0,0.0,10.1046,0.0,0.0,0.0,0.0,0.0,10.1046,0.0,0.0,0.0
2019-01-11 22:00:00,winter,9.5968,0.0,0.195,0.0975,0.0,0.0,8.11093377126803,0.0,0.0,9.5968,0.0,0.0,0.0,0.0,0.0,0.0,0.0,0.0,9.5968,0.0,0.0,0.0,0.0,0.0,9.5968,0.0,0.0,0.0
2019-01-11 23:00:00,winter,9.0892,0.0,0.195,0.0975,0.0,0.0,8.110595815694227,0.0,0.0,9.0892,0.0,0.0,0.0,0.0,0.0,0.0,0.0,0.0,9.0892,0.0,0.0,0.0,0.0,0.0,9.0892,0.0,0.0,0.0
2019-01-12 00:00:00,winter,8.5556,0.0,0.195,0.0975,0.0,0.0,8.110257874201906,0.0,0.0,8.5556,0.0,0.0,0.0,0.0,0.0,0.0,0.0,0.0,8.5556,0.0,0.0,0.0,0.0,0.0,8.5556,0.0,0.0,0.0
2019-01-12 01:00:00,winter,8.4921,0.0,0.195,0.0975,0.0,0.0,8.10991994679048,0.0,0.0,8.4921,0.0,0.0,0.0,0.0,0.0,0.0,0.0,0.0,8.4921,0.0,0.0,0.0,0.0,0.0,8.4921,0.0,0.0,0.0
2019-01-12 02:00:00,winter,8.4894,0.0,0.195,0.0975,0.0,0.0,8.109582033459365,0.0,0.0,8.4894,0.0,0.0,0.0,0.0,0.0,0.0,0.0,0.0,8.4894,0.0,0.0,0.0,0.0,0.0,8.4894,0.0,0.0,0.0
2019-01-12 03:00:00,winter,8.6314,0.0,0.195,0.0975,0.0,0.0,8.10924413420797,0.0,0.0,8.6314,0.0,0.0,0.0,0.0,0.0,0.0,0.0,0.0,8.6314,0.0,0.0,0.0,0.0,0.0,8.6314,0.0,0.0,0.0
2019-01-12 04:00:00,winter,9.0863,0.0,0.195,0.0975,0.0,0.0,8.10890624903571,0.0,0.0,9.0863,0.0,0.0,0.0,0.0,0.0,0.0,0.0,0.0,9.0863,0.0,0.0,0.0,0.0,0.0,9.0863,0.0,0.0,0.0
2019-01-12 05:00:00,winter,9.9728,0.0,0.195,0.0975,0.0,0.0,8.108568377942001,0.0,0.0,9.9728,0.0,0.0,0.0,0.0,0.0,0.0,0.0,0.0,9.9728,0.0,0.0,0.0,0.0,0.0,9.9728,0.0,0.0,0.0
2019-01-12 06:00:00,winter,11.0284,0.0,0.195,0.0975,0.0,0.0,8.108230520926254,0.0,0.0,11.0284,0.0,0.0,0.0,0.0,0.0,0.0,0.0,0.0,11.0284,0.0,0.0,0.0,0.0,0.0,11.0284,0.0,0.0,0.0
2019-01-12 07:00:00,winter,10.7884,0.0,0.195,0.0975,0.0,0.0,8.10789267798788,0.0,0.0,10.7884,0.0,0.0,0.0,0.0,0.0,0.0,0.0,0.0,10.7884,0.0,0.0,0.0,0.0,0.0,10.7884,0.0,0.0,0.0
2019-01-12 08:00:00,winter,12.8573,0.401,0.235,0.1175,0.0,0.0,8.107554849126297,0.401,0.0,12.4563,0.0,0.0,0.0,0.0,0.401,0.0,0.0,0.0,12.4563,0.0,0.0,0.0,0.401,0.0,12.4563,0.0,0.0,0.0
2019-01-12 09:00:00,winter,12.0054,4.6414,0.235,0.1175,0.0,0.0,8.107217034340916,4.6414,0.0,7.364,0.0,0.0,0.0,0.0,4.6414,0.0,0.0,0.0,7.364,0.0,0.0,0.0,4.6414,0.0,7.364,0.0,0.0,0.0
2019-01-12 10:00:00,winter,11.275,10.3447,0.235,0.1175,0.0,0.0,8.106879233631153,10.3447,0.0,0.9303000000000008,0.0,0.0,0.0,0.0,10.3447,0.0,0.0,0.0,0.9303000000000008,0.0,0.0,0.0,10.3447,0.0,0.9303000000000008,0.0,0.0,0.0
2019-01-12 11:00:00,winter,10.9114,15.2065,0.235,0.1175,4.2951,0.0,12.18123108045318,15.2065,0.0,0.0,0.0,0.0,0.0,0.0,10.9114,4.2951,0.0,0.0,0.0,0.0,4.2951,0.0,15.2065,0.0,0.0,0.0,0.0,0.0
2019-01-12 12:00:00,winter,10.7862,17.4209,0.235,0.1175,6.6347000000000005,0.0,18.474952606733908,17.4209,0.0,0.0,0.0,0.0,0.0,0.0,10.7862,6.6347000000000005,0.0,0.0,0.0,0.0,6.6347000000000005,0.0,17.4209,0.0,0.0,0.0,0.0,0.0
2019-01-12 13:00:00,winter,10.731,16.0419,0.235,0.1175,5.310899999999998,0.0,23.512544944658433,16.0419,0.0,0.0,0.0,0.0,0.0,0.0,10.731,5.310899999999998,0.0,0.0,0.0,0.0,5.310899999999998,0.0,16.0419,0.0,0.0,0.0,0.0,0.0
2019-01-12 14:00:00,winter,10.6757,11.4179,0.235,0.1175,0.7421999999999986,0.0,24.21567799909883,11.4179,0.0,0.0,0.0,0.0,0.0,0.0,10.6757,0.7421999999999986,0.0,0.0,0.0,0.0,0.7421999999999986,0.0,11.4179,0.0,0.0,0.0,0.0,0.0
2019-01-12 15:00:00,winter,10.628,5.2783,0.235,0.1175,0.0,0.0,24.214669012515532,5.2783,0.0,5.3497,0.0,0.0,0.0,0.0,5.2783,0.0,0.0,0.0,5.3497,0.0,0.0,0.0,5.2783,0.0,5.3497,0.0,0.0,0.0
2019-01-12 16:00:00,winter,10.6427,0.4605,0.235,0.1175,0.0,0.0,24.213660067973343,0.4605,0.0,10.1822,0.0,0.0,0.0,0.0,0.4605,0.0,0.0,0.0,10.1822,0.0,0.0,0.0,0.4605,0.0,10.1822,0.0,0.0,0.0
2019-01-12 17:00:00,winter,10.7889,0.0,0.235,0.1175,0.0,10.7889,12.840152016206966,0.0,0.0,0.0,0.0,0.0,0.0,0.0,0.0,0.0,0.0,0.0,0.0,0.0,0.0,10.7889,0.0,0.0,0.0,0.0,0.0,0.0
2019-01-12 18:00:00,winter,11.8752,0.0,0.235,0.1175,0.0,4.485060891652079,8.11194772248421,0.0,0.0,7.39013910834792,0.0,0.0,0.0,0.0,0.0,0.0,0.0,0.0,7.39013910834792,0.0,0.0,4.485060891652079,0.0,0.0,7.39013910834792,0.0,0.0,0.0
2019-01-12 19:00:00,winter,9.7752,0.0,0.235,0.1175,0.0,0.0,8.11160972466243,0.0,0.0,9.775200000000012,0.0,0.0,0.0,0.0,0.0,0.0,0.0,0.0,9.775200000000012,0.0,0.0,0.0,0.0,0.0,9.775200000000012,0.0,0.0,0.0
2019-01-12 20:00:00,winter,9.8793,0.0,0.235,0.1175,0.0,0.0,8.111271740923902,0.0,0.0,9.8793,0.0,0.0,0.0,0.0,0.0,0.0,0.0,0.0,9.8793,0.0,0.0,0.0,0.0,0.0,9.8793,0.0,0.0,0.0
2019-01-12 21:00:00,winter,9.6834,0.0,0.195,0.0975,0.0,0.0,8.11093377126803,0.0,0.0,9.6834,0.0,0.0,0.0,0.0,0.0,0.0,0.0,0.0,9.6834,0.0,0.0,0.0,0.0,0.0,9.6834,0.0,0.0,0.0
2019-01-12 22:00:00,winter,9.3018,0.0,0.195,0.0975,0.0,0.0,8.110595815694227,0.0,0.0,9.3018,0.0,0.0,0.0,0.0,0.0,0.0,0.0,0.0,9.3018,0.0,0.0,0.0,0.0,0.0,9.3018,0.0,0.0,0.0
2019-01-12 23:00:00,winter,8.953,0.0,0.195,0.0975,0.0,0.0,8.110257874201906,0.0,0.0,8.953,0.0,0.0,0.0,0.0,0.0,0.0,0.0,0.0,8.953,0.0,0.0,0.0,0.0,0.0,8.953,0.0,0.0,0.0
2019-01-13 00:00:00,winter,8.5842,0.0,0.195,0.0975,0.0,0.0,8.10991994679048,0.0,0.0,8.5842,0.0,0.0,0.0,0.0,0.0,0.0,0.0,0.0,8.5842,0.0,0.0,0.0,0.0,0.0,8.5842,0.0,0.0,0.0
2019-01-13 01:00:00,winter,8.691,0.0,0.195,0.0975,0.0,0.0,8.109582033459365,0.0,0.0,8.691,0.0,0.0,0.0,0.0,0.0,0.0,0.0,0.0,8.691,0.0,0.0,0.0,0.0,0.0,8.691,0.0,0.0,0.0
2019-01-13 02:00:00,winter,8.8366,0.0,0.195,0.0975,0.0,0.0,8.10924413420797,0.0,0.0,8.8366,0.0,0.0,0.0,0.0,0.0,0.0,0.0,0.0,8.8366,0.0,0.0,0.0,0.0,0.0,8.8366,0.0,0.0,0.0
2019-01-13 03:00:00,winter,9.0887,0.0,0.195,0.0975,0.0,0.0,8.10890624903571,0.0,0.0,9.0887,0.0,0.0,0.0,0.0,0.0,0.0,0.0,0.0,9.0887,0.0,0.0,0.0,0.0,0.0,9.0887,0.0,0.0,0.0
2019-01-13 04:00:00,winter,9.6034,0.0,0.195,0.0975,0.0,0.0,8.108568377942001,0.0,0.0,9.6034,0.0,0.0,0.0,0.0,0.0,0.0,0.0,0.0,9.6034,0.0,0.0,0.0,0.0,0.0,9.6034,0.0,0.0,0.0
2019-01-13 05:00:00,winter,10.4928,0.0,0.195,0.0975,0.0,0.0,8.108230520926254,0.0,0.0,10.4928,0.0,0.0,0.0,0.0,0.0,0.0,0.0,0.0,10.4928,0.0,0.0,0.0,0.0,0.0,10.4928,0.0,0.0,0.0
2019-01-13 06:00:00,winter,11.4939,0.0,0.195,0.0975,0.0,0.0,8.107892677987882,0.0,0.0,11.4939,0.0,0.0,0.0,0.0,0.0,0.0,0.0,0.0,11.4939,0.0,0.0,0.0,0.0,0.0,11.4939,0.0,0.0,0.0
2019-01-13 07:00:00,winter,11.1484,0.0,0.195,0.0975,0.0,0.0,8.107554849126299,0.0,0.0,11.1484,0.0,0.0,0.0,0.0,0.0,0.0,0.0,0.0,11.1484,0.0,0.0,0.0,0.0,0.0,11.1484,0.0,0.0,0.0
2019-01-13 08:00:00,winter,10.672,0.4477,0.235,0.1175,0.0,0.0,8.107217034340918,0.4477,0.0,10.224300000000001,0.0,0.0,0.0,0.0,0.4477,0.0,0.0,0.0,10.224300000000001,0.0,0.0,0.0,0.4477,0.0,10.224300000000001,0.0,0.0,0.0
2019-01-13 09:00:00,winter,9.6512,5.1783,0.235,0.1175,0.0,0.0,8.106879233631153,5.1783,0.0,4.472899999999999,0.0,0.0,0.0,0.0,5.1783,0.0,0.0,0.0,4.472899999999999,0.0,0.0,0.0,5.1783,0.0,4.472899999999999,0.0,0.0,0.0
2019-01-13 10:00:00,winter,8.7469,11.5202,0.235,0.1175,2.7733000000000008,0.0,10.73752483747991,11.5202,0.0,0.0,0.0,0.0,0.0,0.0,8.7469,2.7733000000000008,0.0,0.0,0.0,0.0,2.7733000000000008,0.0,11.5202,0.0,0.0,0.0,0.0,0.0
2019-01-13 11:00:00,winter,8.2234,16.8921,0.235,0.1175,8.6687,0.0,18.960928346422172,16.8921,0.0,0.0,0.0,0.0,0.0,0.0,8.2234,8.6687,0.0,0.0,0.0,0.0,8.6687,0.0,16.8921,0.0,0.0,0.0,0.0,0.0
2019-01-13 12:00:00,winter,7.9701,19.2994,0.235,0.1175,11.329299999999998,0.0,29.708055996344754,19.2994,0.0,0.0,0.0,0.0,0.0,0.0,7.9701,11.329299999999998,0.0,0.0,0.0,0.0,11.329299999999998,0.0,19.2994,0.0,0.0,0.0,0.0,0.0
2019-01-13 13:00:00,winter,7.8326,17.7275,0.235,0.1175,9.8949,0.0,39.09394452655827,17.7275,0.0,0.0,0.0,0.0,0.0,0.0,7.8326,9.8949,0.0,0.0,0.0,0.0,9.8949,0.0,17.7275,0.0,0.0,0.0,0.0,0.0
2019-01-13 14:00:00,winter,7.7498,12.5934,0.235,0.1175,4.843600000000001,0.0,43.68735803464047,12.5934,0.0,0.0,0.0,0.0,0.0,0.0,7.7498,4.843600000000001,0.0,0.0,0.0,0.0,4.843600000000001,0.0,12.5934,0.0,0.0,0.0,0.0,0.0
2019-01-13 15:00:00,winter,7.7326,5.8152,0.235,0.1175,0.0,0.0,43.68553772805569,5.8152,0.0,1.9173999999999998,0.0,0.0,0.0,0.0,5.8152,0.0,0.0,0.0,1.9173999999999998,0.0,0.0,0.0,5.8152,0.0,1.9173999999999998,0.0,0.0,0.0
2019-01-13 16:00:00,winter,7.8323,0.5072,0.235,0.1175,0.0,0.0,43.68371749731702,0.5072,0.0,7.3251,0.0,0.0,0.0,0.0,0.5072,0.0,0.0,0.0,7.3251,0.0,0.0,0.0,0.5072,0.0,7.3251,0.0,0.0,0.0
2019-01-13 17:00:00,winter,8.1086,0.0,0.235,0.1175,0.0,8.1086,35.134682464007525,0.0,0.0,0.0,0.0,0.0,0.0,0.0,0.0,0.0,0.0,0.0,0.0,0.0,0.0,8.1086,0.0,0.0,0.0,0.0,0.0,0.0
2019-01-13 18:00:00,winter,9.3559,0.0,0.235,0.1175,0.0,9.3559,25.271233998648405,0.0,0.0,0.0,0.0,0.0,0.0,0.0,0.0,0.0,0.0,0.0,0.0,0.0,0.0,9.3559,0.0,0.0,0.0,0.0,0.0,0.0
2019-01-13 19:00:00,winter,9.8301,0.0,0.235,0.1175,0.0,9.8301,14.908345821491388,0.0,0.0,0.0,0.0,0.0,0.0,0.0,0.0,0.0,0.0,0.0,0.0,0.0,0.0,9.8301,0.0,0.0,0.0,0.0,0.0,0.0
2019-01-13 20:00:00,winter,10.1023,0.0,0.235,0.1175,0.0,6.448322590710781,8.110595815694227,0.0,0.0,3.6539774092892188,0.0,0.0,0.0,0.0,0.0,0.0,0.0,0.0,3.6539774092892188,0.0,0.0,6.448322590710781,0.0,0.0,3.6539774092892188,0.0,0.0,0.0
2019-01-13 21:00:00,winter,10.05,0.0,0.195,0.0975,0.0,0.0,8.110257874201906,0.0,0.0,10.05,0.0,0.0,0.0,0.0,0.0,0.0,0.0,0.0,10.05,0.0,0.0,0.0,0.0,0.0,10.05,0.0,0.0,0.0
2019-01-13 22:00:00,winter,9.7716,0.0,0.195,0.0975,0.0,0.0,8.10991994679048,0.0,0.0,9.7716,0.0,0.0,0.0,0.0,0.0,0.0,0.0,0.0,9.7716,0.0,0.0,0.0,0.0,0.0,9.7716,0.0,0.0,0.0
2019-01-13 23:00:00,winter,9.4742,0.0,0.195,0.0975,0.0,0.0,8.109582033459365,0.0,0.0,9.4742,0.0,0.0,0.0,0.0,0.0,0.0,0.0,0.0,9.4742,0.0,0.0,0.0,0.0,0.0,9.4742,0.0,0.0,0.0
2019-04-08 00:00:00,spring,7.9476,0.0,0.18,0.09,0.0,0.0,8.10924413420797,0.0,0.0,7.9476,0.0,0.0,0.0,0.0,0.0,0.0,0.0,0.0,7.9476,0.0,0.0,0.0,0.0,0.0,7.9476,0.0,0.0,0.0
2019-04-08 01:00:00,spring,7.9186,0.0,0.18,0.09,0.0,0.0,8.10890624903571,0.0,0.0,7.9186,0.0,0.0,0.0,0.0,0.0,0.0,0.0,0.0,7.9186,0.0,0.0,0.0,0.0,0.0,7.9186,0.0,0.0,0.0
2019-04-08 02:00:00,spring,7.8814,0.0,0.18,0.09,0.0,0.0,8.108568377942001,0.0,0.0,7.8814,0.0,0.0,0.0,0.0,0.0,0.0,0.0,0.0,7.8814,0.0,0.0,0.0,0.0,0.0,7.8814,0.0,0.0,0.0
2019-04-08 03:00:00,spring,7.9237,0.0,0.18,0.09,0.0,0.0,8.108230520926254,0.0,0.0,7.9237,0.0,0.0,0.0,0.0,0.0,0.0,0.0,0.0,7.9237,0.0,0.0,0.0,0.0,0.0,7.9237,0.0,0.0,0.0
2019-04-08 04:00:00,spring,8.2247,0.0,0.18,0.09,0.0,0.0,8.10789267798788,0.0,0.0,8.2247,0.0,0.0,0.0,0.0,0.0,0.0,0.0,0.0,8.2247,0.0,0.0,0.0,0.0,0.0,8.2247,0.0,0.0,0.0
2019-04-08 05:00:00,spring,8.9201,0.0,0.18,0.09,0.0,0.0,8.107554849126297,0.0,0.0,8.9201,0.0,0.0,0.0,0.0,0.0,0.0,0.0,0.0,8.9201,0.0,0.0,0.0,0.0,0.0,8.9201,0.0,0.0,0.0
2019-04-08 06:00:00,spring,9.7683,0.9329,0.18,0.09,0.0,0.0,8.107217034340916,0.9329,0.0,8.8354,0.0,0.0,0.0,0.0,0.9329,0.0,0.0,0.0,8.8354,0.0,0.0,0.0,0.9329,0.0,8.8354,0.0,0.0,0.0
2019-04-08 07:00:00,spring,10.1276,6.2367,0.18,0.09,0.0,0.0,8.106879233631153,6.2367,0.0,3.8908999999999994,0.0,0.0,0.0,0.0,6.2367,0.0,0.0,0.0,3.8908999999999994,0.0,0.0,0.0,6.2367,0.0,3.8908999999999994,0.0,0.0,0.0
2019-04-08 08:00:00,spring,12.0245,13.4908,0.22,0.11,0.00035605837630788126,0.0,8.106879233631153,13.4908,0.0,0.0,1.4659439416236926,0.0,0.0,0.0,12.0245,0.00035605837630788126,0.0,1.4659439416236926,0.0,0.0,0.00035605837630788126,0.0,13.4908,0.0,0.0,1.4659439416236926,0.0,0.0
2019-04-08 09:00:00,spring,11.0482,21.2253,0.22,0.11,0.00035605837630788126,0.0,8.106879233631153,21.2253,0.0,0.0,10.176743941623693,0.0,0.0,0.0,11.0482,0.00035605837630788126,0.0,10.176743941623693,0.0,0.0,0.00035605837630788126,0.0,21.2253,0.0,0.0,10.176743941623693,0.0,0.0
2019-04-08 10:00:00,spring,10.2548,28.2595,0.22,0.11,0.00035605837630788126,0.0,8.106879233631153,28.2595,0.0,0.0,18.00434394162369,0.0,0.0,0.0,10.2548,0.00035605837630788126,0.0,18.00434394162369,0.0,0.0,0.00035605837630788126,0.0,28.2595,0.0,0.0,18.00434394162369,0.0,0.0
2019-04-08 11:00:00,spring,9.8964,33.5073,0.22,0.11,0.00035605837630788126,0.0,8.106879233631153,33.5073,0.0,0.0,23.610543941623693,0.0,0.0,0.0,9.8964,0.00035605837630788126,0.0,23.610543941623693,0.0,0.0,0.00035605837630788126,0.0,33.5073,0.0,0.0,23.610543941623693,0.0,0.0
2019-04-08 12:00:00,spring,9.8442,36.0257,0.22,0.11,3.618362103633303,0.0,11.539221141012256,36.0257,0.0,0.0,22.563137896366698,0.0,0.0,0.0,9.8442,3.618362103633303,0.0,22.563137896366698,0.0,0.0,3.618362103633303,0.0,36.0257,0.0,0.0,22.563137896366698,0.0,0.0
2019-04-08 13:00:00,spring,9.9216,35.1948,0.22,0.11,25.273200000000003,0.0,35.51500306842163,35.1948,0.0,0.0,0.0,0.0,0.0,0.0,9.9216,25.273200000000003,0.0,0.0,0.0,0.0,25.273200000000003,0.0,35.1948,0.0,0.0,0.0,0.0,0.0
2019-04-08 14:00:00,spring,10.0439,30.9414,0.22,0.11,20.8975,0.0,55.338632497637725,30.9414,0.0,0.0,0.0,0.0,0.0,0.0,10.0439,20.8975,0.0,0.0,0.0,0.0,20.8975,0.0,30.9414,0.0,0.0,0.0,0.0,0.0
2019-04-08 15:00:00,spring,10.1995,23.8854,0.22,0.11,13.6859,0.0,68.31991147007318,23.8854,0.0,0.0,0.0,0.0,0.0,0.0,10.1995,13.6859,0.0,0.0,0.0,0.0,13.6859,0.0,23.8854,0.0,0.0,0.0,0.0,0.0
2019-04-08 16:00:00,spring,10.4205,15.3166,0.22,0.11,4.896099999999999,0.0,72.96191310268037,15.3166,0.0,0.0,0.0,0.0,0.0,0.0,10.4205,4.896099999999999,0.0,0.0,0.0,0.0,4.896099999999999,0.0,15.3166,0.0,0.0,0.0,0.0,0.0
2019-04-08 17:00:00,spring,10.7535,7.0016,0.22,0.11,0.0,0.0,72.95887302296775,7.0016,0.0,3.751900000000001,0.0,0.0,0.0,0.0,7.0016,0.0,0.0,0.0,3.751900000000001,0.0,0.0,0.0,7.0016,0.0,3.751900000000001,0.0,0.0,0.0
2019-04-08 18:00:00,spring,11.1864,1.0168,0.22,0.11,0.0,0.0,72.95583306992512,1.0168,0.0,10.1696,0.0,0.0,0.0,0.0,1.0168,0.0,0.0,0.0,10.1696,0.0,0.0,0.0,1.0168,0.0,10.1696,0.0,0.0,0.0
2019-04-08 19:00:00,spring,9.1767,0.0,0.22,0.11,0.0,9.1767,63.27970210885815,0.0,0.0,0.0,0.0,0.0,0.0,0.0,0.0,0.0,0.0,0.0,0.0,0.0,0.0,9.1767,0.0,0.0,0.0,0.0,0.0,0.0
2019-04-08 20:00:00,spring,9.305,0.0,0.22,0.11,0.0,9.305,53.46873424531469,0.0,0.0,0.0,0.0,0.0,0.0,0.0,0.0,0.0,0.0,0.0,0.0,0.0,0.0,9.305,0.0,0.0,0.0,0.0,0.0,0.0
2019-04-08 21:00:00,spring,9.0644,0.0,0.18,0.09,0.0,9.0644,43.91178984044438,0.0,0.0,0.0,0.0,0.0,0.0,0.0,0.0,0.0,0.0,0.0,0.0,0.0,0.0,9.0644,0.0,0.0,0.0,0.0,0.0,0.0
2019-04-08 22:00:00,spring,8.5741,0.0,0.18,0.09,0.0,8.5741,34.87206522051779,0.0,0.0,0.0,0.0,0.0,0.0,0.0,0.0,0.0,0.0,0.0,0.0,0.0,0.0,8.5741,0.0,0.0,0.0,0.0,0.0,0.0
2019-04-08 23:00:00,spring,8.0645,0.0,0.18,0.09,0.0,8.0645,26.369882820990966,0.0,0.0,0.0,0.0,0.0,0.0,0.0,0.0,0.0,0.0,0.0,0.0,0.0,0.0,8.0645,0.0,0.0,0.0,0.0,0.0,0.0
2019-04-09 00:00:00,spring,7.5111,0.0,0.18,0.09,0.0,7.5111,18.451389498109855,0.0,0.0,0.0,0.0,0.0,0.0,0.0,0.0,0.0,0.0,0.0,0.0,0.0,0.0,7.5111,0.0,0.0,0.0,0.0,0.0,0.0
2019-04-09 01:00:00,spring,7.4102,0.0,0.18,0.09,0.0,7.4102,10.639584051087523,0.0,0.0,0.0,0.0,0.0,0.0,0.0,0.0,0.0,0.0,0.0,0.0,0.0,0.0,7.4102,0.0,0.0,0.0,0.0,0.0,0.0
2019-04-09 02:00:00,spring,7.357,0.0,0.18,0.09,0.0,2.400711729730263,8.108568377941992,0.0,0.0,4.956288270269737,0.0,0.0,0.0,0.0,0.0,0.0,0.0,0.0,4.956288270269737,0.0,0.0,2.400711729730263,0.0,0.0,4.956288270269737,0.0,0.0,0.0
2019-04-09 03:00:00,spring,7.441,0.0,0.18,0.09,0.0,0.0,8.108230520926252,0.0,0.0,7.441,0.0,0.0,0.0,0.0,0.0,0.0,0.0,0.0,7.441,0.0,0.0,0.0,0.0,0.0,7.441,0.0,0.0,0.0
2019-04-09 04:00:00,spring,7.837,0.0,0.18,0.09,0.0,0.0,8.10789267798788,0.0,0.0,7.837,0.0,0.0,0.0,0.0,0.0,0.0,0.0,0.0,7.837,0.0,0.0,0.0,0.0,0.0,7.837,0.0,0.0,0.0
2019-04-09 05:00:00,spring,8.6699,0.0,0.18,0.09,0.0,0.0,8.107554849126297,0.0,0.0,8.6699,0.0,0.0,0.0,0.0,0.0,0.0,0.0,0.0,8.6699,0.0,0.0,0.0,0.0,0.0,8.6699,0.0,0.0,0.0
2019-04-09 06:00:00,spring,9.6833,0.9081,0.18,0.09,0.0,0.0,8.107217034340916,0.9081,0.0,8.7752,0.0,0.0,0.0,0.0,0.9081,0.0,0.0,0.0,8.7752,0.0,0.0,0.0,0.9081,0.0,8.7752,0.0,0.0,0.0
2019-04-09 07:00:00,spring,10.2171,6.0686,0.18,0.09,0.0,0.0,8.106879233631153,6.0686,0.0,4.1485,0.0,0.0,0.0,0.0,6.0686,0.0,0.0,0.0,4.1485,0.0,0.0,0.0,6.0686,0.0,4.1485,0.0,0.0,0.0
2019-04-09 08:00:00,spring,12.2786,13.126,0.22,0.11,0.00035605837630788126,0.0,8.106879233631153,13.126,0.0,0.0,0.8470439416236907,0.0,0.0,0.0,12.2786,0.00035605837630788126,0.0,0.8470439416236907,0.0,0.0,0.00035605837630788126,0.0,13.126,0.0,0.0,0.8470439416236907,0.0,0.0
2019-04-09 09:00:00,spring,11.439,20.6552,0.22,0.11,0.00035605837630788126,0.0,8.106879233631153,20.6552,0.0,0.0,9.215843941623692,0.0,0.0,0.0,11.439,0.00035605837630788126,0.0,9.215843941623692,0.0,0.0,0.00035605837630788126,0.0,20.6552,0.0,0.0,9.215843941623692,0.0,0.0
2019-04-09 10:00:00,spring,10.7392,27.5127,0.22,0.11,0.00035605837630788126,0.0,8.106879233631153,27.5127,0.0,0.0,16.77314394162369,0.0,0.0,0.0,10.7392,0.00035605837630788126,0.0,16.77314394162369,0.0,0.0,0.00035605837630788126,0.0,27.5127,0.0,0.0,16.77314394162369,0.0,0.0
2019-04-09 11:00:00,spring,10.4212,32.6417,0.22,0.11,0.00035605837630788126,0.0,8.106879233631153,32.6417,0.0,0.0,22.220143941623693,0.0,0.0,0.0,10.4212,0.00035605837630788126,0.0,22.220143941623693,0.0,0.0,0.00035605837630788126,0.0,32.6417,0.0,0.0,22.220143941623693,0.0,0.0
2019-04-09 12:00:00,spring,10.3514,35.1183,0.22,0.11,7.054953762554878,0.0,14.799458250050861,35.118300000000005,0.0,0.0,17.711946237445122,0.0,0.0,0.0,10.3514,7.054953762554878,0.0,17.711946237445122,0.0,0.0,7.054953762554878,0.0,35.118300000000005,0.0,0.0,17.711946237445122,0.0,0.0
2019-04-09 13:00:00,spring,10.3556,34.3292,0.22,0.11,23.973599999999998,0.0,37.542195520100904,34.3292,0.0,0.0,0.0,0.0,0.0,0.0,10.3556,23.973599999999998,0.0,0.0,0.0,0.0,23.973599999999998,0.0,34.3292,0.0,0.0,0.0,0.0,0.0
2019-04-09 14:00:00,spring,10.3569,30.1946,0.22,0.11,19.8377,0.0,56.36032592369091,30.1946,0.0,0.0,0.0,0.0,0.0,0.0,10.3569,19.8377,0.0,0.0,0.0,0.0,19.8377,0.0,30.1946,0.0,0.0,0.0,0.0,0.0
2019-04-09 15:00:00,spring,10.3569,23.3153,0.22,0.11,12.958400000000001,0.0,68.6513952262352,23.3153,0.0,0.0,0.0,0.0,0.0,0.0,10.3569,12.958400000000001,0.0,0.0,0.0,0.0,12.958400000000001,0.0,23.3153,0.0,0.0,0.0,0.0,0.0
2019-04-09 16:00:00,spring,10.4051,14.9518,0.22,0.11,4.546700000000001,0.0,72.96191310268037,14.9518,0.0,0.0,0.0,0.0,0.0,0.0,10.4051,4.546700000000001,0.0,0.0,0.0,0.0,4.546700000000001,0.0,14.9518,0.0,0.0,0.0,0.0,0.0
2019-04-09 17:00:00,spring,10.5669,6.8335,0.22,0.11,0.0,0.0,72.95887302296775,6.8335,0.0,3.7334000000000005,0.0,0.0,0.0,0.0,6.8335,0.0,0.0,0.0,3.7334000000000005,0.0,0.0,0.0,6.8335,0.0,3.7334000000000005,0.0,0.0,0.0
2019-04-09 18:00:00,spring,10.8492,0.992,0.22,0.11,0.0,0.0,72.95583306992512,0.992,0.0,9.857199999999999,0.0,0.0,0.0,0.0,0.992,0.0,0.0,0.0,9.857199999999999,0.0,0.0,0.0,0.992,0.0,9.857199999999999,0.0,0.0,0.0
2019-04-09 19:00:00,spring,8.7261,0.0,0.22,0.11,0.0,8.7261,63.754676213415436,0.0,0.0,0.0,0.0,0.0,0.0,0.0,0.0,0.0,0.0,0.0,0.0,0.0,0.0,8.7261,0.0,0.0,0.0,0.0,0.0,0.0
2019-04-09 20:00:00,spring,8.7905,0.0,0.22,0.11,0.0,8.7905,54.48601917800316,0.0,0.0,0.0,0.0,0.0,0.0,0.0,0.0,0.0,0.0,0.0,0.0,0.0,0.0,8.7905,0.0,0.0,0.0,0.0,0.0,0.0
2019-04-09 21:00:00,spring,8.5426,0.0,0.18,0.09,0.0,8.5426,45.47905788061928,0.0,0.0,0.0,0.0,0.0,0.0,0.0,0.0,0.0,0.0,0.0,0.0,0.0,0.0,8.5426,0.0,0.0,0.0,0.0,0.0,0.0
2019-04-09 22:00:00,spring,8.1025,0.0,0.18,0.09,0.0,8.1025,36.93637800603615,0.0,0.0,0.0,0.0,0.0,0.0,0.0,0.0,0.0,0.0,0.0,0.0,0.0,0.0,8.1025,0.0,0.0,0.0,0.0,0.0,0.0
2019-04-09 23:00:00,spring,7.6951,0.0,0.18,0.09,0.0,7.6951,28.823491382698663,0.0,0.0,0.0,0.0,0.0,0.0,0.0,0.0,0.0,0.0,0.0,0.0,0.0,0.0,7.6951,0.0,0.0,0.0,0.0,0.0,0.0
2019-04-10 00:00:00,spring,7.2765,0.0,0.18,0.09,0.0,7.2765,21.152185939152645,0.0,0.0,0.0,0.0,0.0,0.0,0.0,0.0,0.0,0.0,0.0,0.0,0.0,0.0,7.2765,0.0,0.0,0.0,0.0,0.0,0.0
2019-04-10 01:00:00,spring,7.3425,0.0,0.18,0.09,0.0,7.3425,13.411630024809739,0.0,0.0,0.0,0.0,0.0,0.0,0.0,0.0,0.0,0.0,0.0,0.0,0.0,0.0,7.3425,0.0,0.0,0.0,0.0,0.0,0.0
2019-04-10 02:00:00,spring,7.4636,0.0,0.18,0.09,0.0,5.030075339027019,8.108906249035694,0.0,0.0,2.4335246609729806,0.0,0.0,0.0,0.0,0.0,0.0,0.0,0.0,2.4335246609729806,0.0,0.0,5.030075339027019,0.0,0.0,2.4335246609729806,0.0,0.0,0.0
2019-04-10 03:00:00,spring,7.7103,0.0,0.18,0.09,0.0,0.0,8.108568377942,0.0,0.0,7.7103,0.0,0.0,0.0,0.0,0.0,0.0,0.0,0.0,7.7103,0.0,0.0,0.0,0.0,0.0,7.7103,0.0,0.0,0.0
2019-04-10 04:00:00,spring,8.2393,0.0,0.18,0.09,0.0,0.0,8.108230520926252,0.0,0.0,8.2393,0.0,0.0,0.0,0.0,0.0,0.0,0.0,0.0,8.2393,0.0,0.0,0.0,0.0,0.0,8.2393,0.0,0.0,0.0
2019-04-10 05:00:00,spring,9.1609,0.0,0.18,0.09,0.0,0.0,8.10789267798788,0.0,0.0,9.1609,0.0,0.0,0.0,0.0,0.0,0.0,0.0,0.0,9.1609,0.0,0.0,0.0,0.0,0.0,9.1609,0.0,0.0,0.0
2019-04-10 06:00:00,spring,10.2089,0.718,0.18,0.09,0.0,0.0,8.107554849126297,0.718,0.0,9.4909,0.0,0.0,0.0,0.0,0.718,0.0,0.0,0.0,9.4909,0.0,0.0,0.0,0.718,0.0,9.4909,0.0,0.0,0.0
2019-04-10 07:00:00,spring,10.7195,4.7796,0.18,0.09,0.0,0.0,8.107217034340916,4.7796,0.0,5.9399,0.0,0.0,0.0,0.0,4.7796,0.0,0.0,0.0,5.9399,0.0,0.0,0.0,4.7796,0.0,5.9399,0.0,0.0,0.0
2019-04-10 08:00:00,spring,12.7024,10.3271,0.22,0.11,0.0,0.0,8.106879233631153,10.3271,0.0,2.375300000000001,0.0,0.0,0.0,0.0,10.3271,0.0,0.0,0.0,2.375300000000001,0.0,0.0,0.0,10.3271,0.0,2.375300000000001,0.0,0.0,0.0
2019-04-10 09:00:00,spring,11.7376,16.2818,0.22,0.11,0.00035605837630788126,0.0,8.106879233631153,16.2818,0.0,0.0,4.543843941623692,0.0,0.0,0.0,11.7376,0.00035605837630788126,0.0,4.543843941623692,0.0,0.0,0.00035605837630788126,0.0,16.2818,0.0,0.0,4.543843941623692,0.0,0.0
2019-04-10 10:00:00,spring,10.8798,21.784,0.22,0.11,0.00035605837630788126,0.0,8.106879233631153,21.784,0.0,0.0,10.903843941623691,0.0,0.0,0.0,10.8798,0.00035605837630788126,0.0,10.903843941623691,0.0,0.0,0.00035605837630788126,0.0,21.784,0.0,0.0,10.903843941623691,0.0,0.0
2019-04-10 11:00:00,spring,10.3882,26.0019,0.22,0.11,6.741453830612572,0.0,14.502046100677223,26.0019,0.0,0.0,8.872246169387427,0.0,0.0,0.0,10.3882,6.741453830612572,0.0,8.872246169387427,0.0,0.0,6.741453830612572,0.0,26.0019,0.0,0.0,8.872246169387427,0.0,0.0
2019-04-10 12:00:00,spring,10.1486,28.1578,0.22,0.11,18.0092,0.0,31.586469100007672,28.1578,0.0,0.0,0.0,0.0,0.0,0.0,10.1486,18.0092,0.0,0.0,0.0,0.0,18.0092,0.0,28.1578,0.0,0.0,0.0,0.0,0.0
2019-04-10 13:00:00,spring,10.0051,27.6894,0.22,0.11,17.6843,0.0,48.361953044843204,27.6894,0.0,0.0,0.0,0.0,0.0,0.0,10.0051,17.6843,0.0,0.0,0.0,0.0,17.6843,0.0,27.6894,0.0,0.0,0.0,0.0,0.0
2019-04-10 14:00:00,spring,9.8974,24.4659,0.22,0.11,14.568500000000002,0.0,62.180830591115246,24.4659,0.0,0.0,0.0,0.0,0.0,0.0,9.8974,14.568500000000002,0.0,0.0,0.0,0.0,14.568500000000002,0.0,24.4659,0.0,0.0,0.0,0.0,0.0
2019-04-10 15:00:00,spring,9.839,18.942,0.22,0.11,9.103,0.0,70.81410378532777,18.942,0.0,0.0,0.0,0.0,0.0,0.0,9.839,9.103,0.0,0.0,0.0,0.0,9.103,0.0,18.942,0.0,0.0,0.0,0.0,0.0
2019-04-10 16:00:00,spring,9.8858,12.1529,0.22,0.11,2.267100000000001,0.0,72.96191310268037,12.1529,0.0,0.0,0.0,0.0,0.0,0.0,9.8858,2.267100000000001,0.0,0.0,0.0,0.0,2.267100000000001,0.0,12.1529,0.0,0.0,0.0,0.0,0.0
2019-04-10 17:00:00,spring,10.1033,5.5445,0.22,0.11,0.0,0.0,72.95887302296775,5.5445,0.0,4.558800000000001,0.0,0.0,0.0,0.0,5.5445,0.0,0.0,0.0,4.558800000000001,0.0,0.0,0.0,5.5445,0.0,4.558800000000001,0.0,0.0,0.0
2019-04-10 18:00:00,spring,10.4924,0.8018,0.22,0.11,0.0,0.0,72.95583306992512,0.8018,0.0,9.6906,0.0,0.0,0.0,0.0,0.8018,0.0,0.0,0.0,9.6906,0.0,0.0,0.0,0.8018,0.0,9.6906,0.0,0.0,0.0
2019-04-10 19:00:00,spring,8.5154,0.0,0.22,0.11,0.0,8.5154,63.976773514414596,0.0,0.0,0.0,0.0,0.0,0.0,0.0,0.0,0.0,0.0,0.0,0.0,0.0,0.0,8.5154,0.0,0.0,0.0,0.0,0.0,0.0
2019-04-10 20:00:00,spring,8.749,0.0,0.22,0.11,0.0,8.749,54.75185206591377,0.0,0.0,0.0,0.0,0.0,0.0,0.0,0.0,0.0,0.0,0.0,0.0,0.0,0.0,8.749,0.0,0.0,0.0,0.0,0.0,0.0
2019-04-10 21:00:00,spring,8.675,0.0,0.18,0.09,0.0,8.675,45.6053178380908,0.0,0.0,0.0,0.0,0.0,0.0,0.0,0.0,0.0,0.0,0.0,0.0,0.0,0.0,8.675,0.0,0.0,0.0,0.0,0.0,0.0
2019-04-10 22:00:00,spring,8.3941,0.0,0.18,0.09,0.0,8.3941,36.75525931410775,0.0,0.0,0.0,0.0,0.0,0.0,0.0,0.0,0.0,0.0,0.0,0.0,0.0,0.0,8.3941,0.0,0.0,0.0,0.0,0.0,0.0
2019-04-10 23:00:00,spring,8.1138,0.0,0.18,0.09,0.0,8.1138,28.20103168527826,0.0,0.0,0.0,0.0,0.0,0.0,0.0,0.0,0.0,0.0,0.0,0.0,0.0,0.0,8.1138,0.0,0.0,0.0,0.0,0.0,0.0
2019-04-11 00:00:00,spring,7.7735,0.0,0.18,0.09,0.0,7.7735,20.005868178518405,0.0,0.0,0.0,0.0,0.0,0.0,0.0,0.0,0.0,0.0,0.0,0.0,0.0,0.0,7.7735,0.0,0.0,0.0,0.0,0.0,0.0
2019-04-11 01:00:00,spring,7.8684,0.0,0.18,0.09,0.0,7.8684,11.711012753588005,0.0,0.0,0.0,0.0,0.0,0.0,0.0,0.0,0.0,0.0,0.0,0.0,0.0,0.0,7.8684,0.0,0.0,0.0,0.0,0.0,0.0
2019-04-11 02:00:00,spring,7.9606,0.0,0.18,0.09,0.0,3.4167953602427836,8.108906249035696,0.0,0.0,4.543804639757217,0.0,0.0,0.0,0.0,0.0,0.0,0.0,0.0,4.543804639757217,0.0,0.0,3.4167953602427836,0.0,0.0,4.543804639757217,0.0,0.0,0.0
2019-04-11 03:00:00,spring,8.1236,0.0,0.18,0.09,0.0,0.0,8.108568377942,0.0,0.0,8.1236,0.0,0.0,0.0,0.0,0.0,0.0,0.0,0.0,8.1236,0.0,0.0,0.0,0.0,0.0,8.1236,0.0,0.0,0.0
2019-04-11 04:00:00,spring,8.5233,0.0,0.18,0.09,0.0,0.0,8.108230520926252,0.0,0.0,8.5233,0.0,0.0,0.0,0.0,0.0,0.0,0.0,0.0,8.5233,0.0,0.0,0.0,0.0,0.0,8.5233,0.0,0.0,0.0
2019-04-11 05:00:00,spring,9.2845,0.0,0.18,0.09,0.0,0.0,8.10789267798788,0.0,0.0,9.2845,0.0,0.0,0.0,0.0,0.0,0.0,0.0,0.0,9.2845,0.0,0.0,0.0,0.0,0.0,9.2845,0.0,0.0,0.0
2019-04-11 06:00:00,spring,10.1585,0.5805,0.18,0.09,0.0,0.0,8.107554849126297,0.5805,0.0,9.578,0.0,0.0,0.0,0.0,0.5805,0.0,0.0,0.0,9.578,0.0,0.0,0.0,0.5805,0.0,9.578,0.0,0.0,0.0
2019-04-11 07:00:00,spring,10.5006,3.8704,0.18,0.09,0.0,0.0,8.107217034340916,3.8704,0.0,6.6302,0.0,0.0,0.0,0.0,3.8704,0.0,0.0,0.0,6.6302,0.0,0.0,0.0,3.8704,0.0,6.6302,0.0,0.0,0.0
2019-04-11 08:00:00,spring,12.3391,8.4041,0.22,0.11,0.0,0.0,8.106879233631153,8.4041,0.0,3.9350000000000005,0.0,0.0,0.0,0.0,8.4041,0.0,0.0,0.0,3.9350000000000005,0.0,0.0,0.0,8.4041,0.0,3.9350000000000005,0.0,0.0,0.0
2019-04-11 09:00:00,spring,11.2699,13.1317,0.22,0.11,1.8618000000000006,0.0,9.872800011306866,13.1317,0.0,0.0,0.0,0.0,0.0,0.0,11.2699,1.8618000000000006,0.0,0.0,0.0,0.0,1.8618000000000006,0.0,13.1317,0.0,0.0,0.0,0.0,0.0
2019-04-11 10:00:00,spring,10.3592,17.6424,0.22,0.11,7.283199999999999,0.0,16.78183884100123,17.6424,0.0,0.0,0.0,0.0,0.0,0.0,10.3592,7.283199999999999,0.0,0.0,0.0,0.0,7.283199999999999,0.0,17.6424,0.0,0.0,0.0,0.0,0.0
2019-04-11 11:00:00,spring,9.872,21.2016,0.22,0.11,11.3296,0.0,27.529341891309286,21.2016,0.0,0.0,0.0,0.0,0.0,0.0,9.872,11.3296,0.0,0.0,0.0,0.0,11.3296,0.0,21.2016,0.0,0.0,0.0,0.0,0.0
2019-04-11 12:00:00,spring,9.6936,23.1257,0.22,0.11,13.432099999999998,0.0,40.27100376314145,23.1257,0.0,0.0,0.0,0.0,0.0,0.0,9.6936,13.432099999999998,0.0,0.0,0.0,0.0,13.432099999999998,0.0,23.1257,0.0,0.0,0.0,0.0,0.0
2019-04-11 13:00:00,spring,9.6614,22.8891,0.22,0.11,13.227699999999999,0.0,52.818223866274096,22.8891,0.0,0.0,0.0,0.0,0.0,0.0,9.6614,13.227699999999999,0.0,0.0,0.0,0.0,13.227699999999999,0.0,22.8891,0.0,0.0,0.0,0.0,0.0
2019-04-11 14:00:00,spring,9.7029,20.3243,0.22,0.11,10.621400000000001,0.0,62.89236788886006,20.3243,0.0,0.0,0.0,0.0,0.0,0.0,9.7029,10.621400000000001,0.0,0.0,0.0,0.0,10.621400000000001,0.0,20.3243,0.0,0.0,0.0,0.0,0.0
2019-04-11 15:00:00,spring,9.815,15.7802,0.22,0.11,5.965200000000001,0.0,68.54883298306227,15.7802,0.0,0.0,0.0,0.0,0.0,0.0,9.815,5.965200000000001,0.0,0.0,0.0,0.0,5.965200000000001,0.0,15.7802,0.0,0.0,0.0,0.0,0.0
2019-04-11 16:00:00,spring,10.035,10.1294,0.22,0.11,0.09440000000000026,0.0,68.63553248502394,10.1294,0.0,0.0,0.0,0.0,0.0,0.0,10.035,0.09440000000000026,0.0,0.0,0.0,0.0,0.09440000000000026,0.0,10.1294,0.0,0.0,0.0,0.0,0.0
2019-04-11 17:00:00,spring,10.4094,4.6127,0.22,0.11,0.0,0.0,68.6326726711704,4.6127,0.0,5.7966999999999995,0.0,0.0,0.0,0.0,4.6127,0.0,0.0,0.0,5.7966999999999995,0.0,0.0,0.0,4.6127,0.0,5.7966999999999995,0.0,0.0,0.0
2019-04-11 18:00:00,spring,10.9216,0.6643,0.22,0.11,0.0,0.0,68.62981297647576,0.6643,0.0,10.257299999999999,0.0,0.0,0.0,0.0,0.6643,0.0,0.0,0.0,10.257299999999999,0.0,0.0,0.0,0.6643,0.0,10.257299999999999,0.0,0.0,0.0
2019-04-11 19:00:00,spring,9.0203,0.0,0.22,0.11,0.0,9.0203,59.11872234159613,0.0,0.0,0.0,0.0,0.0,0.0,0.0,0.0,0.0,0.0,0.0,0.0,0.0,0.0,9.0203,0.0,0.0,0.0,0.0,0.0,0.0
2019-04-11 20:00:00,spring,9.2742,0.0,0.22,0.11,0.0,9.2742,49.34039390285403,0.0,0.0,0.0,0.0,0.0,0.0,0.0,0.0,0.0,0.0,0.0,0.0,0.0,0.0,9.2742,0.0,0.0,0.0,0.0,0.0,0.0
2019-04-11 21:00:00,spring,9.1626,0.0,0.18,0.09,0.0,9.1626,39.680109623421814,0.0,0.0,0.0,0.0,0.0,0.0,0.0,0.0,0.0,0.0,0.0,0.0,0.0,0.0,9.1626,0.0,0.0,0.0,0.0,0.0,0.0
2019-04-11 22:00:00,spring,8.7905,0.0,0.18,0.09,0.0,8.7905,30.41245569495079,0.0,0.0,0.0,0.0,0.0,0.0,0.0,0.0,0.0,0.0,0.0,0.0,0.0,0.0,8.7905,0.0,0.0,0.0,0.0,0.0,0.0
2019-04-11 23:00:00,spring,8.3754,0.0,0.18,0.09,0.0,8.3754,21.58274173763875,0.0,0.0,0.0,0.0,0.0,0.0,0.0,0.0,0.0,0.0,0.0,0.0,0.0,0.0,8.3754,0.0,0.0,0.0,0.0,0.0,0.0
2019-04-12 00:00:00,spring,7.88,0.0,0.18,0.09,0.0,7.88,13.275593136024055,0.0,0.0,0.0,0.0,0.0,0.0,0.0,0.0,0.0,0.0,0.0,0.0,0.0,0.0,7.88,0.0,0.0,0.0,0.0,0.0,0.0
2019-04-12 01:00:00,spring,7.8006,0.0,0.18,0.09,0.0,4.900704246027868,8.10924413420797,0.0,0.0,2.899895753972132,0.0,0.0,0.0,0.0,0.0,0.0,0.0,0.0,2.899895753972132,0.0,0.0,4.900704246027868,0.0,0.0,2.899895753972132,0.0,0.0,0.0
2019-04-12 02:00:00,spring,7.7258,0.0,0.18,0.09,0.0,0.0,8.10890624903571,0.0,0.0,7.7258,0.0,0.0,0.0,0.0,0.0,0.0,0.0,0.0,7.7258,0.0,0.0,0.0,0.0,0.0,7.7258,0.0,0.0,0.0
2019-04-12 03:00:00,spring,7.7478,0.0,0.18,0.09,0.0,0.0,8.108568377942001,0.0,0.0,7.7478,0.0,0.0,0.0,0.0,0.0,0.0,0.0,0.0,7.7478,0.0,0.0,0.0,0.0,0.0,7.7478,0.0,0.0,0.0
2019-04-12 04:00:00,spring,8.0479,0.0,0.18,0.09,0.0,0.0,8.108230520926254,0.0,0.0,8.0479,0.0,0.0,0.0,0.0,0.0,0.0,0.0,0.0,8.0479,0.0,0.0,0.0,0.0,0.0,8.0479,0.0,0.0,0.0
2019-04-12 05:00:00,spring,8.7617,0.0,0.18,0.09,0.0,0.0,8.107892677987882,0.0,0.0,8.7617,0.0,0.0,0.0,0.0,0.0,0.0,0.0,0.0,8.7617,0.0,0.0,0.0,0.0,0.0,8.7617,0.0,0.0,0.0
2019-04-12 06:00:00,spring,9.6459,0.6533,0.18,0.09,0.0,0.0,8.107554849126299,0.6533,0.0,8.9926,0.0,0.0,0.0,0.0,0.6533,0.0,0.0,0.0,8.9926,0.0,0.0,0.0,0.6533,0.0,8.9926,0.0,0.0,0.0
2019-04-12 07:00:00,spring,10.0546,4.3416,0.18,0.09,0.0,0.0,8.107217034340918,4.3416,0.0,5.713000000000001,0.0,0.0,0.0,0.0,4.3416,0.0,0.0,0.0,5.713000000000001,0.0,0.0,0.0,4.3416,0.0,5.713000000000001,0.0,0.0,0.0
2019-04-12 08:00:00,spring,12.0089,9.3758,0.22,0.11,0.0,0.0,8.106879233631153,9.3758,0.0,2.6331000000000007,0.0,0.0,0.0,0.0,9.3758,0.0,0.0,0.0,2.6331000000000007,0.0,0.0,0.0,9.3758,0.0,2.6331000000000007,0.0,0.0,0.0
2019-04-12 09:00:00,spring,11.0918,14.7955,0.22,0.11,0.00035605837630788126,0.0,8.106879233631153,14.7955,0.0,0.0,3.7033439416236935,0.0,0.0,0.0,11.0918,0.00035605837630788126,0.0,3.7033439416236935,0.0,0.0,0.00035605837630788126,0.0,14.7955,0.0,0.0,3.7033439416236935,0.0,0.0
2019-04-12 10:00:00,spring,10.3527,19.837,0.22,0.11,3.44858593059934,0.0,11.378157321248,19.837,0.0,0.0,6.03571406940066,0.0,0.0,0.0,10.3527,3.44858593059934,0.0,6.03571406940066,0.0,0.0,3.44858593059934,0.0,19.837,0.0,0.0,6.03571406940066,0.0,0.0
2019-04-12 11:00:00,spring,10.0379,23.7452,0.22,0.11,13.7073,0.0,24.381569802727423,23.7452,0.0,0.0,0.0,0.0,0.0,0.0,10.0379,13.7073,0.0,0.0,0.0,0.0,13.7073,0.0,23.7452,0.0,0.0,0.0,0.0,0.0
2019-04-12 12:00:00,spring,10.0137,25.7922,0.22,0.11,15.778500000000001,0.0,39.349353322275675,25.7922,0.0,0.0,0.0,0.0,0.0,0.0,10.0137,15.778500000000001,0.0,0.0,0.0,0.0,15.778500000000001,0.0,25.7922,0.0,0.0,0.0,0.0,0.0
2019-04-12 13:00:00,spring,10.1004,25.4327,0.22,0.11,15.3323,0.0,53.89321069658713,25.4327,0.0,0.0,0.0,0.0,0.0,0.0,10.1004,15.3323,0.0,0.0,0.0,0.0,15.3323,0.0,25.4327,0.0,0.0,0.0,0.0,0.0
2019-04-12 14:00:00,spring,10.2125,22.5189,0.22,0.11,12.306399999999998,0.0,65.56584128527028,22.5189,0.0,0.0,0.0,0.0,0.0,0.0,10.2125,12.306399999999998,0.0,0.0,0.0,0.0,12.306399999999998,0.0,22.5189,0.0,0.0,0.0,0.0,0.0
2019-04-12 15:00:00,spring,10.3391,17.4556,0.22,0.11,7.1165,0.0,72.3144140657932,17.4556,0.0,0.0,0.0,0.0,0.0,0.0,10.3391,7.1165,0.0,0.0,0.0,0.0,7.1165,0.0,17.4556,0.0,0.0,0.0,0.0,0.0
2019-04-12 16:00:00,spring,10.5159,11.2016,0.22,0.11,0.6856999999999989,0.0,72.96191310268037,11.2016,0.0,0.0,0.0,0.0,0.0,0.0,10.5159,0.6856999999999989,0.0,0.0,0.0,0.0,0.6856999999999989,0.0,11.2016,0.0,0.0,0.0,0.0,0.0
2019-04-12 17:00:00,spring,10.794,5.1065,0.22,0.11,0.0,0.0,72.95887302296775,5.1065,0.0,5.687500000000001,0.0,0.0,0.0,0.0,5.1065,0.0,0.0,0.0,5.687500000000001,0.0,0.0,0.0,5.1065,0.0,5.687500000000001,0.0,0.0,0.0
2019-04-12 18:00:00,spring,11.1677,0.7371,0.22,0.11,0.0,0.0,72.95583306992512,0.7371,0.0,10.4306,0.0,0.0,0.0,0.0,0.7371,0.0,0.0,0.0,10.4306,0.0,0.0,0.0,0.7371,0.0,10.4306,0.0,0.0,0.0
2019-04-12 19:00:00,spring,9.1009,0.0,0.22,0.11,0.0,9.1009,63.359602324405074,0.0,0.0,0.0,0.0,0.0,0.0,0.0,0.0,0.0,0.0,0.0,0.0,0.0,0.0,9.1009,0.0,0.0,0.0,0.0,0.0,0.0
2019-04-12 20:00:00,spring,9.1803,0.0,0.22,0.11,0.0,9.1803,53.68007647309363,0.0,0.0,0.0,0.0,0.0,0.0,0.0,0.0,0.0,0.0,0.0,0.0,0.0,0.0,9.1803,0.0,0.0,0.0,0.0,0.0,0.0
2019-04-12 21:00:00,spring,8.9046,0.0,0.18,0.09,0.0,8.9046,44.291567252328804,0.0,0.0,0.0,0.0,0.0,0.0,0.0,0.0,0.0,0.0,0.0,0.0,0.0,0.0,8.9046,0.0,0.0,0.0,0.0,0.0,0.0
2019-04-12 22:00:00,spring,8.3968,0.0,0.18,0.09,0.0,8.3968,35.43871741805934,0.0,0.0,0.0,0.0,0.0,0.0,0.0,0.0,0.0,0.0,0.0,0.0,0.0,0.0,8.3968,0.0,0.0,0.0,0.0,0.0,0.0
2019-04-12 23:00:00,spring,7.8892,0.0,0.18,0.09,0.0,7.8892,27.12129383263346,0.0,0.0,0.0,0.0,0.0,0.0,0.0,0.0,0.0,0.0,0.0,0.0,0.0,0.0,7.8892,0.0,0.0,0.0,0.0,0.0,0.0
2019-04-13 00:00:00,spring,7.3556,0.0,0.18,0.09,0.0,7.3556,19.366680593012255,0.0,0.0,0.0,0.0,0.0,0.0,0.0,0.0,0.0,0.0,0.0,0.0,0.0,0.0,7.3556,0.0,0.0,0.0,0.0,0.0,0.0
2019-04-13 01:00:00,spring,7.2921,0.0,0.18,0.09,0.0,7.2921,11.679325339416266,0.0,0.0,0.0,0.0,0.0,0.0,0.0,0.0,0.0,0.0,0.0,0.0,0.0,0.0,7.2921,0.0,0.0,0.0,0.0,0.0,0.0
2019-04-13 02:00:00,spring,7.2894,0.0,0.18,0.09,0.0,3.38673529221465,8.108906249035718,0.0,0.0,3.9026647077853496,0.0,0.0,0.0,0.0,0.0,0.0,0.0,0.0,3.9026647077853496,0.0,0.0,3.38673529221465,0.0,0.0,3.9026647077853496,0.0,0.0,0.0
2019-04-13 03:00:00,spring,7.4314,0.0,0.18,0.09,0.0,0.0,8.108568377942,0.0,0.0,7.4314,0.0,0.0,0.0,0.0,0.0,0.0,0.0,0.0,7.4314,0.0,0.0,0.0,0.0,0.0,7.4314,0.0,0.0,0.0
2019-04-13 04:00:00,spring,7.8863,0.0,0.18,0.09,0.0,0.0,8.108230520926252,0.0,0.0,7.8863,0.0,0.0,0.0,0.0,0.0,0.0,0.0,0.0,7.8863,0.0,0.0,0.0,0.0,0.0,7.8863,0.0,0.0,0.0
2019-04-13 05:00:00,spring,8.7728,0.0,0.18,0.09,0.0,0.0,8.10789267798788,0.0,0.0,8.772800000000018,0.0,0.0,0.0,0.0,0.0,0.0,0.0,0.0,8.772800000000018,0.0,0.0,0.0,0.0,0.0,8.772800000000018,0.0,0.0,0.0
2019-04-13 06:00:00,spring,9.8284,0.853,0.18,0.09,0.0,0.0,8.107554849126297,0.853,0.0,8.9754,0.0,0.0,0.0,0.0,0.853,0.0,0.0,0.0,8.9754,0.0,0.0,0.0,0.853,0.0,8.9754,0.0,0.0,0.0
2019-04-13 07:00:00,spring,10.3884,5.6948,0.18,0.09,0.0,0.0,8.107217034340916,5.6948,0.0,4.693600000000001,0.0,0.0,0.0,0.0,5.6948,0.0,0.0,0.0,4.693600000000001,0.0,0.0,0.0,5.6948,0.0,4.693600000000001,0.0,0.0,0.0
2019-04-13 08:00:00,spring,12.4573,12.3142,0.22,0.11,0.0,0.0,8.106879233631153,12.3142,0.0,0.14310000000000045,0.0,0.0,0.0,0.0,12.3142,0.0,0.0,0.0,0.14310000000000045,0.0,0.0,0.0,12.3142,0.0,0.14310000000000045,0.0,0.0,0.0
2019-04-13 09:00:00,spring,11.6054,19.3868,0.22,0.11,0.00035605837630788126,0.0,8.106879233631153,19.3868,0.0,0.0,7.781043941623693,0.0,0.0,0.0,11.6054,0.00035605837630788126,0.0,7.781043941623693,0.0,0.0,0.00035605837630788126,0.0,19.3868,0.0,0.0,7.781043941623693,0.0,0.0
2019-04-13 10:00:00,spring,10.875,25.8513,0.22,0.11,0.00035605837630788126,0.0,8.106879233631153,25.8513,0.0,0.0,14.97594394162369,0.0,0.0,0.0,10.875,0.00035605837630788126,0.0,14.97594394162369,0.0,0.0,0.00035605837630788126,0.0,25.8513,0.0,0.0,14.97594394162369,0.0,0.0
2019-04-13 11:00:00,spring,10.5114,30.7161,0.22,0.11,0.00035605837630788126,0.0,8.106879233631153,30.716100000000004,0.0,0.0,20.204343941623694,0.0,0.0,0.0,10.5114,0.00035605837630788126,0.0,20.204343941623694,0.0,0.0,0.00035605837630788126,0.0,30.716100000000004,0.0,0.0,20.204343941623694,0.0,0.0
2019-04-13 12:00:00,spring,10.3862,33.0996,0.22,0.11,12.325415334729279,0.0,19.799457116589767,33.0996,0.0,0.0,10.387984665270722,0.0,0.0,0.0,10.3862,12.325415334729279,0.0,10.387984665270722,0.0,0.0,12.325415334729279,0.0,33.0996,0.0,0.0,10.387984665270722,0.0,0.0
2019-04-13 13:00:00,spring,10.331,32.4035,0.22,0.11,22.0725,0.0,40.738444235429874,32.4035,0.0,0.0,0.0,0.0,0.0,0.0,10.331,22.0725,0.0,0.0,0.0,0.0,22.0725,0.0,32.4035,0.0,0.0,0.0,0.0,0.0
2019-04-13 14:00:00,spring,10.2757,28.5332,0.22,0.11,18.2575,0.0,58.05733211441065,28.5332,0.0,0.0,0.0,0.0,0.0,0.0,10.2757,18.2575,0.0,0.0,0.0,0.0,18.2575,0.0,28.5332,0.0,0.0,0.0,0.0,0.0
2019-04-13 15:00:00,spring,10.228,22.047,0.22,0.11,11.819,0.0,69.2674009585649,22.047,0.0,0.0,0.0,0.0,0.0,0.0,10.228,11.819,0.0,0.0,0.0,0.0,11.819,0.0,22.047,0.0,0.0,0.0,0.0,0.0
2019-04-13 16:00:00,spring,10.2427,14.1401,0.22,0.11,3.897400000000001,0.0,72.96191310268037,14.1401,0.0,0.0,0.0,0.0,0.0,0.0,10.2427,3.897400000000001,0.0,0.0,0.0,0.0,3.897400000000001,0.0,14.1401,0.0,0.0,0.0,0.0,0.0
2019-04-13 17:00:00,spring,10.3889,6.4597,0.22,0.11,0.0,0.0,72.95887302296775,6.4597,0.0,3.9292,0.0,0.0,0.0,0.0,6.4597,0.0,0.0,0.0,3.9292,0.0,0.0,0.0,6.4597,0.0,3.9292,0.0,0.0,0.0
2019-04-13 18:00:00,spring,10.6752,0.9368,0.22,0.11,0.0,0.0,72.95583306992512,0.9368,0.0,9.7384,0.0,0.0,0.0,0.0,0.9368,0.0,0.0,0.0,9.7384,0.0,0.0,0.0,0.9368,0.0,9.7384,0.0,0.0,0.0
2019-04-13 19:00:00,spring,8.5752,0.0,0.22,0.11,0.0,8.5752,63.91373877972191,0.0,0.0,0.0,0.0,0.0,0.0,0.0,0.0,0.0,0.0,0.0,0.0,0.0,0.0,8.5752,0.0,0.0,0.0,0.0,0.0,0.0
2019-04-13 20:00:00,spring,8.6793,0.0,0.22,0.11,0.0,8.6793,54.76229020863961,0.0,0.0,0.0,0.0,0.0,0.0,0.0,0.0,0.0,0.0,0.0,0.0,0.0,0.0,8.6793,0.0,0.0,0.0,0.0,0.0,0.0
2019-04-13 21:00:00,spring,8.4834,0.0,0.18,0.09,0.0,8.4834,45.81771967912344,0.0,0.0,0.0,0.0,0.0,0.0,0.0,0.0,0.0,0.0,0.0,0.0,0.0,0.0,8.4834,0.0,0.0,0.0,0.0,0.0,0.0
2019-04-13 22:00:00,spring,8.1018,0.0,0.18,0.09,0.0,8.1018,37.27576355841942,0.0,0.0,0.0,0.0,0.0,0.0,0.0,0.0,0.0,0.0,0.0,0.0,0.0,0.0,8.1018,0.0,0.0,0.0,0.0,0.0,0.0
2019-04-13 23:00:00,spring,7.753,0.0,0.18,0.09,0.0,7.753,29.101830835176003,0.0,0.0,0.0,0.0,0.0,0.0,0.0,0.0,0.0,0.0,0.0,0.0,0.0,0.0,7.753,0.0,0.0,0.0,0.0,0.0,0.0
2019-04-14 00:00:00,spring,7.3842,0.0,0.18,0.09,0.0,7.3842,21.316988026152753,0.0,0.0,0.0,0.0,0.0,0.0,0.0,0.0,0.0,0.0,0.0,0.0,0.0,0.0,7.3842,0.0,0.0,0.0,0.0,0.0,0.0
2019-04-14 01:00:00,spring,7.491,0.0,0.18,0.09,0.0,7.491,13.419892500877886,0.0,0.0,0.0,0.0,0.0,0.0,0.0,0.0,0.0,0.0,0.0,0.0,0.0,0.0,7.491,0.0,0.0,0.0,0.0,0.0,0.0
2019-04-14 02:00:00,spring,7.6366,0.0,0.18,0.09,0.0,5.038234018133852,8.108568377942,0.0,0.0,2.5983659818661478,0.0,0.0,0.0,0.0,0.0,0.0,0.0,0.0,2.5983659818661478,0.0,0.0,5.038234018133852,0.0,0.0,2.5983659818661478,0.0,0.0,0.0
2019-04-14 03:00:00,spring,7.8887,0.0,0.18,0.09,0.0,0.0,8.108230520926252,0.0,0.0,7.8887,0.0,0.0,0.0,0.0,0.0,0.0,0.0,0.0,7.8887,0.0,0.0,0.0,0.0,0.0,7.8887,0.0,0.0,0.0
2019-04-14 04:00:00,spring,8.4034,0.0,0.18,0.09,0.0,0.0,8.10789267798788,0.0,0.0,8.4034,0.0,0.0,0.0,0.0,0.0,0.0,0.0,0.0,8.4034,0.0,0.0,0.0,0.0,0.0,8.4034,0.0,0.0,0.0
2019-04-14 05:00:00,spring,9.2928,0.0,0.18,0.09,0.0,0.0,8.107554849126297,0.0,0.0,9.2928,0.0,0.0,0.0,0.0,0.0,0.0,0.0,0.0,9.2928,0.0,0.0,0.0,0.0,0.0,9.2928,0.0,0.0,0.0
2019-04-14 06:00:00,spring,10.2939,0.9505,0.18,0.09,0.0,0.0,8.107217034340916,0.9505,0.0,9.3434,0.0,0.0,0.0,0.0,0.9505,0.0,0.0,0.0,9.3434,0.0,0.0,0.0,0.9505,0.0,9.3434,0.0,0.0,0.0
2019-04-14 07:00:00,spring,10.7484,6.3557,0.18,0.09,0.0,0.0,8.106879233631153,6.3557,0.0,4.3927000000000005,0.0,0.0,0.0,0.0,6.3557,0.0,0.0,0.0,4.3927000000000005,0.0,0.0,0.0,6.3557,0.0,4.3927000000000005,0.0,0.0,0.0
2019-04-14 08:00:00,spring,10.272,13.7494,0.22,0.11,0.00035605837630788126,0.0,8.106879233631153,13.7494,0.0,0.0,3.4770439416236916,0.0,0.0,0.0,10.272,0.00035605837630788126,0.0,3.4770439416236916,0.0,0.0,0.00035605837630788126,0.0,13.7494,0.0,0.0,3.4770439416236916,0.0,0.0
2019-04-14 09:00:00,spring,9.2512,21.6294,0.22,0.11,0.00035605837630788126,0.0,8.106879233631153,21.6294,0.0,0.0,12.377843941623691,0.0,0.0,0.0,9.2512,0.00035605837630788126,0.0,12.377843941623691,0.0,0.0,0.00035605837630788126,0.0,21.6294,0.0,0.0,12.377843941623691,0.0,0.0
2019-04-14 10:00:00,spring,8.3469,28.7888,0.22,0.11,0.00035605837630788126,0.0,8.106879233631153,28.788799999999995,0.0,0.0,20.44154394162369,0.0,0.0,0.0,8.3469,0.00035605837630788126,0.0,20.44154394162369,0.0,0.0,0.00035605837630788126,0.0,28.788799999999995,0.0,0.0,20.44154394162369,0.0,0.0
2019-04-14 11:00:00,spring,7.8234,34.1208,0.22,0.11,0.00035605837630788126,0.0,8.106879233631153,34.1208,0.0,0.0,26.297043941623695,0.0,0.0,0.0,7.8234,0.00035605837630788126,0.0,26.297043941623695,0.0,0.0,0.00035605837630788126,0.0,34.1208,0.0,0.0,26.297043941623695,0.0,0.0
2019-04-14 12:00:00,spring,7.5701,36.6688,0.22,0.11,0.00035605837630788126,0.0,8.106879233631153,36.6688,0.0,0.0,29.09834394162369,0.0,0.0,0.0,7.5701,0.00035605837630788126,0.0,29.09834394162369,0.0,0.0,0.00035605837630788126,0.0,36.6688,0.0,0.0,29.09834394162369,0.0,0.0
2019-04-14 13:00:00,spring,7.4326,35.8082,0.22,0.11,19.149042496881428,0.0,26.272918237447335,35.8082,0.0,0.0,9.22655750311857,0.0,0.0,0.0,7.4326,19.149042496881428,0.0,9.22655750311857,0.0,0.0,19.149042496881428,0.0,35.8082,0.0,0.0,9.22655750311857,0.0,0.0
2019-04-14 14:00:00,spring,7.3498,31.4707,0.22,0.11,24.1209,0.0,49.15491849646741,31.4707,0.0,0.0,0.0,0.0,0.0,0.0,7.3498,24.1209,0.0,0.0,0.0,0.0,24.1209,0.0,31.4707,0.0,0.0,0.0,0.0,0.0
2019-04-14 15:00:00,spring,7.3326,24.2895,0.22,0.11,16.9569,0.0,65.23959819157615,24.2895,0.0,0.0,0.0,0.0,0.0,0.0,7.3326,16.9569,0.0,0.0,0.0,0.0,16.9569,0.0,24.2895,0.0,0.0,0.0,0.0,0.0
2019-04-14 16:00:00,spring,7.4323,15.5752,0.22,0.11,8.142900000000001,0.0,72.96191310268037,15.5752,0.0,0.0,0.0,0.0,0.0,0.0,7.4323,8.142900000000001,0.0,0.0,0.0,0.0,8.142900000000001,0.0,15.5752,0.0,0.0,0.0,0.0,0.0
2019-04-14 17:00:00,spring,7.7086,7.1206,0.22,0.11,0.0,0.0,72.95887302296775,7.1206,0.0,0.5880000000000001,0.0,0.0,0.0,0.0,7.1206,0.0,0.0,0.0,0.5880000000000001,0.0,0.0,0.0,7.1206,0.0,0.5880000000000001,0.0,0.0,0.0
2019-04-14 18:00:00,spring,8.1559,1.0343,0.22,0.11,0.0,0.0,72.95583306992512,1.0343,0.0,7.121600000000001,0.0,0.0,0.0,0.0,1.0343,0.0,0.0,0.0,7.121600000000001,0.0,0.0,0.0,1.0343,0.0,7.121600000000001,0.0,0.0,0.0
2019-04-14 19:00:00,spring,8.6301,0.0,0.22,0.11,0.0,8.6301,63.85586909854082,0.0,0.0,0.0,0.0,0.0,0.0,0.0,0.0,0.0,0.0,0.0,0.0,0.0,0.0,8.6301,0.0,0.0,0.0,0.0,0.0,0.0
2019-04-14 20:00:00,spring,8.9023,0.0,0.22,0.11,0.0,8.9023,54.46936029928939,0.0,0.0,0.0,0.0,0.0,0.0,0.0,0.0,0.0,0.0,0.0,0.0,0.0,0.0,8.9023,0.0,0.0,0.0,0.0,0.0,0.0
2019-04-14 21:00:00,spring,8.85,0.0,0.18,0.09,0.0,8.85,45.13837164511353,0.0,0.0,0.0,0.0,0.0,0.0,0.0,0.0,0.0,0.0,0.0,0.0,0.0,0.0,8.85,0.0,0.0,0.0,0.0,0.0,0.0
2019-04-14 22:00:00,spring,8.5716,0.0,0.18,0.09,0.0,8.5716,36.10123114899522,0.0,0.0,0.0,0.0,0.0,0.0,0.0,0.0,0.0,0.0,0.0,0.0,0.0,0.0,8.5716,0.0,0.0,0.0,0.0,0.0,0.0
2019-04-14 23:00:00,spring,8.2742,0.0,0.18,0.09,0.0,8.2742,27.377954325775605,0.0,0.0,0.0,0.0,0.0,0.0,0.0,0.0,0.0,0.0,0.0,0.0,0.0,0.0,8.2742,0.0,0.0,0.0,0.0,0.0,0.0
2019-07-08 00:00:00,summer,8.8476,0.0,0.18,0.09,0.0,8.8476,18.050624302310112,0.0,0.0,0.0,0.0,0.0,0.0,0.0,0.0,0.0,0.0,0.0,0.0,0.0,0.0,8.8476,0.0,0.0,0.0,0.0,0.0,0.0
2019-07-08 01:00:00,summer,8.8186,0.0,0.18,0.09,0.0,8.8186,8.75425160164389,0.0,0.0,0.0,0.0,0.0,0.0,0.0,0.0,0.0,0.0,0.0,0.0,0.0,0.0,8.8186,0.0,0.0,0.0,0.0,0.0,0.0
2019-07-08 02:00:00,summer,8.7814,0.0,0.18,0.09,0.0,0.6125233672869932,8.108230520926233,0.0,0.0,8.168876632713006,0.0,0.0,0.0,0.0,0.0,0.0,0.0,0.0,8.168876632713006,0.0,0.0,0.6125233672869932,0.0,0.0,8.168876632713006,0.0,0.0,0.0
2019-07-08 03:00:00,summer,8.8237,0.0,0.18,0.09,0.0,0.0,8.107892677987882,0.0,0.0,8.8237,0.0,0.0,0.0,0.0,0.0,0.0,0.0,0.0,8.8237,0.0,0.0,0.0,0.0,0.0,8.8237,0.0,0.0,0.0
2019-07-08 04:00:00,summer,9.1247,0.0,0.18,0.09,0.0,0.0,8.107554849126299,0.0,0.0,9.1247,0.0,0.0,0.0,0.0,0.0,0.0,0.0,0.0,9.1247,0.0,0.0,0.0,0.0,0.0,9.1247,0.0,0.0,0.0
2019-07-08 05:00:00,summer,9.8201,1.7264,0.18,0.09,0.0,0.0,8.107217034340918,1.7264,0.0,8.0937,0.0,0.0,0.0,0.0,1.7264,0.0,0.0,0.0,8.0937,0.0,0.0,0.0,1.7264,0.0,8.0937,0.0,0.0,0.0
2019-07-08 06:00:00,summer,10.6683,7.5436,0.18,0.09,0.0,0.0,8.106879233631153,7.5436,0.0,3.1247000000000007,0.0,0.0,0.0,0.0,7.5436,0.0,0.0,0.0,3.1247000000000007,0.0,0.0,0.0,7.5436,0.0,3.1247000000000007,0.0,0.0,0.0
2019-07-08 07:00:00,summer,11.0276,15.0668,0.18,0.09,4.039200000000001,0.0,11.938463024482054,15.0668,0.0,0.0,0.0,0.0,0.0,0.0,11.0276,4.039200000000001,0.0,0.0,0.0,0.0,4.039200000000001,0.0,15.0668,0.0,0.0,0.0,0.0,0.0
2019-07-08 08:00:00,summer,12.9245,23.1656,0.22,0.11,0.0,0.0,11.937965588522701,23.1656,0.0,0.0,10.241100000000001,0.0,0.0,0.0,12.9245,0.0,0.0,10.241100000000001,0.0,0.0,0.0,0.0,23.1656,0.0,0.0,10.241100000000001,0.0,0.0
2019-07-08 09:00:00,summer,11.9482,31.0085,0.22,0.11,0.0,0.0,11.937468173289846,31.0085,0.0,0.0,19.0603,0.0,0.0,0.0,11.9482,0.0,0.0,19.0603,0.0,0.0,0.0,0.0,31.0085,0.0,0.0,19.0603,0.0,0.0
2019-07-08 10:00:00,summer,11.1548,37.8423,0.22,0.11,0.0,0.0,11.936970778782625,37.8423,0.0,0.0,26.6875,0.0,0.0,0.0,11.1548,0.0,0.0,26.6875,0.0,0.0,0.0,0.0,37.8423,0.0,0.0,26.6875,0.0,0.0
2019-07-08 11:00:00,summer,12.0964,42.9139,0.22,0.11,0.0,0.0,11.936473405000175,42.9139,0.0,0.0,30.8175,0.0,0.0,0.0,12.0964,0.0,0.0,30.8175,0.0,0.0,0.0,0.0,42.9139,0.0,0.0,30.8175,0.0,0.0
2019-07-08 12:00:00,summer,12.0442,45.5061,0.22,0.11,0.0,0.0,11.935976051941633,45.5061,0.0,0.0,33.4619,0.0,0.0,0.0,12.0442,0.0,0.0,33.4619,0.0,0.0,0.0,0.0,45.5061,0.0,0.0,33.4619,0.0,0.0
2019-07-08 13:00:00,summer,12.1216,45.0751,0.22,0.11,0.0,0.0,11.935478719606134,45.0751,0.0,0.0,32.9535,0.0,0.0,0.0,12.1216,0.0,0.0,32.9535,0.0,0.0,0.0,0.0,45.0751,0.0,0.0,32.9535,0.0,0.0
2019-07-08 14:00:00,summer,12.2439,41.4336,0.22,0.11,24.19837600634801,0.0,34.891576565161465,41.4336,0.0,0.0,4.991323993651989,0.0,0.0,0.0,12.2439,24.19837600634801,0.0,4.991323993651989,0.0,0.0,24.19837600634801,0.0,41.4336,0.0,0.0,4.991323993651989,0.0,0.0
2019-07-08 15:00:00,summer,12.3995,34.8947,0.22,0.11,22.4952,0.0,56.230943275777165,34.8947,0.0,0.0,0.0,0.0,0.0,0.0,12.3995,22.4952,0.0,0.0,0.0,0.0,22.4952,0.0,34.8947,0.0,0.0,0.0,0.0,0.0
2019-07-08 16:00:00,summer,12.6205,26.3008,0.22,0.11,13.680299999999999,0.0,69.20687244212778,26.3008,0.0,0.0,0.0,0.0,0.0,0.0,12.6205,13.680299999999999,0.0,0.0,0.0,0.0,13.680299999999999,0.0,26.3008,0.0,0.0,0.0,0.0,0.0
2019-07-08 17:00:00,summer,12.9535,16.9147,0.22,0.11,3.9612,0.0,72.96191310268037,16.9147,0.0,0.0,0.0,0.0,0.0,0.0,12.9535,3.9612,0.0,0.0,0.0,0.0,3.9612,0.0,16.9147,0.0,0.0,0.0,0.0,0.0
2019-07-08 18:00:00,summer,12.0864,8.2215,0.22,0.11,0.0,0.0,72.95887302296775,8.2215,0.0,3.8648999999999987,0.0,0.0,0.0,0.0,8.2215,0.0,0.0,0.0,3.8648999999999987,0.0,0.0,0.0,8.2215,0.0,3.8648999999999987,0.0,0.0,0.0
2019-07-08 19:00:00,summer,10.0767,1.8017,0.22,0.11,0.0,0.0,72.95583306992512,1.8017,0.0,8.275,0.0,0.0,0.0,0.0,1.8017,0.0,0.0,0.0,8.275,0.0,0.0,0.0,1.8017,0.0,8.275,0.0,0.0,0.0
2019-07-08 20:00:00,summer,10.205,0.0,0.22,0.11,0.0,10.205,62.19577873620777,0.0,0.0,0.0,0.0,0.0,0.0,0.0,0.0,0.0,0.0,0.0,0.0,0.0,0.0,10.205,0.0,0.0,0.0,0.0,0.0,0.0
2019-07-08 21:00:00,summer,9.9644,0.0,0.18,0.09,0.0,9.9644,51.689787406433155,0.0,0.0,0.0,0.0,0.0,0.0,0.0,0.0,0.0,0.0,0.0,0.0,0.0,0.0,9.9644,0.0,0.0,0.0,0.0,0.0,0.0
2019-07-08 22:00:00,summer,9.4741,0.0,0.18,0.09,0.0,9.4741,41.701055405224146,0.0,0.0,0.0,0.0,0.0,0.0,0.0,0.0,0.0,0.0,0.0,0.0,0.0,0.0,9.4741,0.0,0.0,0.0,0.0,0.0,0.0
2019-07-08 23:00:00,summer,8.9645,0.0,0.18,0.09,0.0,8.9645,32.24990516638911,0.0,0.0,0.0,0.0,0.0,0.0,0.0,0.0,0.0,0.0,0.0,0.0,0.0,0.0,8.9645,0.0,0.0,0.0,0.0,0.0,0.0
2019-07-09 00:00:00,summer,8.4111,0.0,0.18,0.09,0.0,8.4111,23.382483544526423,0.0,0.0,0.0,0.0,0.0,0.0,0.0,0.0,0.0,0.0,0.0,0.0,0.0,0.0,8.4111,0.0,0.0,0.0,0.0,0.0,0.0
2019-07-09 01:00:00,summer,8.3102,0.0,0.18,0.09,0.0,8.3102,14.621789337201653,0.0,0.0,0.0,0.0,0.0,0.0,0.0,0.0,0.0,0.0,0.0,0.0,0.0,0.0,8.3102,0.0,0.0,0.0,0.0,0.0,0.0
2019-07-09 02:00:00,summer,8.257,0.0,0.18,0.09,0.0,6.1787264828979875,8.108230520926252,0.0,0.0,2.078273517102012,0.0,0.0,0.0,0.0,0.0,0.0,0.0,0.0,2.078273517102012,0.0,0.0,6.1787264828979875,0.0,0.0,2.078273517102012,0.0,0.0,0.0
2019-07-09 03:00:00,summer,8.341,0.0,0.18,0.09,0.0,0.0,8.10789267798788,0.0,0.0,8.341,0.0,0.0,0.0,0.0,0.0,0.0,0.0,0.0,8.341,0.0,0.0,0.0,0.0,0.0,8.341,0.0,0.0,0.0
2019-07-09 04:00:00,summer,8.737,0.0,0.18,0.09,0.0,0.0,8.107554849126297,0.0,0.0,8.737,0.0,0.0,0.0,0.0,0.0,0.0,0.0,0.0,8.737,0.0,0.0,0.0,0.0,0.0,8.737,0.0,0.0,0.0
2019-07-09 05:00:00,summer,9.5699,1.6815,0.18,0.09,0.0,0.0,8.107217034340916,1.6815,0.0,7.888400000000001,0.0,0.0,0.0,0.0,1.6815,0.0,0.0,0.0,7.888400000000001,0.0,0.0,0.0,1.6815,0.0,7.888400000000001,0.0,0.0,0.0
2019-07-09 06:00:00,summer,10.5833,7.3432,0.18,0.09,0.0,0.0,8.106879233631153,7.3432,0.0,3.240099999999999,0.0,0.0,0.0,0.0,7.3432,0.0,0.0,0.0,3.240099999999999,0.0,0.0,0.0,7.3432,0.0,3.240099999999999,0.0,0.0,0.0
2019-07-09 07:00:00,summer,11.1171,14.6608,0.18,0.09,3.5436999999999994,0.0,11.468390450298024,14.6608,0.0,0.0,0.0,0.0,0.0,0.0,11.1171,3.5436999999999994,0.0,0.0,0.0,0.0,3.5436999999999994,0.0,14.6608,0.0,0.0,0.0,0.0,0.0
2019-07-09 08:00:00,summer,13.1786,22.5391,0.22,0.11,0.0,0.0,11.467912600695927,22.5391,0.0,0.0,9.360500000000002,0.0,0.0,0.0,13.1786,0.0,0.0,9.360500000000002,0.0,0.0,0.0,0.0,22.5391,0.0,0.0,9.360500000000002,0.0,0.0
2019-07-09 09:00:00,summer,12.339,30.1756,0.22,0.11,0.0,0.0,11.46743477100423,30.175599999999996,0.0,0.0,17.836599999999997,0.0,0.0,0.0,12.339,0.0,0.0,17.836599999999997,0.0,0.0,0.0,0.0,30.175599999999996,0.0,0.0,17.836599999999997,0.0,0.0
2019-07-09 10:00:00,summer,11.6392,36.8422,0.22,0.11,0.0,0.0,11.466956961222104,36.8422,0.0,0.0,25.202999999999996,0.0,0.0,0.0,11.6392,0.0,0.0,25.202999999999996,0.0,0.0,0.0,0.0,36.8422,0.0,0.0,25.202999999999996,0.0,0.0
2019-07-09 11:00:00,summer,12.6212,41.8053,0.22,0.11,0.0,0.0,11.46647917134872,41.8053,0.0,0.0,29.1841,0.0,0.0,0.0,12.6212,0.0,0.0,29.1841,0.0,0.0,0.0,0.0,41.8053,0.0,0.0,29.1841,0.0,0.0
2019-07-09 12:00:00,summer,12.5514,44.3599,0.22,0.11,0.0,0.0,11.466001401383247,44.3599,0.0,0.0,31.808500000000002,0.0,0.0,0.0,12.5514,0.0,0.0,31.808500000000002,0.0,0.0,0.0,0.0,44.3599,0.0,0.0,31.808500000000002,0.0,0.0
2019-07-09 13:00:00,summer,12.5556,43.9665,0.22,0.11,0.0,0.0,11.465523651324855,43.9665,0.0,0.0,31.410900000000005,0.0,0.0,0.0,12.5556,0.0,0.0,31.410900000000005,0.0,0.0,0.0,0.0,43.9665,0.0,0.0,31.410900000000005,0.0,0.0
2019-07-09 14:00:00,summer,12.5569,40.4336,0.22,0.11,26.51475113160027,0.0,36.61914747168785,40.4336,0.0,0.0,1.361948868399729,0.0,0.0,0.0,12.5569,26.51475113160027,0.0,1.361948868399729,0.0,0.0,26.51475113160027,0.0,40.4336,0.0,0.0,1.361948868399729,0.0,0.0
2019-07-09 15:00:00,summer,12.5569,34.0618,0.22,0.11,21.5049,0.0,57.01896113012302,34.0618,0.0,0.0,0.0,0.0,0.0,0.0,12.5569,21.5049,0.0,0.0,0.0,0.0,21.5049,0.0,34.0618,0.0,0.0,0.0,0.0,0.0
2019-07-09 16:00:00,summer,12.6051,25.6742,0.22,0.11,13.069099999999999,0.0,69.4150222306279,25.6742,0.0,0.0,0.0,0.0,0.0,0.0,12.6051,13.069099999999999,0.0,0.0,0.0,0.0,13.069099999999999,0.0,25.6742,0.0,0.0,0.0,0.0,0.0
2019-07-09 17:00:00,summer,12.7669,16.5087,0.22,0.11,3.7418000000000013,0.0,72.96191310268037,16.5087,0.0,0.0,0.0,0.0,0.0,0.0,12.7669,3.7418000000000013,0.0,0.0,0.0,0.0,3.7418000000000013,0.0,16.5087,0.0,0.0,0.0,0.0,0.0
2019-07-09 18:00:00,summer,11.7492,8.021,0.22,0.11,0.0,0.0,72.95887302296775,8.021,0.0,3.7281999999999993,0.0,0.0,0.0,0.0,8.021,0.0,0.0,0.0,3.7281999999999993,0.0,0.0,0.0,8.021,0.0,3.7281999999999993,0.0,0.0,0.0
2019-07-09 19:00:00,summer,9.6261,1.7568,0.22,0.11,0.0,0.0,72.95583306992512,1.7568,0.0,7.869299999999999,0.0,0.0,0.0,0.0,1.7568,0.0,0.0,0.0,7.869299999999999,0.0,0.0,0.0,1.7568,0.0,7.869299999999999,0.0,0.0,0.0
2019-07-09 20:00:00,summer,9.6905,0.0,0.22,0.11,0.0,9.6905,62.73810935492664,0.0,0.0,0.0,0.0,0.0,0.0,0.0,0.0,0.0,0.0,0.0,0.0,0.0,0.0,9.6905,0.0,0.0,0.0,0.0,0.0,0.0
2019-07-09 21:00:00,summer,9.4426,0.0,0.18,0.09,0.0,9.4426,52.78212092240154,0.0,0.0,0.0,0.0,0.0,0.0,0.0,0.0,0.0,0.0,0.0,0.0,0.0,0.0,9.4426,0.0,0.0,0.0,0.0,0.0,0.0
2019-07-09 22:00:00,summer,9.0025,0.0,0.18,0.09,0.0,9.0025,43.29045345547449,0.0,0.0,0.0,0.0,0.0,0.0,0.0,0.0,0.0,0.0,0.0,0.0,0.0,0.0,9.0025,0.0,0.0,0.0,0.0,0.0,0.0
2019-07-09 23:00:00,summer,8.5951,0.0,0.18,0.09,0.0,8.5951,34.22861878094277,0.0,0.0,0.0,0.0,0.0,0.0,0.0,0.0,0.0,0.0,0.0,0.0,0.0,0.0,8.5951,0.0,0.0,0.0,0.0,0.0,0.0
2019-07-10 00:00:00,summer,8.1765,0.0,0.18,0.09,0.0,8.1765,25.60840482570464,0.0,0.0,0.0,0.0,0.0,0.0,0.0,0.0,0.0,0.0,0.0,0.0,0.0,0.0,8.1765,0.0,0.0,0.0,0.0,0.0,0.0
2019-07-10 01:00:00,summer,8.2425,0.0,0.18,0.09,0.0,8.2425,16.918979937524277,0.0,0.0,0.0,0.0,0.0,0.0,0.0,0.0,0.0,0.0,0.0,0.0,0.0,0.0,8.2425,0.0,0.0,0.0,0.0,0.0,0.0
2019-07-10 02:00:00,summer,8.3636,0.0,0.18,0.09,0.0,8.357621514123268,8.108568377942001,0.0,0.0,0.005978485876731585,0.0,0.0,0.0,0.0,0.0,0.0,0.0,0.0,0.005978485876731585,0.0,0.0,8.357621514123268,0.0,0.0,0.005978485876731585,0.0,0.0,0.0
2019-07-10 03:00:00,summer,8.6103,0.0,0.18,0.09,0.0,0.0,8.108230520926254,0.0,0.0,8.6103,0.0,0.0,0.0,0.0,0.0,0.0,0.0,0.0,8.6103,0.0,0.0,0.0,0.0,0.0,8.6103,0.0,0.0,0.0
2019-07-10 04:00:00,summer,9.1393,0.0,0.18,0.09,0.0,0.0,8.10789267798788,0.0,0.0,9.1393,0.0,0.0,0.0,0.0,0.0,0.0,0.0,0.0,9.1393,0.0,0.0,0.0,0.0,0.0,9.1393,0.0,0.0,0.0
2019-07-10 05:00:00,summer,10.0609,1.3369,0.18,0.09,0.0,0.0,8.107554849126297,1.3369,0.0,8.724,0.0,0.0,0.0,0.0,1.3369,0.0,0.0,0.0,8.724,0.0,0.0,0.0,1.3369,0.0,8.724,0.0,0.0,0.0
2019-07-10 06:00:00,summer,11.1089,5.8054,0.18,0.09,0.0,0.0,8.107217034340916,5.8054,0.0,5.3035000000000005,0.0,0.0,0.0,0.0,5.8054,0.0,0.0,0.0,5.3035000000000005,0.0,0.0,0.0,5.8054,0.0,5.3035000000000005,0.0,0.0,0.0
2019-07-10 07:00:00,summer,11.6195,11.5469,0.18,0.09,0.0,0.0,8.106879233631153,11.5469,0.0,0.07259999999999955,0.0,0.0,0.0,0.0,11.5469,0.0,0.0,0.0,0.07259999999999955,0.0,0.0,0.0,11.5469,0.0,0.07259999999999955,0.0,0.0,0.0
2019-07-10 08:00:00,summer,13.6024,17.733,0.22,0.11,0.00035605837630788126,0.0,8.106879233631153,17.733,0.0,0.0,4.130243941623693,0.0,0.0,0.0,13.6024,0.00035605837630788126,0.0,4.130243941623693,0.0,0.0,0.00035605837630788126,0.0,17.733,0.0,0.0,4.130243941623693,0.0,0.0
2019-07-10 09:00:00,summer,12.6376,23.7865,0.22,0.11,0.00035605837630788126,0.0,8.106879233631153,23.7865,0.0,0.0,11.148543941623691,0.0,0.0,0.0,12.6376,0.00035605837630788126,0.0,11.148543941623691,0.0,0.0,0.00035605837630788126,0.0,23.7865,0.0,0.0,11.148543941623691,0.0,0.0
2019-07-10 10:00:00,summer,11.7798,29.1709,0.22,0.11,0.00035605837630788126,0.0,8.106879233631153,29.170900000000003,0.0,0.0,17.390743941623693,0.0,0.0,0.0,11.7798,0.00035605837630788126,0.0,17.390743941623693,0.0,0.0,0.00035605837630788126,0.0,29.170900000000003,0.0,0.0,17.390743941623693,0.0,0.0
2019-07-10 11:00:00,summer,12.5882,33.3015,0.22,0.11,0.00035605837630788126,0.0,8.106879233631153,33.3015,0.0,0.0,20.71294394162369,0.0,0.0,0.0,12.5882,0.00035605837630788126,0.0,20.71294394162369,0.0,0.0,0.00035605837630788126,0.0,33.3015,0.0,0.0,20.71294394162369,0.0,0.0
2019-07-10 12:00:00,summer,12.3486,35.5678,0.22,0.11,0.00035605837630788126,0.0,8.106879233631153,35.5678,0.0,0.0,23.218843941623692,0.0,0.0,0.0,12.3486,0.00035605837630788126,0.0,23.218843941623692,0.0,0.0,0.00035605837630788126,0.0,35.5678,0.0,0.0,23.218843941623692,0.0,0.0
2019-07-10 13:00:00,summer,12.2051,35.4627,0.22,0.11,22.200539972858955,0.0,29.167822926950517,35.4627,0.0,0.0,1.0570600271410413,0.0,0.0,0.0,12.2051,22.200539972858955,0.0,1.0570600271410413,0.0,0.0,22.200539972858955,0.0,35.4627,0.0,0.0,1.0570600271410413,0.0,0.0
2019-07-10 14:00:00,summer,12.0974,32.7623,0.22,0.11,20.664900000000003,0.0,48.77105308687929,32.7623,0.0,0.0,0.0,0.0,0.0,0.0,12.0974,20.664900000000003,0.0,0.0,0.0,0.0,20.664900000000003,0.0,32.7623,0.0,0.0,0.0,0.0,0.0
2019-07-10 15:00:00,summer,12.039,27.6727,0.22,0.11,15.6337,0.0,63.600451036399654,27.6727,0.0,0.0,0.0,0.0,0.0,0.0,12.039,15.6337,0.0,0.0,0.0,0.0,15.6337,0.0,27.6727,0.0,0.0,0.0,0.0,0.0
2019-07-10 16:00:00,summer,12.0858,20.8682,0.22,0.11,8.7824,0.0,71.92951721440531,20.8682,0.0,0.0,0.0,0.0,0.0,0.0,12.0858,8.7824,0.0,0.0,0.0,0.0,8.7824,0.0,20.8682,0.0,0.0,0.0,0.0,0.0
2019-07-10 17:00:00,summer,12.3033,13.3947,0.22,0.11,1.0914000000000001,0.0,72.96191310268037,13.3947,0.0,0.0,0.0,0.0,0.0,0.0,12.3033,1.0914000000000001,0.0,0.0,0.0,0.0,1.0914000000000001,0.0,13.3947,0.0,0.0,0.0,0.0,0.0
2019-07-10 18:00:00,summer,11.3924,6.4833,0.22,0.11,0.0,0.0,72.95887302296775,6.4833,0.0,4.9091000000000005,0.0,0.0,0.0,0.0,6.4833,0.0,0.0,0.0,4.9091000000000005,0.0,0.0,0.0,6.4833,0.0,4.9091000000000005,0.0,0.0,0.0
2019-07-10 19:00:00,summer,9.4154,1.4122,0.22,0.11,0.0,0.0,72.95583306992512,1.4122,0.0,8.0032,0.0,0.0,0.0,0.0,1.4122,0.0,0.0,0.0,8.0032,0.0,0.0,0.0,1.4122,0.0,8.0032,0.0,0.0,0.0
2019-07-10 20:00:00,summer,9.649,0.0,0.22,0.11,0.0,9.649,62.78185419589231,0.0,0.0,0.0,0.0,0.0,0.0,0.0,0.0,0.0,0.0,0.0,0.0,0.0,0.0,9.649,0.0,0.0,0.0,0.0,0.0,0.0
2019-07-10 21:00:00,summer,9.575,0.0,0.18,0.09,0.0,9.575,52.686302086596726,0.0,0.0,0.0,0.0,0.0,0.0,0.0,0.0,0.0,0.0,0.0,0.0,0.0,0.0,9.575,0.0,0.0,0.0,0.0,0.0,0.0
2019-07-10 22:00:00,summer,9.2941,0.0,0.18,0.09,0.0,9.2941,42.88726522355281,0.0,0.0,0.0,0.0,0.0,0.0,0.0,0.0,0.0,0.0,0.0,0.0,0.0,0.0,9.2941,0.0,0.0,0.0,0.0,0.0,0.0
2019-07-10 23:00:00,summer,9.0138,0.0,0.18,0.09,0.0,9.0138,33.38409879642658,0.0,0.0,0.0,0.0,0.0,0.0,0.0,0.0,0.0,0.0,0.0,0.0,0.0,0.0,9.0138,0.0,0.0,0.0,0.0,0.0,0.0
2019-07-11 00:00:00,summer,8.6735,0.0,0.18,0.09,0.0,8.6735,24.24003603048658,0.0,0.0,0.0,0.0,0.0,0.0,0.0,0.0,0.0,0.0,0.0,0.0,0.0,0.0,8.6735,0.0,0.0,0.0,0.0,0.0,0.0
2019-07-11 01:00:00,summer,8.7684,0.0,0.18,0.09,0.0,8.7684,14.996320883845188,0.0,0.0,0.0,0.0,0.0,0.0,0.0,0.0,0.0,0.0,0.0,0.0,0.0,0.0,8.7684,0.0,0.0,0.0,0.0,0.0,0.0
2019-07-11 02:00:00,summer,8.8606,0.0,0.18,0.09,0.0,6.533702981824479,8.108568377942001,0.0,0.0,2.32689701817552,0.0,0.0,0.0,0.0,0.0,0.0,0.0,0.0,2.32689701817552,0.0,0.0,6.533702981824479,0.0,0.0,2.32689701817552,0.0,0.0,0.0
2019-07-11 03:00:00,summer,9.0236,0.0,0.18,0.09,0.0,0.0,8.108230520926254,0.0,0.0,9.0236,0.0,0.0,0.0,0.0,0.0,0.0,0.0,0.0,9.0236,0.0,0.0,0.0,0.0,0.0,9.0236,0.0,0.0,0.0
2019-07-11 04:00:00,summer,9.4233,0.0,0.18,0.09,0.0,0.0,8.10789267798788,0.0,0.0,9.4233,0.0,0.0,0.0,0.0,0.0,0.0,0.0,0.0,9.4233,0.0,0.0,0.0,0.0,0.0,9.4233,0.0,0.0,0.0
2019-07-11 05:00:00,summer,10.1845,1.0878,0.18,0.09,0.0,0.0,8.107554849126297,1.0878,0.0,9.0967,0.0,0.0,0.0,0.0,1.0878,0.0,0.0,0.0,9.0967,0.0,0.0,0.0,1.0878,0.0,9.0967,0.0,0.0,0.0
2019-07-11 06:00:00,summer,11.0585,4.6936,0.18,0.09,0.0,0.0,8.107217034340916,4.6936,0.0,6.3649000000000004,0.0,0.0,0.0,0.0,4.6936,0.0,0.0,0.0,6.3649000000000004,0.0,0.0,0.0,4.6936,0.0,6.3649000000000004,0.0,0.0,0.0
2019-07-11 07:00:00,summer,11.4006,9.3502,0.18,0.09,0.0,0.0,8.106879233631153,9.3502,0.0,2.0504000000000016,0.0,0.0,0.0,0.0,9.3502,0.0,0.0,0.0,2.0504000000000016,0.0,0.0,0.0,9.3502,0.0,2.0504000000000016,0.0,0.0,0.0
2019-07-11 08:00:00,summer,13.2391,14.431,0.22,0.11,0.00035605837630788126,0.0,8.106879233631153,14.431,0.0,0.0,1.1915439416236908,0.0,0.0,0.0,13.2391,0.00035605837630788126,0.0,1.1915439416236908,0.0,0.0,0.00035605837630788126,0.0,14.431,0.0,0.0,1.1915439416236908,0.0,0.0
2019-07-11 09:00:00,summer,12.1699,19.1843,0.22,0.11,0.00035605837630788126,0.0,8.106879233631153,19.1843,0.0,0.0,7.014043941623692,0.0,0.0,0.0,12.1699,0.00035605837630788126,0.0,7.014043941623692,0.0,0.0,0.00035605837630788126,0.0,19.1843,0.0,0.0,7.014043941623692,0.0,0.0
2019-07-11 10:00:00,summer,11.2592,23.6249,0.22,0.11,0.00035605837630788126,0.0,8.106879233631153,23.6249,0.0,0.0,12.365343941623692,0.0,0.0,0.0,11.2592,0.00035605837630788126,0.0,12.365343941623692,0.0,0.0,0.00035605837630788126,0.0,23.6249,0.0,0.0,12.365343941623692,0.0,0.0
2019-07-11 11:00:00,summer,12.072,27.1536,0.22,0.11,2.090683641340224,0.0,10.08993809904332,27.1536,0.0,0.0,12.990916358659778,0.0,0.0,0.0,12.072,2.090683641340224,0.0,12.990916358659778,0.0,0.0,2.090683641340224,0.0,27.1536,0.0,0.0,12.990916358659778,0.0,0.0
2019-07-11 12:00:00,summer,11.8936,29.2114,0.22,0.11,17.317800000000002,0.0,26.518625303935046,29.2114,0.0,0.0,0.0,0.0,0.0,0.0,11.8936,17.317800000000002,0.0,0.0,0.0,0.0,17.317800000000002,0.0,29.2114,0.0,0.0,0.0,0.0,0.0
2019-07-11 13:00:00,summer,11.8614,29.3148,0.22,0.11,17.453400000000002,0.0,43.075269435408885,29.3148,0.0,0.0,0.0,0.0,0.0,0.0,11.8614,17.453400000000002,0.0,0.0,0.0,0.0,17.453400000000002,0.0,29.3148,0.0,0.0,0.0,0.0,0.0
2019-07-11 14:00:00,summer,11.9029,27.2163,0.22,0.11,15.3134,0.0,57.60104144888248,27.2163,0.0,0.0,0.0,0.0,0.0,0.0,11.9029,15.3134,0.0,0.0,0.0,0.0,15.3134,0.0,27.2163,0.0,0.0,0.0,0.0,0.0
2019-07-11 15:00:00,summer,12.015,23.0537,0.22,0.11,11.038699999999999,0.0,68.07087172767898,23.0537,0.0,0.0,0.0,0.0,0.0,0.0,12.015,11.038699999999999,0.0,0.0,0.0,0.0,11.038699999999999,0.0,23.0537,0.0,0.0,0.0,0.0,0.0
2019-07-11 16:00:00,summer,12.235,17.3936,0.22,0.11,5.1586,0.0,72.96191310268037,17.3936,0.0,0.0,0.0,0.0,0.0,0.0,12.235,5.1586,0.0,0.0,0.0,0.0,5.1586,0.0,17.3936,0.0,0.0,0.0,0.0,0.0
2019-07-11 17:00:00,summer,12.6094,11.1435,0.22,0.11,0.0,0.0,72.95887302296775,11.1435,0.0,1.4659000000000013,0.0,0.0,0.0,0.0,11.1435,0.0,0.0,0.0,1.4659000000000013,0.0,0.0,0.0,11.1435,0.0,1.4659000000000013,0.0,0.0,0.0
2019-07-11 18:00:00,summer,11.8216,5.3715,0.22,0.11,0.0,0.0,72.95583306992512,5.3715,0.0,6.4501,0.0,0.0,0.0,0.0,5.3715,0.0,0.0,0.0,6.4501,0.0,0.0,0.0,5.3715,0.0,6.4501,0.0,0.0,0.0
2019-07-11 19:00:00,summer,9.9203,1.1632,0.22,0.11,0.0,0.0,72.9527932435472,1.1632,0.0,8.7571,0.0,0.0,0.0,0.0,1.1632,0.0,0.0,0.0,8.7571,0.0,0.0,0.0,1.1632,0.0,8.7571,0.0,0.0,0.0
2019-07-11 20:00:00,summer,10.1742,0.0,0.22,0.11,0.0,10.1742,62.22520508713368,0.0,0.0,0.0,0.0,0.0,0.0,0.0,0.0,0.0,0.0,0.0,0.0,0.0,0.0,10.1742,0.0,0.0,0.0,0.0,0.0,0.0
2019-07-11 21:00:00,summer,10.0626,0.0,0.18,0.09,0.0,10.0626,51.61570064251827,0.0,0.0,0.0,0.0,0.0,0.0,0.0,0.0,0.0,0.0,0.0,0.0,0.0,0.0,10.0626,0.0,0.0,0.0,0.0,0.0,0.0
2019-07-11 22:00:00,summer,9.6905,0.0,0.18,0.09,0.0,9.6905,41.398866099704264,0.0,0.0,0.0,0.0,0.0,0.0,0.0,0.0,0.0,0.0,0.0,0.0,0.0,0.0,9.6905,0.0,0.0,0.0,0.0,0.0,0.0
2019-07-11 23:00:00,summer,9.2754,0.0,0.18,0.09,0.0,9.2754,31.620011077241514,0.0,0.0,0.0,0.0,0.0,0.0,0.0,0.0,0.0,0.0,0.0,0.0,0.0,0.0,9.2754,0.0,0.0,0.0,0.0,0.0,0.0
2019-07-12 00:00:00,summer,8.78,0.0,0.18,0.09,0.0,8.78,22.363760958020507,0.0,0.0,0.0,0.0,0.0,0.0,0.0,0.0,0.0,0.0,0.0,0.0,0.0,0.0,8.78,0.0,0.0,0.0,0.0,0.0,0.0
2019-07-12 01:00:00,summer,8.7006,0.0,0.18,0.09,0.0,8.7006,13.1915914646269,0.0,0.0,0.0,0.0,0.0,0.0,0.0,0.0,0.0,0.0,0.0,0.0,0.0,0.0,8.7006,0.0,0.0,0.0,0.0,0.0,0.0
2019-07-12 02:00:00,summer,8.6258,0.0,0.18,0.09,0.0,4.821657662505747,8.108568377942001,0.0,0.0,3.8041423374942527,0.0,0.0,0.0,0.0,0.0,0.0,0.0,0.0,3.8041423374942527,0.0,0.0,4.821657662505747,0.0,0.0,3.8041423374942527,0.0,0.0,0.0
2019-07-12 03:00:00,summer,8.6478,0.0,0.18,0.09,0.0,0.0,8.108230520926254,0.0,0.0,8.6478,0.0,0.0,0.0,0.0,0.0,0.0,0.0,0.0,8.6478,0.0,0.0,0.0,0.0,0.0,8.6478,0.0,0.0,0.0
2019-07-12 04:00:00,summer,8.9479,0.0,0.18,0.09,0.0,0.0,8.10789267798788,0.0,0.0,8.9479,0.0,0.0,0.0,0.0,0.0,0.0,0.0,0.0,8.9479,0.0,0.0,0.0,0.0,0.0,8.9479,0.0,0.0,0.0
2019-07-12 05:00:00,summer,9.6617,1.2198,0.18,0.09,0.0,0.0,8.107554849126297,1.2198,0.0,8.4419,0.0,0.0,0.0,0.0,1.2198,0.0,0.0,0.0,8.4419,0.0,0.0,0.0,1.2198,0.0,8.4419,0.0,0.0,0.0
2019-07-12 06:00:00,summer,10.5459,5.2827,0.18,0.09,0.0,0.0,8.107217034340916,5.2827,0.0,5.263199999999999,0.0,0.0,0.0,0.0,5.2827,0.0,0.0,0.0,5.263199999999999,0.0,0.0,0.0,5.2827,0.0,5.263199999999999,0.0,0.0,0.0
2019-07-12 07:00:00,summer,10.9546,10.4885,0.18,0.09,0.0,0.0,8.106879233631153,10.4885,0.0,0.46609999999999907,0.0,0.0,0.0,0.0,10.4885,0.0,0.0,0.0,0.46609999999999907,0.0,0.0,0.0,10.4885,0.0,0.46609999999999907,0.0,0.0,0.0
2019-07-12 08:00:00,summer,12.9089,16.0996,0.22,0.11,0.00035605837630788126,0.0,8.106879233631153,16.0996,0.0,0.0,3.190343941623692,0.0,0.0,0.0,12.9089,0.00035605837630788126,0.0,3.190343941623692,0.0,0.0,0.00035605837630788126,0.0,16.0996,0.0,0.0,3.190343941623692,0.0,0.0
2019-07-12 09:00:00,summer,11.9918,21.615,0.22,0.11,0.00035605837630788126,0.0,8.106879233631153,21.615,0.0,0.0,9.62284394162369,0.0,0.0,0.0,11.9918,0.00035605837630788126,0.0,9.62284394162369,0.0,0.0,0.00035605837630788126,0.0,21.615,0.0,0.0,9.62284394162369,0.0,0.0
2019-07-12 10:00:00,summer,11.2527,26.5637,0.22,0.11,0.00035605837630788126,0.0,8.106879233631153,26.5637,0.0,0.0,15.310643941623692,0.0,0.0,0.0,11.2527,0.00035605837630788126,0.0,15.310643941623692,0.0,0.0,0.00035605837630788126,0.0,26.5637,0.0,0.0,15.310643941623692,0.0,0.0
2019-07-12 11:00:00,summer,12.2379,30.4113,0.22,0.11,0.00035605837630788126,0.0,8.106879233631153,30.4113,0.0,0.0,18.173043941623693,0.0,0.0,0.0,12.2379,0.00035605837630788126,0.0,18.173043941623693,0.0,0.0,0.00035605837630788126,0.0,30.4113,0.0,0.0,18.173043941623693,0.0,0.0
2019-07-12 12:00:00,summer,12.2137,32.5796,0.22,0.11,10.875653408113655,0.0,18.42409219065999,32.5796,0.0,0.0,9.490246591886345,0.0,0.0,0.0,12.2137,10.875653408113655,0.0,9.490246591886345,0.0,0.0,10.875653408113655,0.0,32.5796,0.0,0.0,9.490246591886345,0.0,0.0
2019-07-12 13:00:00,summer,12.3004,32.5725,0.22,0.11,20.2721,0.0,37.655127206561865,32.5725,0.0,0.0,0.0,0.0,0.0,0.0,12.3004,20.2721,0.0,0.0,0.0,0.0,20.2721,0.0,32.5725,0.0,0.0,0.0,0.0,0.0
2019-07-12 14:00:00,summer,12.4125,30.1551,0.22,0.11,17.742600000000003,0.0,54.4856665269193,30.155100000000004,0.0,0.0,0.0,0.0,0.0,0.0,12.4125,17.742600000000003,0.0,0.0,0.0,0.0,17.742600000000003,0.0,30.155100000000004,0.0,0.0,0.0,0.0,0.0
2019-07-12 15:00:00,summer,12.5391,25.5013,0.22,0.11,12.962200000000001,0.0,66.78041893680438,25.5013,0.0,0.0,0.0,0.0,0.0,0.0,12.5391,12.962200000000001,0.0,0.0,0.0,0.0,12.962200000000001,0.0,25.5013,0.0,0.0,0.0,0.0,0.0
2019-07-12 16:00:00,summer,12.7159,19.2347,0.22,0.11,6.518800000000001,0.0,72.96191310268037,19.2347,0.0,0.0,0.0,0.0,0.0,0.0,12.7159,6.518800000000001,0.0,0.0,0.0,0.0,6.518800000000001,0.0,19.2347,0.0,0.0,0.0,0.0,0.0
2019-07-12 17:00:00,summer,12.994,12.3364,0.22,0.11,0.0,0.0,72.95887302296775,12.3364,0.0,0.6576000000000004,0.0,0.0,0.0,0.0,12.3364,0.0,0.0,0.0,0.6576000000000004,0.0,0.0,0.0,12.3364,0.0,0.6576000000000004,0.0,0.0,0.0
2019-07-12 18:00:00,summer,12.0677,5.9606,0.22,0.11,0.0,0.0,72.95583306992512,5.9606,0.0,6.1071,0.0,0.0,0.0,0.0,5.9606,0.0,0.0,0.0,6.1071,0.0,0.0,0.0,5.9606,0.0,6.1071,0.0,0.0,0.0
2019-07-12 19:00:00,summer,10.0009,1.2952,0.22,0.11,0.0,0.0,72.9527932435472,1.2952,0.0,8.7057,0.0,0.0,0.0,0.0,1.2952,0.0,0.0,0.0,8.7057,0.0,0.0,0.0,1.2952,0.0,8.7057,0.0,0.0,0.0
2019-07-12 20:00:00,summer,10.0803,0.0,0.22,0.11,0.0,10.0803,62.32418437789695,0.0,0.0,0.0,0.0,0.0,0.0,0.0,0.0,0.0,0.0,0.0,0.0,0.0,0.0,10.0803,0.0,0.0,0.0,0.0,0.0,0.0
2019-07-12 21:00:00,summer,9.8046,0.0,0.18,0.09,0.0,9.8046,51.9866316879189,0.0,0.0,0.0,0.0,0.0,0.0,0.0,0.0,0.0,0.0,0.0,0.0,0.0,0.0,9.8046,0.0,0.0,0.0,0.0,0.0,0.0
2019-07-12 22:00:00,summer,9.2968,0.0,0.18,0.09,0.0,9.2968,42.184777927914105,0.0,0.0,0.0,0.0,0.0,0.0,0.0,0.0,0.0,0.0,0.0,0.0,0.0,0.0,9.2968,0.0,0.0,0.0,0.0,0.0,0.0
2019-07-12 23:00:00,summer,8.7892,0.0,0.18,0.09,0.0,8.7892,32.918389958583134,0.0,0.0,0.0,0.0,0.0,0.0,0.0,0.0,0.0,0.0,0.0,0.0,0.0,0.0,8.7892,0.0,0.0,0.0,0.0,0.0,0.0
2019-07-13 00:00:00,summer,8.2556,0.0,0.18,0.09,0.0,8.2556,24.2148518752395,0.0,0.0,0.0,0.0,0.0,0.0,0.0,0.0,0.0,0.0,0.0,0.0,0.0,0.0,8.2556,0.0,0.0,0.0,0.0,0.0,0.0
2019-07-13 01:00:00,summer,8.1921,0.0,0.18,0.09,0.0,8.1921,15.578611316456229,0.0,0.0,0.0,0.0,0.0,0.0,0.0,0.0,0.0,0.0,0.0,0.0,0.0,0.0,8.1921,0.0,0.0,0.0,0.0,0.0,0.0
2019-07-13 02:00:00,summer,8.1894,0.0,0.18,0.09,0.0,7.086409692114816,8.108230520926252,0.0,0.0,1.1029903078851833,0.0,0.0,0.0,0.0,0.0,0.0,0.0,0.0,1.1029903078851833,0.0,0.0,7.086409692114816,0.0,0.0,1.1029903078851833,0.0,0.0,0.0
2019-07-13 03:00:00,summer,8.3314,0.0,0.18,0.09,0.0,0.0,8.10789267798788,0.0,0.0,8.3314,0.0,0.0,0.0,0.0,0.0,0.0,0.0,0.0,8.3314,0.0,0.0,0.0,0.0,0.0,8.3314,0.0,0.0,0.0
2019-07-13 04:00:00,summer,8.7863,0.0,0.18,0.09,0.0,0.0,8.107554849126297,0.0,0.0,8.7863,0.0,0.0,0.0,0.0,0.0,0.0,0.0,0.0,8.7863,0.0,0.0,0.0,0.0,0.0,8.7863,0.0,0.0,0.0
2019-07-13 05:00:00,summer,9.6728,1.5815,0.18,0.09,0.0,0.0,8.107217034340916,1.5815,0.0,8.0913,0.0,0.0,0.0,0.0,1.5815,0.0,0.0,0.0,8.0913,0.0,0.0,0.0,1.5815,0.0,8.0913,0.0,0.0,0.0
2019-07-13 06:00:00,summer,10.7284,6.8972,0.18,0.09,0.0,0.0,8.106879233631153,6.8972,0.0,3.831200000000001,0.0,0.0,0.0,0.0,6.8972,0.0,0.0,0.0,3.831200000000001,0.0,0.0,0.0,6.8972,0.0,3.831200000000001,0.0,0.0,0.0
2019-07-13 07:00:00,summer,11.2884,13.7577,0.18,0.09,2.4693000000000005,0.0,10.449125114872553,13.7577,0.0,0.0,0.0,0.0,0.0,0.0,11.2884,2.4693000000000005,0.0,0.0,0.0,0.0,2.4693000000000005,0.0,13.7577,0.0,0.0,0.0,0.0,0.0
2019-07-13 08:00:00,summer,13.3573,21.1452,0.22,0.11,0.0,0.0,10.448689734659432,21.1452,0.0,0.0,7.787899999999999,0.0,0.0,0.0,13.3573,0.0,0.0,7.787899999999999,0.0,0.0,0.0,0.0,21.1452,0.0,0.0,7.787899999999999,0.0,0.0
2019-07-13 09:00:00,summer,12.5054,28.3226,0.22,0.11,0.0,0.0,10.448254372587154,28.3226,0.0,0.0,15.817200000000001,0.0,0.0,0.0,12.5054,0.0,0.0,15.817200000000001,0.0,0.0,0.0,0.0,28.3226,0.0,0.0,15.817200000000001,0.0,0.0
2019-07-13 10:00:00,summer,11.775,34.6174,0.22,0.11,0.0,0.0,10.447819028654962,34.6174,0.0,0.0,22.842400000000005,0.0,0.0,0.0,11.775,0.0,0.0,22.842400000000005,0.0,0.0,0.0,0.0,34.6174,0.0,0.0,22.842400000000005,0.0,0.0
2019-07-13 11:00:00,summer,12.7114,39.3391,0.22,0.11,0.0,0.0,10.447383702862101,39.3391,0.0,0.0,26.627700000000004,0.0,0.0,0.0,12.7114,0.0,0.0,26.627700000000004,0.0,0.0,0.0,0.0,39.3391,0.0,0.0,26.627700000000004,0.0,0.0
2019-07-13 12:00:00,summer,12.5862,41.8101,0.22,0.11,0.0,0.0,10.446948395207816,41.8101,0.0,0.0,29.2239,0.0,0.0,0.0,12.5862,0.0,0.0,29.2239,0.0,0.0,0.0,0.0,41.8101,0.0,0.0,29.2239,0.0,0.0
2019-07-13 13:00:00,summer,12.531,41.5002,0.22,0.11,5.53673360579603,0.0,15.69911980326504,41.5002,0.0,0.0,23.43246639420397,0.0,0.0,0.0,12.531,5.53673360579603,0.0,23.43246639420397,0.0,0.0,5.53673360579603,0.0,41.5002,0.0,0.0,23.43246639420397,0.0,0.0
2019-07-13 14:00:00,summer,12.4757,38.2088,0.22,0.11,25.733099999999997,0.0,40.11102785033691,38.2088,0.0,0.0,0.0,0.0,0.0,0.0,12.4757,25.733099999999997,0.0,0.0,0.0,0.0,25.733099999999997,0.0,38.2088,0.0,0.0,0.0,0.0,0.0
2019-07-13 15:00:00,summer,12.428,32.2089,0.22,0.11,19.7809,0.0,58.875166007917215,32.2089,0.0,0.0,0.0,0.0,0.0,0.0,12.428,19.7809,0.0,0.0,0.0,0.0,19.7809,0.0,32.2089,0.0,0.0,0.0,0.0,0.0
2019-07-13 16:00:00,summer,12.4427,24.2804,0.22,0.11,11.8377,0.0,70.10294115333278,24.2804,0.0,0.0,0.0,0.0,0.0,0.0,12.4427,11.8377,0.0,0.0,0.0,0.0,11.8377,0.0,24.2804,0.0,0.0,0.0,0.0,0.0
2019-07-13 17:00:00,summer,12.5889,15.6056,0.22,0.11,3.0167,0.0,72.96191310268037,15.6056,0.0,0.0,0.0,0.0,0.0,0.0,12.5889,3.0167,0.0,0.0,0.0,0.0,3.0167,0.0,15.6056,0.0,0.0,0.0,0.0,0.0
2019-07-13 18:00:00,summer,11.5752,7.5751,0.22,0.11,0.0,0.0,72.95887302296775,7.5751,0.0,4.000100000000001,0.0,0.0,0.0,0.0,7.5751,0.0,0.0,0.0,4.000100000000001,0.0,0.0,0.0,7.5751,0.0,4.000100000000001,0.0,0.0,0.0
2019-07-13 19:00:00,summer,9.4752,1.6569,0.22,0.11,0.0,0.0,72.95583306992512,1.6569,0.0,7.818299999999999,0.0,0.0,0.0,0.0,1.6569,0.0,0.0,0.0,7.818299999999999,0.0,0.0,0.0,1.6569,0.0,7.818299999999999,0.0,0.0,0.0
2019-07-13 20:00:00,summer,9.5793,0.0,0.22,0.11,0.0,9.5793,62.85532444686355,0.0,0.0,0.0,0.0,0.0,0.0,0.0,0.0,0.0,0.0,0.0,0.0,0.0,0.0,9.5793,0.0,0.0,0.0,0.0,0.0,0.0
2019-07-13 21:00:00,summer,9.3834,0.0,0.18,0.09,0.0,9.3834,52.96173340953693,0.0,0.0,0.0,0.0,0.0,0.0,0.0,0.0,0.0,0.0,0.0,0.0,0.0,0.0,9.3834,0.0,0.0,0.0,0.0,0.0,0.0
2019-07-13 22:00:00,summer,9.0018,0.0,0.18,0.09,0.0,9.0018,43.47079632354364,0.0,0.0,0.0,0.0,0.0,0.0,0.0,0.0,0.0,0.0,0.0,0.0,0.0,0.0,9.0018,0.0,0.0,0.0,0.0,0.0,0.0
2019-07-13 23:00:00,summer,8.653,0.0,0.18,0.09,0.0,8.653,34.34792217588449,0.0,0.0,0.0,0.0,0.0,0.0,0.0,0.0,0.0,0.0,0.0,0.0,0.0,0.0,8.653,0.0,0.0,0.0,0.0,0.0,0.0
2019-07-14 00:00:00,summer,8.2842,0.0,0.18,0.09,0.0,8.2842,25.614177481671533,0.0,0.0,0.0,0.0,0.0,0.0,0.0,0.0,0.0,0.0,0.0,0.0,0.0,0.0,8.2842,0.0,0.0,0.0,0.0,0.0,0.0
2019-07-14 01:00:00,summer,8.391,0.0,0.18,0.09,0.0,8.391,16.7682196087855,0.0,0.0,0.0,0.0,0.0,0.0,0.0,0.0,0.0,0.0,0.0,0.0,0.0,0.0,8.391,0.0,0.0,0.0,0.0,0.0,0.0
2019-07-14 02:00:00,summer,8.5366,0.0,0.18,0.09,0.0,8.214924186873398,8.108230520926252,0.0,0.0,0.32167581312660204,0.0,0.0,0.0,0.0,0.0,0.0,0.0,0.0,0.32167581312660204,0.0,0.0,8.214924186873398,0.0,0.0,0.32167581312660204,0.0,0.0,0.0
2019-07-14 03:00:00,summer,8.7887,0.0,0.18,0.09,0.0,0.0,8.10789267798788,0.0,0.0,8.7887,0.0,0.0,0.0,0.0,0.0,0.0,0.0,0.0,8.7887,0.0,0.0,0.0,0.0,0.0,8.7887,0.0,0.0,0.0
2019-07-14 04:00:00,summer,9.3034,0.0,0.18,0.09,0.0,0.0,8.107554849126297,0.0,0.0,9.3034,0.0,0.0,0.0,0.0,0.0,0.0,0.0,0.0,9.3034,0.0,0.0,0.0,0.0,0.0,9.3034,0.0,0.0,0.0
2019-07-14 05:00:00,summer,10.1928,1.7582,0.18,0.09,0.0,0.0,8.107217034340916,1.7582,0.0,8.4346,0.0,0.0,0.0,0.0,1.7582,0.0,0.0,0.0,8.4346,0.0,0.0,0.0,1.7582,0.0,8.4346,0.0,0.0,0.0
2019-07-14 06:00:00,summer,11.1939,7.6857,0.18,0.09,0.0,0.0,8.106879233631153,7.6857,0.0,3.5081999999999995,0.0,0.0,0.0,0.0,7.6857,0.0,0.0,0.0,3.5081999999999995,0.0,0.0,0.0,7.6857,0.0,3.5081999999999995,0.0,0.0,0.0
2019-07-14 07:00:00,summer,11.6484,15.3545,0.18,0.09,3.7060999999999993,0.0,11.622456617901427,15.3545,0.0,0.0,0.0,0.0,0.0,0.0,11.6484,3.7060999999999993,0.0,0.0,0.0,0.0,3.7060999999999993,0.0,15.3545,0.0,0.0,0.0,0.0,0.0
2019-07-14 08:00:00,summer,11.172,23.6096,0.22,0.11,0.0,0.0,11.621972348875682,23.6096,0.0,0.0,12.4376,0.0,0.0,0.0,11.172,0.0,0.0,12.4376,0.0,0.0,0.0,0.0,23.6096,0.0,0.0,12.4376,0.0,0.0
2019-07-14 09:00:00,summer,10.1512,31.5988,0.22,0.11,0.0,0.0,11.621488100027811,31.5988,0.0,0.0,21.4476,0.0,0.0,0.0,10.1512,0.0,0.0,21.4476,0.0,0.0,0.0,0.0,31.5988,0.0,0.0,21.4476,0.0,0.0
2019-07-14 10:00:00,summer,9.2469,38.551,0.22,0.11,0.0,0.0,11.621003871356976,38.551,0.0,0.0,29.304100000000002,0.0,0.0,0.0,9.2469,0.0,0.0,29.304100000000002,0.0,0.0,0.0,0.0,38.551,0.0,0.0,29.304100000000002,0.0,0.0
2019-07-14 11:00:00,summer,10.0234,43.6996,0.22,0.11,0.0,0.0,11.620519662862336,43.6996,0.0,0.0,33.676199999999994,0.0,0.0,0.0,10.0234,0.0,0.0,33.676199999999994,0.0,0.0,0.0,0.0,43.6996,0.0,0.0,33.676199999999994,0.0,0.0
2019-07-14 12:00:00,summer,9.7701,46.3184,0.22,0.11,0.0,0.0,11.62003547454305,46.3184,0.0,0.0,36.5483,0.0,0.0,0.0,9.7701,0.0,0.0,36.5483,0.0,0.0,0.0,0.0,46.3184,0.0,0.0,36.5483,0.0,0.0
2019-07-14 13:00:00,summer,9.6326,45.8608,0.22,0.11,0.0,0.0,11.619551306398277,45.8608,0.0,0.0,36.2282,0.0,0.0,0.0,9.6326,0.0,0.0,36.2282,0.0,0.0,0.0,0.0,45.8608,0.0,0.0,36.2282,0.0,0.0
2019-07-14 14:00:00,summer,9.5498,42.1424,0.22,0.11,14.308532164061717,0.0,25.1933326420911,42.1424,0.0,0.0,18.284067835938288,0.0,0.0,0.0,9.5498,14.308532164061717,0.0,18.284067835938288,0.0,0.0,14.308532164061717,0.0,42.1424,0.0,0.0,18.284067835938288,0.0,0.0
2019-07-14 15:00:00,summer,9.5326,35.485,0.22,0.11,25.952399999999997,0.0,49.81289134422383,35.485,0.0,0.0,0.0,0.0,0.0,0.0,9.5326,25.952399999999997,0.0,0.0,0.0,0.0,25.952399999999997,0.0,35.485,0.0,0.0,0.0,0.0,0.0
2019-07-14 16:00:00,summer,9.6323,26.7448,0.22,0.11,17.1125,0.0,66.0451587449739,26.7448,0.0,0.0,0.0,0.0,0.0,0.0,9.6323,17.1125,0.0,0.0,0.0,0.0,17.1125,0.0,26.7448,0.0,0.0,0.0,0.0,0.0
2019-07-14 17:00:00,summer,9.9086,17.2024,0.22,0.11,7.293800000000001,0.0,72.96191310268037,17.2024,0.0,0.0,0.0,0.0,0.0,0.0,9.9086,7.293800000000001,0.0,0.0,0.0,0.0,7.293800000000001,0.0,17.2024,0.0,0.0,0.0,0.0,0.0
2019-07-14 18:00:00,summer,9.0559,8.3636,0.22,0.11,0.0,0.0,72.95887302296775,8.3636,0.0,0.6922999999999995,0.0,0.0,0.0,0.0,8.3636,0.0,0.0,0.0,0.6922999999999995,0.0,0.0,0.0,8.3636,0.0,0.6922999999999995,0.0,0.0,0.0
2019-07-14 19:00:00,summer,9.5301,1.8335,0.22,0.11,0.0,0.0,72.95583306992512,1.8335,0.0,7.696599999999999,0.0,0.0,0.0,0.0,1.8335,0.0,0.0,0.0,7.696599999999999,0.0,0.0,0.0,1.8335,0.0,7.696599999999999,0.0,0.0,0.0
2019-07-14 20:00:00,summer,9.8023,0.0,0.22,0.11,0.0,9.8023,62.6202618074577,0.0,0.0,0.0,0.0,0.0,0.0,0.0,0.0,0.0,0.0,0.0,0.0,0.0,0.0,9.8023,0.0,0.0,0.0,0.0,0.0,0.0
2019-07-14 21:00:00,summer,9.75,0.0,0.18,0.09,0.0,9.75,52.34025023433515,0.0,0.0,0.0,0.0,0.0,0.0,0.0,0.0,0.0,0.0,0.0,0.0,0.0,0.0,9.75,0.0,0.0,0.0,0.0,0.0,0.0
2019-07-14 22:00:00,summer,9.4716,0.0,0.18,0.09,0.0,9.4716,42.35412636189178,0.0,0.0,0.0,0.0,0.0,0.0,0.0,0.0,0.0,0.0,0.0,0.0,0.0,0.0,9.4716,0.0,0.0,0.0,0.0,0.0,0.0
2019-07-14 23:00:00,summer,9.1742,0.0,0.18,0.09,0.0,9.1742,32.681905703321114,0.0,0.0,0.0,0.0,0.0,0.0,0.0,0.0,0.0,0.0,0.0,0.0,0.0,0.0,9.1742,0.0,0.0,0.0,0.0,0.0,0.0
2019-10-07 00:00:00,autumn,8.5476,0.0,0.18,0.09,0.0,8.5476,23.67058244789839,0.0,0.0,0.0,0.0,0.0,0.0,0.0,0.0,0.0,0.0,0.0,0.0,0.0,0.0,8.5476,0.0,0.0,0.0,0.0,0.0,0.0
2019-10-07 01:00:00,autumn,8.5186,0.0,0.18,0.09,0.0,8.5186,14.690203348326278,0.0,0.0,0.0,0.0,0.0,0.0,0.0,0.0,0.0,0.0,0.0,0.0,0.0,0.0,8.5186,0.0,0.0,0.0,0.0,0.0,0.0
2019-10-07 02:00:00,autumn,8.4814,0.0,0.18,0.09,0.0,6.242985956331857,8.10890624903571,0.0,0.0,2.2384140436681434,0.0,0.0,0.0,0.0,0.0,0.0,0.0,0.0,2.2384140436681434,0.0,0.0,6.242985956331857,0.0,0.0,2.2384140436681434,0.0,0.0,0.0
2019-10-07 03:00:00,autumn,8.5237,0.0,0.18,0.09,0.0,0.0,8.108568377942,0.0,0.0,8.5237,0.0,0.0,0.0,0.0,0.0,0.0,0.0,0.0,8.5237,0.0,0.0,0.0,0.0,0.0,8.5237,0.0,0.0,0.0
2019-10-07 04:00:00,autumn,8.8247,0.0,0.18,0.09,0.0,0.0,8.108230520926252,0.0,0.0,8.8247,0.0,0.0,0.0,0.0,0.0,0.0,0.0,0.0,8.8247,0.0,0.0,0.0,0.0,0.0,8.8247,0.0,0.0,0.0
2019-10-07 05:00:00,autumn,9.5201,0.0,0.18,0.09,0.0,0.0,8.10789267798788,0.0,0.0,9.5201,0.0,0.0,0.0,0.0,0.0,0.0,0.0,0.0,9.5201,0.0,0.0,0.0,0.0,0.0,9.5201,0.0,0.0,0.0
2019-10-07 06:00:00,autumn,10.3683,0.0,0.18,0.09,0.0,0.0,8.107554849126297,0.0,0.0,10.3683,0.0,0.0,0.0,0.0,0.0,0.0,0.0,0.0,10.3683,0.0,0.0,0.0,0.0,0.0,10.3683,0.0,0.0,0.0
2019-10-07 07:00:00,autumn,10.7276,0.7276,0.18,0.09,0.0,0.0,8.107217034340916,0.7276,0.0,10.0,0.0,0.0,0.0,0.0,0.7276,0.0,0.0,0.0,10.0,0.0,0.0,0.0,0.7276,0.0,10.0,0.0,0.0,0.0
2019-10-07 08:00:00,autumn,12.6245,5.6546,0.22,0.11,0.0,0.0,8.106879233631153,5.6546,0.0,6.969899999999999,0.0,0.0,0.0,0.0,5.6546,0.0,0.0,0.0,6.969899999999999,0.0,0.0,0.0,5.6546,0.0,6.969899999999999,0.0,0.0,0.0
2019-10-07 09:00:00,autumn,11.6482,12.3584,0.22,0.11,0.7102000000000004,0.0,8.780296325271895,12.3584,0.0,0.0,0.0,0.0,0.0,0.0,11.6482,0.7102000000000004,0.0,0.0,0.0,0.0,0.7102000000000004,0.0,12.3584,0.0,0.0,0.0,0.0,0.0
2019-10-07 10:00:00,autumn,10.8548,19.0418,0.22,0.11,8.187,0.0,16.54680064073123,19.0418,0.0,0.0,0.0,0.0,0.0,0.0,10.8548,8.187,0.0,0.0,0.0,0.0,8.187,0.0,19.0418,0.0,0.0,0.0,0.0,0.0
2019-10-07 11:00:00,autumn,10.4964,24.1855,0.22,0.11,13.689100000000002,0.0,29.53273172604782,24.1855,0.0,0.0,0.0,0.0,0.0,0.0,10.4964,13.689100000000002,0.0,0.0,0.0,0.0,13.689100000000002,0.0,24.1855,0.0,0.0,0.0,0.0,0.0
2019-10-07 12:00:00,autumn,10.4442,26.5452,0.22,0.11,16.101,0.0,44.806250977470555,26.5452,0.0,0.0,0.0,0.0,0.0,0.0,10.4442,16.101,0.0,0.0,0.0,0.0,16.101,0.0,26.5452,0.0,0.0,0.0,0.0,0.0
2019-10-07 13:00:00,autumn,10.5216,25.4035,0.22,0.11,14.881900000000002,0.0,58.92259402360443,25.4035,0.0,0.0,0.0,0.0,0.0,0.0,10.5216,14.881900000000002,0.0,0.0,0.0,0.0,14.881900000000002,0.0,25.4035,0.0,0.0,0.0,0.0,0.0
2019-10-07 14:00:00,autumn,10.6439,20.8489,0.22,0.11,10.205,0.0,68.6014519721256,20.8489,0.0,0.0,0.0,0.0,0.0,0.0,10.6439,10.205,0.0,0.0,0.0,0.0,10.205,0.0,20.8489,0.0,0.0,0.0,0.0,0.0
2019-10-07 15:00:00,autumn,10.7995,13.9072,0.22,0.11,3.1076999999999995,0.0,71.54681666364502,13.9072,0.0,0.0,0.0,0.0,0.0,0.0,10.7995,3.1076999999999995,0.0,0.0,0.0,0.0,3.1076999999999995,0.0,13.9072,0.0,0.0,0.0,0.0,0.0
2019-10-07 16:00:00,autumn,11.0205,6.4199,0.22,0.11,0.0,0.0,71.54383554628403,6.4199,0.0,4.6006,0.0,0.0,0.0,0.0,6.4199,0.0,0.0,0.0,4.6006,0.0,0.0,0.0,6.4199,0.0,4.6006,0.0,0.0,0.0
2019-10-07 17:00:00,autumn,11.3535,0.8168,0.22,0.11,0.0,0.0,71.54085455313627,0.8168,0.0,10.5367,0.0,0.0,0.0,0.0,0.8168,0.0,0.0,0.0,10.5367,0.0,0.0,0.0,0.8168,0.0,10.5367,0.0,0.0,0.0
2019-10-07 18:00:00,autumn,11.7864,0.0,0.22,0.11,0.0,11.7864,59.11391721292702,0.0,0.0,0.0,0.0,0.0,0.0,0.0,0.0,0.0,0.0,0.0,0.0,0.0,0.0,11.7864,0.0,0.0,0.0,0.0,0.0,0.0
2019-10-07 19:00:00,autumn,9.7767,0.0,0.22,0.11,0.0,9.7767,48.80590746632041,0.0,0.0,0.0,0.0,0.0,0.0,0.0,0.0,0.0,0.0,0.0,0.0,0.0,0.0,9.7767,0.0,0.0,0.0,0.0,0.0,0.0
2019-10-07 20:00:00,autumn,9.905,0.0,0.22,0.11,0.0,9.905,38.36308714552005,0.0,0.0,0.0,0.0,0.0,0.0,0.0,0.0,0.0,0.0,0.0,0.0,0.0,0.0,9.905,0.0,0.0,0.0,0.0,0.0,0.0
2019-10-07 21:00:00,autumn,9.6644,0.0,0.18,0.09,0.0,9.6644,28.174316610578554,0.0,0.0,0.0,0.0,0.0,0.0,0.0,0.0,0.0,0.0,0.0,0.0,0.0,0.0,9.6644,0.0,0.0,0.0,0.0,0.0,0.0
2019-10-07 22:00:00,autumn,9.1741,0.0,0.18,0.09,0.0,9.1741,18.502792186669534,0.0,0.0,0.0,0.0,0.0,0.0,0.0,0.0,0.0,0.0,0.0,0.0,0.0,0.0,9.1741,0.0,0.0,0.0,0.0,0.0,0.0
2019-10-07 23:00:00,autumn,8.6645,0.0,0.18,0.09,0.0,8.6645,9.368836308152098,0.0,0.0,0.0,0.0,0.0,0.0,0.0,0.0,0.0,0.0,0.0,0.0,0.0,0.0,8.6645,0.0,0.0,0.0,0.0,0.0,0.0
2019-10-08 00:00:00,autumn,8.1111,0.0,0.18,0.09,0.0,1.193942589894303,8.10991994679048,0.0,0.0,6.917157410105697,0.0,0.0,0.0,0.0,0.0,0.0,0.0,0.0,6.917157410105697,0.0,0.0,1.193942589894303,0.0,0.0,6.917157410105697,0.0,0.0,0.0
2019-10-08 01:00:00,autumn,8.0102,0.0,0.18,0.09,0.0,0.0,8.109582033459363,0.0,0.0,8.010200000000012,0.0,0.0,0.0,0.0,0.0,0.0,0.0,0.0,8.010200000000012,0.0,0.0,0.0,0.0,0.0,8.010200000000012,0.0,0.0,0.0
2019-10-08 02:00:00,autumn,7.957,0.0,0.18,0.09,0.0,0.0,8.10924413420797,0.0,0.0,7.957,0.0,0.0,0.0,0.0,0.0,0.0,0.0,0.0,7.957,0.0,0.0,0.0,0.0,0.0,7.957,0.0,0.0,0.0
2019-10-08 03:00:00,autumn,8.041,0.0,0.18,0.09,0.0,0.0,8.10890624903571,0.0,0.0,8.041000000000011,0.0,0.0,0.0,0.0,0.0,0.0,0.0,0.0,8.041000000000011,0.0,0.0,0.0,0.0,0.0,8.041000000000011,0.0,0.0,0.0
2019-10-08 04:00:00,autumn,8.437,0.0,0.18,0.09,0.0,0.0,8.108568377942,0.0,0.0,8.437,0.0,0.0,0.0,0.0,0.0,0.0,0.0,0.0,8.437,0.0,0.0,0.0,0.0,0.0,8.437,0.0,0.0,0.0
2019-10-08 05:00:00,autumn,9.2699,0.0,0.18,0.09,0.0,0.0,8.108230520926252,0.0,0.0,9.2699,0.0,0.0,0.0,0.0,0.0,0.0,0.0,0.0,9.2699,0.0,0.0,0.0,0.0,0.0,9.2699,0.0,0.0,0.0
2019-10-08 06:00:00,autumn,10.2833,0.0,0.18,0.09,0.0,0.0,8.10789267798788,0.0,0.0,10.2833,0.0,0.0,0.0,0.0,0.0,0.0,0.0,0.0,10.2833,0.0,0.0,0.0,0.0,0.0,10.2833,0.0,0.0,0.0
2019-10-08 07:00:00,autumn,10.8171,0.708,0.18,0.09,0.0,0.0,8.107554849126297,0.708,0.0,10.1091,0.0,0.0,0.0,0.0,0.708,0.0,0.0,0.0,10.1091,0.0,0.0,0.0,0.708,0.0,10.1091,0.0,0.0,0.0
2019-10-08 08:00:00,autumn,12.8786,5.5017,0.22,0.11,0.0,0.0,8.107217034340916,5.5017,0.0,7.376900000000001,0.0,0.0,0.0,0.0,5.5017,0.0,0.0,0.0,7.376900000000001,0.0,0.0,0.0,5.5017,0.0,7.376900000000001,0.0,0.0,0.0
2019-10-08 09:00:00,autumn,12.039,12.0264,0.22,0.11,0.0,0.0,8.106879233631153,12.0264,0.0,0.012599999999999056,0.0,0.0,0.0,0.0,12.0264,0.0,0.0,0.0,0.012599999999999056,0.0,0.0,0.0,12.0264,0.0,0.012599999999999056,0.0,0.0,0.0
2019-10-08 10:00:00,autumn,11.3392,18.5386,0.22,0.11,7.199399999999999,0.0,14.936491982981288,18.5386,0.0,0.0,0.0,0.0,0.0,0.0,11.3392,7.199399999999999,0.0,0.0,0.0,0.0,7.199399999999999,0.0,18.5386,0.0,0.0,0.0,0.0,0.0
2019-10-08 11:00:00,autumn,11.0212,23.5607,0.22,0.11,12.5395,0.0,26.831883845053078,23.5607,0.0,0.0,0.0,0.0,0.0,0.0,11.0212,12.5395,0.0,0.0,0.0,0.0,12.5395,0.0,23.5607,0.0,0.0,0.0,0.0,0.0
2019-10-08 12:00:00,autumn,10.9514,25.8766,0.22,0.11,14.9252,0.0,40.99005380995639,25.8766,0.0,0.0,0.0,0.0,0.0,0.0,10.9514,14.9252,0.0,0.0,0.0,0.0,14.9252,0.0,25.8766,0.0,0.0,0.0,0.0,0.0
2019-10-08 13:00:00,autumn,10.9556,24.7787,0.22,0.11,13.8231,0.0,54.1020899883297,24.7787,0.0,0.0,0.0,0.0,0.0,0.0,10.9556,13.8231,0.0,0.0,0.0,0.0,13.8231,0.0,24.7787,0.0,0.0,0.0,0.0,0.0
2019-10-08 14:00:00,autumn,10.9569,20.3457,0.22,0.11,9.388800000000002,0.0,63.006833483316846,20.3457,0.0,0.0,0.0,0.0,0.0,0.0,10.9569,9.388800000000002,0.0,0.0,0.0,0.0,9.388800000000002,0.0,20.3457,0.0,0.0,0.0,0.0,0.0
2019-10-08 15:00:00,autumn,10.9569,13.5753,0.22,0.11,2.618400000000001,0.0,65.48824054620384,13.5753,0.0,0.0,0.0,0.0,0.0,0.0,10.9569,2.618400000000001,0.0,0.0,0.0,0.0,2.618400000000001,0.0,13.5753,0.0,0.0,0.0,0.0,0.0
2019-10-08 16:00:00,autumn,11.0051,6.267,0.22,0.11,0.0,0.0,65.48551186951441,6.267,0.0,4.7381,0.0,0.0,0.0,0.0,6.267,0.0,0.0,0.0,4.7381,0.0,0.0,0.0,6.267,0.0,4.7381,0.0,0.0,0.0
2019-10-08 17:00:00,autumn,11.1669,0.7972,0.22,0.11,0.0,0.0,65.48278330651985,0.7972,0.0,10.3697,0.0,0.0,0.0,0.0,0.7972,0.0,0.0,0.0,10.3697,0.0,0.0,0.0,0.7972,0.0,10.3697,0.0,0.0,0.0
2019-10-08 18:00:00,autumn,11.4492,0.0,0.22,0.11,0.0,11.4492,53.411538394948806,0.0,0.0,0.0,0.0,0.0,0.0,0.0,0.0,0.0,0.0,0.0,0.0,0.0,0.0,11.4492,0.0,0.0,0.0,0.0,0.0,0.0
2019-10-08 19:00:00,autumn,9.3261,0.0,0.22,0.11,0.0,9.3261,43.5787403520169,0.0,0.0,0.0,0.0,0.0,0.0,0.0,0.0,0.0,0.0,0.0,0.0,0.0,0.0,9.3261,0.0,0.0,0.0,0.0,0.0,0.0
2019-10-08 20:00:00,autumn,9.3905,0.0,0.22,0.11,0.0,9.3905,33.678468448565184,0.0,0.0,0.0,0.0,0.0,0.0,0.0,0.0,0.0,0.0,0.0,0.0,0.0,0.0,9.3905,0.0,0.0,0.0,0.0,0.0,0.0
2019-10-08 21:00:00,autumn,9.1426,0.0,0.18,0.09,0.0,9.1426,24.039918600428013,0.0,0.0,0.0,0.0,0.0,0.0,0.0,0.0,0.0,0.0,0.0,0.0,0.0,0.0,9.1426,0.0,0.0,0.0,0.0,0.0,0.0
2019-10-08 22:00:00,autumn,8.7025,0.0,0.18,0.09,0.0,2.7898540218453007,21.098152587682225,0.0,0.0,5.9126459781547,0.0,0.0,0.0,0.0,0.0,0.0,0.0,0.0,5.9126459781547,0.0,0.0,2.7898540218453007,0.0,0.0,5.9126459781547,0.0,0.0,0.0
2019-10-08 23:00:00,autumn,8.2951,0.0,0.18,0.09,0.0,0.0,21.09727349799105,0.0,0.0,8.2951,0.0,0.0,0.0,0.0,0.0,0.0,0.0,0.0,8.2951,0.0,0.0,0.0,0.0,0.0,8.2951,0.0,0.0,0.0
2019-10-09 00:00:00,autumn,7.8765,0.0,0.18,0.09,0.0,0.0,21.096394444928634,0.0,0.0,7.8765,0.0,0.0,0.0,0.0,0.0,0.0,0.0,0.0,7.8765,0.0,0.0,0.0,0.0,0.0,7.8765,0.0,0.0,0.0
2019-10-09 01:00:00,autumn,7.9425,0.0,0.18,0.09,0.0,0.0,21.095515428493428,0.0,0.0,7.9425,0.0,0.0,0.0,0.0,0.0,0.0,0.0,0.0,7.9425,0.0,0.0,0.0,0.0,0.0,7.9425,0.0,0.0,0.0
2019-10-09 02:00:00,autumn,8.0636,0.0,0.18,0.09,0.0,0.0,21.094636448683907,0.0,0.0,8.0636,0.0,0.0,0.0,0.0,0.0,0.0,0.0,0.0,8.0636,0.0,0.0,0.0,0.0,0.0,8.0636,0.0,0.0,0.0
2019-10-09 03:00:00,autumn,8.3103,0.0,0.18,0.09,0.0,0.0,21.093757505498544,0.0,0.0,8.3103,0.0,0.0,0.0,0.0,0.0,0.0,0.0,0.0,8.3103,0.0,0.0,0.0,0.0,0.0,8.3103,0.0,0.0,0.0
2019-10-09 04:00:00,autumn,8.8393,0.0,0.18,0.09,0.0,0.0,21.092878598935815,0.0,0.0,8.8393,0.0,0.0,0.0,0.0,0.0,0.0,0.0,0.0,8.8393,0.0,0.0,0.0,0.0,0.0,8.8393,0.0,0.0,0.0
2019-10-09 05:00:00,autumn,9.7609,0.0,0.18,0.09,0.0,0.0,21.091999728994193,0.0,0.0,9.7609,0.0,0.0,0.0,0.0,0.0,0.0,0.0,0.0,9.7609,0.0,0.0,0.0,0.0,0.0,9.7609,0.0,0.0,0.0
2019-10-09 06:00:00,autumn,10.8089,0.0,0.18,0.09,0.0,0.0,21.09112089567215,0.0,0.0,10.8089,0.0,0.0,0.0,0.0,0.0,0.0,0.0,0.0,10.8089,0.0,0.0,0.0,0.0,0.0,10.8089,0.0,0.0,0.0
2019-10-09 07:00:00,autumn,11.3195,0.5576,0.18,0.09,0.0,0.0,21.090242098968165,0.5576,0.0,10.761899999999999,0.0,0.0,0.0,0.0,0.5576,0.0,0.0,0.0,10.761899999999999,0.0,0.0,0.0,0.5576,0.0,10.761899999999999,0.0,0.0,0.0
2019-10-09 08:00:00,autumn,13.3024,4.3285,0.22,0.11,0.0,0.0,21.089363338880705,4.3285,0.0,8.9739,0.0,0.0,0.0,0.0,4.3285,0.0,0.0,0.0,8.9739,0.0,0.0,0.0,4.3285,0.0,8.9739,0.0,0.0,0.0
2019-10-09 09:00:00,autumn,12.3376,9.4801,0.22,0.11,0.0,0.0,21.08848461540825,9.4801,0.0,2.8575,0.0,0.0,0.0,0.0,9.4801,0.0,0.0,0.0,2.8575,0.0,0.0,0.0,9.4801,0.0,2.8575,0.0,0.0,0.0
2019-10-09 10:00:00,autumn,11.4798,14.6785,0.22,0.11,3.1987000000000005,0.0,24.122159194023457,14.6785,0.0,0.0,0.0,0.0,0.0,0.0,11.4798,3.1987000000000005,0.0,0.0,0.0,0.0,3.1987000000000005,0.0,14.6785,0.0,0.0,0.0,0.0,0.0
2019-10-09 11:00:00,autumn,10.9882,18.7681,0.22,0.11,7.7799,0.0,31.50181529456023,18.7681,0.0,0.0,0.0,0.0,0.0,0.0,10.9882,7.7799,0.0,0.0,0.0,0.0,7.7799,0.0,18.7681,0.0,0.0,0.0,0.0,0.0
2019-10-09 12:00:00,autumn,10.7486,20.7479,0.22,0.11,9.999300000000002,0.0,40.986671621119456,20.7479,0.0,0.0,0.0,0.0,0.0,0.0,10.7486,9.999300000000002,0.0,0.0,0.0,0.0,9.999300000000002,0.0,20.7479,0.0,0.0,0.0,0.0,0.0
2019-10-09 13:00:00,autumn,10.6051,19.9861,0.22,0.11,9.381,0.0,49.88456186214711,19.9861,0.0,0.0,0.0,0.0,0.0,0.0,10.6051,9.381,0.0,0.0,0.0,0.0,9.381,0.0,19.9861,0.0,0.0,0.0,0.0,0.0
2019-10-09 14:00:00,autumn,10.4974,16.4856,0.22,0.11,5.988200000000001,0.0,55.56338866412227,16.4856,0.0,0.0,0.0,0.0,0.0,0.0,10.4974,5.988200000000001,0.0,0.0,0.0,0.0,5.988200000000001,0.0,16.4856,0.0,0.0,0.0,0.0,0.0
2019-10-09 15:00:00,autumn,10.439,11.0289,0.22,0.11,0.5899000000000001,0.0,56.120701800447925,11.0289,0.0,0.0,0.0,0.0,0.0,0.0,10.439,0.5899000000000001,0.0,0.0,0.0,0.0,0.5899000000000001,0.0,11.0289,0.0,0.0,0.0,0.0,0.0
2019-10-09 16:00:00,autumn,10.4858,5.0938,0.22,0.11,0.0,0.0,56.1183634378729,5.0938,0.0,5.3919999999999995,0.0,0.0,0.0,0.0,5.0938,0.0,0.0,0.0,5.3919999999999995,0.0,0.0,0.0,5.0938,0.0,5.3919999999999995,0.0,0.0,0.0
2019-10-09 17:00:00,autumn,10.7033,0.6468,0.22,0.11,0.0,0.0,56.11602517272966,0.6468,0.0,10.0565,0.0,0.0,0.0,0.0,0.6468,0.0,0.0,0.0,10.0565,0.0,0.0,0.0,0.6468,0.0,10.0565,0.0,0.0,0.0
2019-10-09 18:00:00,autumn,11.0924,0.0,0.22,0.11,0.0,11.0924,44.42127076579688,0.0,0.0,0.0,0.0,0.0,0.0,0.0,0.0,0.0,0.0,0.0,0.0,0.0,0.0,11.0924,0.0,0.0,0.0,0.0,0.0,0.0
2019-10-09 19:00:00,autumn,9.1154,0.0,0.22,0.11,0.0,9.1154,34.81094461834869,0.0,0.0,0.0,0.0,0.0,0.0,0.0,0.0,0.0,0.0,0.0,0.0,0.0,0.0,9.1154,0.0,0.0,0.0,0.0,0.0,0.0
2019-10-09 20:00:00,autumn,9.349,0.0,0.22,0.11,0.0,9.349,24.954782880684867,0.0,0.0,0.0,0.0,0.0,0.0,0.0,0.0,0.0,0.0,0.0,0.0,0.0,0.0,9.349,0.0,0.0,0.0,0.0,0.0,0.0
2019-10-09 21:00:00,autumn,9.275,0.0,0.18,0.09,0.0,0.0,24.953743098064837,0.0,0.0,9.27500000000002,0.0,0.0,0.0,0.0,0.0,0.0,0.0,0.0,9.27500000000002,0.0,0.0,0.0,0.0,0.0,9.27500000000002,0.0,0.0,0.0
2019-10-09 22:00:00,autumn,8.9941,0.0,0.18,0.09,0.0,0.0,24.95270335876908,0.0,0.0,8.9941,0.0,0.0,0.0,0.0,0.0,0.0,0.0,0.0,8.9941,0.0,0.0,0.0,0.0,0.0,8.9941,0.0,0.0,0.0
2019-10-09 23:00:00,autumn,8.7138,0.0,0.18,0.09,0.0,0.0,24.951663662795802,0.0,0.0,8.7138,0.0,0.0,0.0,0.0,0.0,0.0,0.0,0.0,8.7138,0.0,0.0,0.0,0.0,0.0,8.7138,0.0,0.0,0.0
2019-10-10 00:00:00,autumn,8.3735,0.0,0.18,0.09,0.0,0.0,24.950624010143184,0.0,0.0,8.3735,0.0,0.0,0.0,0.0,0.0,0.0,0.0,0.0,8.3735,0.0,0.0,0.0,0.0,0.0,8.3735,0.0,0.0,0.0
2019-10-10 01:00:00,autumn,8.4684,0.0,0.18,0.09,0.0,0.0,24.949584400809428,0.0,0.0,8.4684,0.0,0.0,0.0,0.0,0.0,0.0,0.0,0.0,8.4684,0.0,0.0,0.0,0.0,0.0,8.4684,0.0,0.0,0.0
2019-10-10 02:00:00,autumn,8.5606,0.0,0.18,0.09,0.0,0.0,24.948544834792724,0.0,0.0,8.560600000000008,0.0,0.0,0.0,0.0,0.0,0.0,0.0,0.0,8.560600000000008,0.0,0.0,0.0,0.0,0.0,8.560600000000008,0.0,0.0,0.0
2019-10-10 03:00:00,autumn,8.7236,0.0,0.18,0.09,0.0,0.0,24.947505312091273,0.0,0.0,8.7236,0.0,0.0,0.0,0.0,0.0,0.0,0.0,0.0,8.7236,0.0,0.0,0.0,0.0,0.0,8.7236,0.0,0.0,0.0
2019-10-10 04:00:00,autumn,9.1233,0.0,0.18,0.09,0.0,0.0,24.946465832703268,0.0,0.0,9.1233,0.0,0.0,0.0,0.0,0.0,0.0,0.0,0.0,9.1233,0.0,0.0,0.0,0.0,0.0,9.1233,0.0,0.0,0.0
2019-10-10 05:00:00,autumn,9.8845,0.0,0.18,0.09,0.0,0.0,24.945426396626907,0.0,0.0,9.8845,0.0,0.0,0.0,0.0,0.0,0.0,0.0,0.0,9.8845,0.0,0.0,0.0,0.0,0.0,9.8845,0.0,0.0,0.0
2019-10-10 06:00:00,autumn,10.7585,0.0,0.18,0.09,0.0,0.0,24.94438700386038,0.0,0.0,10.7585,0.0,0.0,0.0,0.0,0.0,0.0,0.0,0.0,10.7585,0.0,0.0,0.0,0.0,0.0,10.7585,0.0,0.0,0.0
2019-10-10 07:00:00,autumn,11.1006,0.4515,0.18,0.09,0.0,0.0,24.943347654401887,0.4515,0.0,10.6491,0.0,0.0,0.0,0.0,0.4515,0.0,0.0,0.0,10.6491,0.0,0.0,0.0,0.4515,0.0,10.6491,0.0,0.0,0.0
2019-10-10 08:00:00,autumn,12.9391,3.5225,0.22,0.11,0.0,0.0,24.942308348249618,3.5225,0.0,9.416599999999999,0.0,0.0,0.0,0.0,3.5225,0.0,0.0,0.0,9.416599999999999,0.0,0.0,0.0,3.5225,0.0,9.416599999999999,0.0,0.0,0.0
2019-10-10 09:00:00,autumn,11.8699,7.6459,0.22,0.11,0.0,0.0,24.941269085401775,7.6459,0.0,4.223999999999999,0.0,0.0,0.0,0.0,7.6459,0.0,0.0,0.0,4.223999999999999,0.0,0.0,0.0,7.6459,0.0,4.223999999999999,0.0,0.0,0.0
2019-10-10 10:00:00,autumn,10.9592,11.8878,0.22,0.11,0.9286000000000012,0.0,25.821177176426257,11.8878,0.0,0.0,0.0,0.0,0.0,0.0,10.9592,0.9286000000000012,0.0,0.0,0.0,0.0,0.9286000000000012,0.0,11.8878,0.0,0.0,0.0,0.0,0.0
2019-10-10 11:00:00,autumn,10.472,15.3033,0.22,0.11,4.831300000000001,0.0,30.403474911915353,15.3033,0.0,0.0,0.0,0.0,0.0,0.0,10.472,4.831300000000001,0.0,0.0,0.0,0.0,4.831300000000001,0.0,15.3033,0.0,0.0,0.0,0.0,0.0
2019-10-10 12:00:00,autumn,10.2936,17.04,0.22,0.11,6.7463999999999995,0.0,36.80240510242867,17.04,0.0,0.0,0.0,0.0,0.0,0.0,10.2936,6.7463999999999995,0.0,0.0,0.0,0.0,6.7463999999999995,0.0,17.04,0.0,0.0,0.0,0.0,0.0
2019-10-10 13:00:00,autumn,10.2614,16.5213,0.22,0.11,6.2599,0.0,42.739534246349145,16.5213,0.0,0.0,0.0,0.0,0.0,0.0,10.2614,6.2599,0.0,0.0,0.0,0.0,6.2599,0.0,16.5213,0.0,0.0,0.0,0.0,0.0
2019-10-10 14:00:00,autumn,10.3029,13.6949,0.22,0.11,3.3920000000000012,0.0,45.95568717940955,13.6949,0.0,0.0,0.0,0.0,0.0,0.0,10.3029,3.3920000000000012,0.0,0.0,0.0,0.0,3.3920000000000012,0.0,13.6949,0.0,0.0,0.0,0.0,0.0
2019-10-10 15:00:00,autumn,10.415,9.188,0.22,0.11,0.0,0.0,45.95377235911041,9.188,0.0,1.2269999999999985,0.0,0.0,0.0,0.0,9.188,0.0,0.0,0.0,1.2269999999999985,0.0,0.0,0.0,9.188,0.0,1.2269999999999985,0.0,0.0,0.0
2019-10-10 16:00:00,autumn,10.635,4.2457,0.22,0.11,0.0,0.0,45.95185761859545,4.2457,0.0,6.3892999999999995,0.0,0.0,0.0,0.0,4.2457,0.0,0.0,0.0,6.3892999999999995,0.0,0.0,0.0,4.2457,0.0,6.3892999999999995,0.0,0.0,0.0
2019-10-10 17:00:00,autumn,11.0094,0.5381,0.22,0.11,0.0,0.0,45.94994295786134,0.5381,0.0,10.4713,0.0,0.0,0.0,0.0,0.5381,0.0,0.0,0.0,10.4713,0.0,0.0,0.0,0.5381,0.0,10.4713,0.0,0.0,0.0
2019-10-10 18:00:00,autumn,11.5216,0.0,0.22,0.11,0.0,11.5216,33.80319561377276,0.0,0.0,0.0,0.0,0.0,0.0,0.0,0.0,0.0,0.0,0.0,0.0,0.0,0.0,11.5216,0.0,0.0,0.0,0.0,0.0,0.0
2019-10-10 19:00:00,autumn,9.6203,0.0,0.22,0.11,0.0,9.6203,23.661100555916228,0.0,0.0,0.0,0.0,0.0,0.0,0.0,0.0,0.0,0.0,0.0,0.0,0.0,0.0,9.6203,0.0,0.0,0.0,0.0,0.0,0.0
2019-10-10 20:00:00,autumn,9.8742,0.0,0.22,0.11,0.0,9.8742,13.251793986048195,0.0,0.0,0.0,0.0,0.0,0.0,0.0,0.0,0.0,0.0,0.0,0.0,0.0,0.0,9.8742,0.0,0.0,0.0,0.0,0.0,0.0
2019-10-10 21:00:00,autumn,9.7626,0.0,0.18,0.09,0.0,0.0,13.251241827965442,0.0,0.0,9.7626,0.0,0.0,0.0,0.0,0.0,0.0,0.0,0.0,9.7626,0.0,0.0,0.0,0.0,0.0,9.7626,0.0,0.0,0.0
2019-10-10 22:00:00,autumn,9.3905,0.0,0.18,0.09,0.0,0.0,13.250689692889276,0.0,0.0,9.3905,0.0,0.0,0.0,0.0,0.0,0.0,0.0,0.0,9.3905,0.0,0.0,0.0,0.0,0.0,9.3905,0.0,0.0,0.0
2019-10-10 23:00:00,autumn,8.9754,0.0,0.18,0.09,0.0,0.0,13.25013758081874,0.0,0.0,8.9754,0.0,0.0,0.0,0.0,0.0,0.0,0.0,0.0,8.9754,0.0,0.0,0.0,0.0,0.0,8.9754,0.0,0.0,0.0
2019-10-11 00:00:00,autumn,8.48,0.0,0.18,0.09,0.0,0.0,13.249585491752871,0.0,0.0,8.48,0.0,0.0,0.0,0.0,0.0,0.0,0.0,0.0,8.48,0.0,0.0,0.0,0.0,0.0,8.48,0.0,0.0,0.0
2019-10-11 01:00:00,autumn,8.4006,0.0,0.18,0.09,0.0,0.0,13.249033425690714,0.0,0.0,8.4006,0.0,0.0,0.0,0.0,0.0,0.0,0.0,0.0,8.4006,0.0,0.0,0.0,0.0,0.0,8.4006,0.0,0.0,0.0
2019-10-11 02:00:00,autumn,8.3258,0.0,0.18,0.09,0.0,0.0,13.24848138263131,0.0,0.0,8.3258,0.0,0.0,0.0,0.0,0.0,0.0,0.0,0.0,8.3258,0.0,0.0,0.0,0.0,0.0,8.3258,0.0,0.0,0.0
2019-10-11 03:00:00,autumn,8.3478,0.0,0.18,0.09,0.0,0.0,13.2479293625737,0.0,0.0,8.3478,0.0,0.0,0.0,0.0,0.0,0.0,0.0,0.0,8.3478,0.0,0.0,0.0,0.0,0.0,8.3478,0.0,0.0,0.0
2019-10-11 04:00:00,autumn,8.6479,0.0,0.18,0.09,0.0,0.0,13.247377365516925,0.0,0.0,8.6479,0.0,0.0,0.0,0.0,0.0,0.0,0.0,0.0,8.6479,0.0,0.0,0.0,0.0,0.0,8.6479,0.0,0.0,0.0
2019-10-11 05:00:00,autumn,9.3617,0.0,0.18,0.09,0.0,0.0,13.246825391460028,0.0,0.0,9.3617,0.0,0.0,0.0,0.0,0.0,0.0,0.0,0.0,9.3617,0.0,0.0,0.0,0.0,0.0,9.3617,0.0,0.0,0.0
2019-10-11 06:00:00,autumn,10.2459,0.0,0.18,0.09,0.0,0.0,13.246273440402051,0.0,0.0,10.2459,0.0,0.0,0.0,0.0,0.0,0.0,0.0,0.0,10.2459,0.0,0.0,0.0,0.0,0.0,10.2459,0.0,0.0,0.0
2019-10-11 07:00:00,autumn,10.6546,0.5065,0.18,0.09,0.0,0.0,13.245721512342033,0.5065,0.0,10.1481,0.0,0.0,0.0,0.0,0.5065,0.0,0.0,0.0,10.1481,0.0,0.0,0.0,0.5065,0.0,10.1481,0.0,0.0,0.0
2019-10-11 08:00:00,autumn,12.6089,3.9298,0.22,0.11,0.0,0.0,13.245169607279019,3.9298,0.0,8.6791,0.0,0.0,0.0,0.0,3.9298,0.0,0.0,0.0,8.6791,0.0,0.0,0.0,3.9298,0.0,8.6791,0.0,0.0,0.0
2019-10-11 09:00:00,autumn,11.6918,8.6146,0.22,0.11,0.0,0.0,13.244617725212048,8.6146,0.0,3.0772000000000013,0.0,0.0,0.0,0.0,8.6146,0.0,0.0,0.0,3.0772000000000013,0.0,0.0,0.0,8.6146,0.0,3.0772000000000013,0.0,0.0,0.0
2019-10-11 10:00:00,autumn,10.9527,13.3666,0.22,0.11,2.4139,0.0,15.534092479304299,13.3666,0.0,0.0,0.0,0.0,0.0,0.0,10.9527,2.4139,0.0,0.0,0.0,0.0,2.4139,0.0,13.3666,0.0,0.0,0.0,0.0,0.0
2019-10-11 11:00:00,autumn,10.6379,17.1393,0.22,0.11,6.5013999999999985,0.0,21.701214819396604,17.1393,0.0,0.0,0.0,0.0,0.0,0.0,10.6379,6.5013999999999985,0.0,0.0,0.0,0.0,6.5013999999999985,0.0,17.1393,0.0,0.0,0.0,0.0,0.0
2019-10-11 12:00:00,autumn,10.6137,19.0048,0.22,0.11,8.3911,0.0,29.660807024384127,19.0048,0.0,0.0,0.0,0.0,0.0,0.0,10.6137,8.3911,0.0,0.0,0.0,0.0,8.3911,0.0,19.0048,0.0,0.0,0.0,0.0,0.0
2019-10-11 13:00:00,autumn,10.7004,18.3572,0.22,0.11,7.656799999999999,0.0,36.92344943393795,18.3572,0.0,0.0,0.0,0.0,0.0,0.0,10.7004,7.656799999999999,0.0,0.0,0.0,0.0,7.656799999999999,0.0,18.3572,0.0,0.0,0.0,0.0,0.0
2019-10-11 14:00:00,autumn,10.8125,15.1737,0.22,0.11,4.3612,0.0,41.0593085563361,15.1737,0.0,0.0,0.0,0.0,0.0,0.0,10.8125,4.3612,0.0,0.0,0.0,0.0,4.3612,0.0,15.1737,0.0,0.0,0.0,0.0,0.0
2019-10-11 15:00:00,autumn,10.9391,10.1635,0.22,0.11,0.0,0.0,41.057597751812914,10.1635,0.0,0.775599999999999,0.0,0.0,0.0,0.0,10.1635,0.0,0.0,0.0,0.775599999999999,0.0,0.0,0.0,10.1635,0.0,0.775599999999999,0.0,0.0,0.0
2019-10-11 16:00:00,autumn,11.1159,4.6951,0.22,0.11,0.0,0.0,41.05588701857325,4.6951,0.0,6.4208,0.0,0.0,0.0,0.0,4.6951,0.0,0.0,0.0,6.4208,0.0,0.0,0.0,4.6951,0.0,6.4208,0.0,0.0,0.0
2019-10-11 17:00:00,autumn,11.394,0.5957,0.22,0.11,0.0,0.0,41.05417635661414,0.5957,0.0,10.7983,0.0,0.0,0.0,0.0,0.5957,0.0,0.0,0.0,10.7983,0.0,0.0,0.0,0.5957,0.0,10.7983,0.0,0.0,0.0
2019-10-11 18:00:00,autumn,11.7677,0.0,0.22,0.11,0.0,11.7677,28.64822082541147,0.0,0.0,0.0,0.0,0.0,0.0,0.0,0.0,0.0,0.0,0.0,0.0,0.0,0.0,11.7677,0.0,0.0,0.0,0.0,0.0,0.0
2019-10-11 19:00:00,autumn,9.7009,0.0,0.22,0.11,0.0,9.7009,18.42138069836793,0.0,0.0,0.0,0.0,0.0,0.0,0.0,0.0,0.0,0.0,0.0,0.0,0.0,0.0,9.7009,0.0,0.0,0.0,0.0,0.0,0.0
2019-10-11 20:00:00,autumn,9.7803,0.0,0.22,0.11,0.0,9.7803,8.1112717409239,0.0,0.0,0.0,0.0,0.0,0.0,0.0,0.0,0.0,0.0,0.0,0.0,0.0,0.0,9.7803,0.0,0.0,0.0,0.0,0.0,0.0
2019-10-11 21:00:00,autumn,9.5046,0.0,0.18,0.09,0.0,0.0,8.110933771268028,0.0,0.0,9.5046,0.0,0.0,0.0,0.0,0.0,0.0,0.0,0.0,9.5046,0.0,0.0,0.0,0.0,0.0,9.5046,0.0,0.0,0.0
2019-10-11 22:00:00,autumn,8.9968,0.0,0.18,0.09,0.0,0.0,8.110595815694225,0.0,0.0,8.9968,0.0,0.0,0.0,0.0,0.0,0.0,0.0,0.0,8.9968,0.0,0.0,0.0,0.0,0.0,8.9968,0.0,0.0,0.0
2019-10-11 23:00:00,autumn,8.4892,0.0,0.18,0.09,0.0,0.0,8.110257874201904,0.0,0.0,8.4892,0.0,0.0,0.0,0.0,0.0,0.0,0.0,0.0,8.4892,0.0,0.0,0.0,0.0,0.0,8.4892,0.0,0.0,0.0
2019-10-12 00:00:00,autumn,7.9556,0.0,0.18,0.09,0.0,0.0,8.109919946790479,0.0,0.0,7.9556,0.0,0.0,0.0,0.0,0.0,0.0,0.0,0.0,7.9556,0.0,0.0,0.0,0.0,0.0,7.9556,0.0,0.0,0.0
2019-10-12 01:00:00,autumn,7.8921,0.0,0.18,0.09,0.0,0.0,8.109582033459361,0.0,0.0,7.8921,0.0,0.0,0.0,0.0,0.0,0.0,0.0,0.0,7.8921,0.0,0.0,0.0,0.0,0.0,7.8921,0.0,0.0,0.0
2019-10-12 02:00:00,autumn,7.8894,0.0,0.18,0.09,0.0,0.0,8.109244134207968,0.0,0.0,7.889400000000009,0.0,0.0,0.0,0.0,0.0,0.0,0.0,0.0,7.889400000000009,0.0,0.0,0.0,0.0,0.0,7.889400000000009,0.0,0.0,0.0
2019-10-12 03:00:00,autumn,8.0314,0.0,0.18,0.09,0.0,0.0,8.108906249035709,0.0,0.0,8.0314,0.0,0.0,0.0,0.0,0.0,0.0,0.0,0.0,8.0314,0.0,0.0,0.0,0.0,0.0,8.0314,0.0,0.0,0.0
2019-10-12 04:00:00,autumn,8.4863,0.0,0.18,0.09,0.0,0.0,8.108568377941998,0.0,0.0,8.4863,0.0,0.0,0.0,0.0,0.0,0.0,0.0,0.0,8.4863,0.0,0.0,0.0,0.0,0.0,8.4863,0.0,0.0,0.0
2019-10-12 05:00:00,autumn,9.3728,0.0,0.18,0.09,0.0,0.0,8.10823052092625,0.0,0.0,9.3728,0.0,0.0,0.0,0.0,0.0,0.0,0.0,0.0,9.3728,0.0,0.0,0.0,0.0,0.0,9.3728,0.0,0.0,0.0
2019-10-12 06:00:00,autumn,10.4284,0.0,0.18,0.09,0.0,0.0,8.107892677987879,0.0,0.0,10.4284,0.0,0.0,0.0,0.0,0.0,0.0,0.0,0.0,10.4284,0.0,0.0,0.0,0.0,0.0,10.4284,0.0,0.0,0.0
2019-10-12 07:00:00,autumn,10.9884,0.6644,0.18,0.09,0.0,0.0,8.107554849126295,0.6644,0.0,10.324,0.0,0.0,0.0,0.0,0.6644,0.0,0.0,0.0,10.324,0.0,0.0,0.0,0.6644,0.0,10.324,0.0,0.0,0.0
2019-10-12 08:00:00,autumn,13.0573,5.1615,0.22,0.11,0.0,0.0,8.107217034340914,5.1615,0.0,7.8957999999999995,0.0,0.0,0.0,0.0,5.1615,0.0,0.0,0.0,7.8957999999999995,0.0,0.0,0.0,5.1615,0.0,7.8957999999999995,0.0,0.0,0.0
2019-10-12 09:00:00,autumn,12.2054,11.2879,0.22,0.11,0.0,0.0,8.106879233631153,11.2879,0.0,0.9174999999999986,0.0,0.0,0.0,0.0,11.2879,0.0,0.0,0.0,0.9174999999999986,0.0,0.0,0.0,11.2879,0.0,0.9174999999999986,0.0,0.0,0.0
2019-10-12 10:00:00,autumn,11.475,17.4191,0.22,0.11,5.944100000000001,0.0,13.745609838938478,17.4191,0.0,0.0,0.0,0.0,0.0,0.0,11.475,5.944100000000001,0.0,0.0,0.0,0.0,5.944100000000001,0.0,17.4191,0.0,0.0,0.0,0.0,0.0
2019-10-12 11:00:00,autumn,11.1114,22.1708,0.22,0.11,11.0594,0.0,24.23690517165504,22.1708,0.0,0.0,0.0,0.0,0.0,0.0,11.1114,11.0594,0.0,0.0,0.0,0.0,11.0594,0.0,22.1708,0.0,0.0,0.0,0.0,0.0
2019-10-12 12:00:00,autumn,10.9862,24.3892,0.22,0.11,13.402999999999999,0.0,36.951097544377255,24.3892,0.0,0.0,0.0,0.0,0.0,0.0,10.9862,13.402999999999999,0.0,0.0,0.0,0.0,13.402999999999999,0.0,24.3892,0.0,0.0,0.0,0.0,0.0
2019-10-12 13:00:00,autumn,10.931,23.3888,0.22,0.11,12.4578,0.0,48.76806470576659,23.3888,0.0,0.0,0.0,0.0,0.0,0.0,10.931,12.4578,0.0,0.0,0.0,0.0,12.4578,0.0,23.3888,0.0,0.0,0.0,0.0,0.0
2019-10-12 14:00:00,autumn,10.8757,19.2262,0.22,0.11,8.350499999999998,0.0,56.68801258344133,19.2262,0.0,0.0,0.0,0.0,0.0,0.0,10.8757,8.350499999999998,0.0,0.0,0.0,0.0,8.350499999999998,0.0,19.2262,0.0,0.0,0.0,0.0,0.0
2019-10-12 15:00:00,autumn,10.828,12.8368,0.22,0.11,2.008800000000001,0.0,58.59136559204089,12.8368,0.0,0.0,0.0,0.0,0.0,0.0,10.828,2.008800000000001,0.0,0.0,0.0,0.0,2.008800000000001,0.0,12.8368,0.0,0.0,0.0,0.0,0.0
2019-10-12 16:00:00,autumn,10.8427,5.9267,0.22,0.11,0.0,0.0,58.58892428514122,5.9267,0.0,4.916,0.0,0.0,0.0,0.0,5.9267,0.0,0.0,0.0,4.916,0.0,0.0,0.0,5.9267,0.0,4.916,0.0,0.0,0.0
2019-10-12 17:00:00,autumn,10.9889,0.7536,0.22,0.11,0.0,0.0,58.58648307996267,0.7536,0.0,10.235299999999999,0.0,0.0,0.0,0.0,0.7536,0.0,0.0,0.0,10.235299999999999,0.0,0.0,0.0,0.7536,0.0,10.235299999999999,0.0,0.0,0.0
2019-10-12 18:00:00,autumn,11.2752,0.0,0.22,0.11,0.0,11.2752,46.69893761852416,0.0,0.0,0.0,0.0,0.0,0.0,0.0,0.0,0.0,0.0,0.0,0.0,0.0,0.0,11.2752,0.0,0.0,0.0,0.0,0.0,0.0
2019-10-12 19:00:00,autumn,9.1752,0.0,0.22,0.11,0.0,9.1752,37.02548183359775,0.0,0.0,0.0,0.0,0.0,0.0,0.0,0.0,0.0,0.0,0.0,0.0,0.0,0.0,9.1752,0.0,0.0,0.0,0.0,0.0,0.0
2019-10-12 20:00:00,autumn,9.2793,0.0,0.22,0.11,0.0,9.2793,27.2426980745212,0.0,0.0,0.0,0.0,0.0,0.0,0.0,0.0,0.0,0.0,0.0,0.0,0.0,0.0,9.2793,0.0,0.0,0.0,0.0,0.0,0.0
2019-10-12 21:00:00,autumn,9.0834,0.0,0.18,0.09,0.0,9.0834,17.666818662643607,0.0,0.0,0.0,0.0,0.0,0.0,0.0,0.0,0.0,0.0,0.0,0.0,0.0,0.0,9.0834,0.0,0.0,0.0,0.0,0.0,0.0
2019-10-12 22:00:00,autumn,8.7018,0.0,0.18,0.09,0.0,8.7018,8.493579964114929,0.0,0.0,0.0,0.0,0.0,0.0,0.0,0.0,0.0,0.0,0.0,0.0,0.0,0.0,8.7018,0.0,0.0,0.0,0.0,0.0,0.0
2019-10-12 23:00:00,autumn,8.353,0.0,0.18,0.09,0.0,0.36363611233826365,8.10991994679048,0.0,0.0,7.989363887661736,0.0,0.0,0.0,0.0,0.0,0.0,0.0,0.0,7.989363887661736,0.0,0.0,0.36363611233826365,0.0,0.0,7.989363887661736,0.0,0.0,0.0
2019-10-13 00:00:00,autumn,7.9842,0.0,0.18,0.09,0.0,0.0,8.109582033459365,0.0,0.0,7.9842,0.0,0.0,0.0,0.0,0.0,0.0,0.0,0.0,7.9842,0.0,0.0,0.0,0.0,0.0,7.9842,0.0,0.0,0.0
2019-10-13 01:00:00,autumn,8.091,0.0,0.18,0.09,0.0,0.0,8.10924413420797,0.0,0.0,8.091,0.0,0.0,0.0,0.0,0.0,0.0,0.0,0.0,8.091,0.0,0.0,0.0,0.0,0.0,8.091,0.0,0.0,0.0
2019-10-13 02:00:00,autumn,8.2366,0.0,0.18,0.09,0.0,0.0,8.10890624903571,0.0,0.0,8.2366,0.0,0.0,0.0,0.0,0.0,0.0,0.0,0.0,8.2366,0.0,0.0,0.0,0.0,0.0,8.2366,0.0,0.0,0.0
2019-10-13 03:00:00,autumn,8.4887,0.0,0.18,0.09,0.0,0.0,8.108568377942001,0.0,0.0,8.4887,0.0,0.0,0.0,0.0,0.0,0.0,0.0,0.0,8.4887,0.0,0.0,0.0,0.0,0.0,8.4887,0.0,0.0,0.0
2019-10-13 04:00:00,autumn,9.0034,0.0,0.18,0.09,0.0,0.0,8.108230520926254,0.0,0.0,9.0034,0.0,0.0,0.0,0.0,0.0,0.0,0.0,0.0,9.0034,0.0,0.0,0.0,0.0,0.0,9.0034,0.0,0.0,0.0
2019-10-13 05:00:00,autumn,9.8928,0.0,0.18,0.09,0.0,0.0,8.10789267798788,0.0,0.0,9.892800000000008,0.0,0.0,0.0,0.0,0.0,0.0,0.0,0.0,9.892800000000008,0.0,0.0,0.0,0.0,0.0,9.892800000000008,0.0,0.0,0.0
2019-10-13 06:00:00,autumn,10.8939,0.0,0.18,0.09,0.0,0.0,8.107554849126297,0.0,0.0,10.8939,0.0,0.0,0.0,0.0,0.0,0.0,0.0,0.0,10.8939,0.0,0.0,0.0,0.0,0.0,10.8939,0.0,0.0,0.0
2019-10-13 07:00:00,autumn,11.3484,0.7415,0.18,0.09,0.0,0.0,8.107217034340916,0.7415,0.0,10.6069,0.0,0.0,0.0,0.0,0.7415,0.0,0.0,0.0,10.6069,0.0,0.0,0.0,0.7415,0.0,10.6069,0.0,0.0,0.0
2019-10-13 08:00:00,autumn,10.872,5.763,0.22,0.11,0.0,0.0,8.106879233631153,5.763,0.0,5.109,0.0,0.0,0.0,0.0,5.763,0.0,0.0,0.0,5.109,0.0,0.0,0.0,5.763,0.0,5.109,0.0,0.0,0.0
2019-10-13 09:00:00,autumn,9.8512,12.5936,0.22,0.11,0.00035605837630788126,0.0,8.106879233631153,12.5936,0.0,0.0,2.742043941623692,0.0,0.0,0.0,9.8512,0.00035605837630788126,0.0,2.742043941623692,0.0,0.0,0.00035605837630788126,0.0,12.5936,0.0,0.0,2.742043941623692,0.0,0.0
2019-10-13 10:00:00,autumn,8.9469,19.3984,0.22,0.11,0.00035605837630788126,0.0,8.106879233631153,19.3984,0.0,0.0,10.451143941623691,0.0,0.0,0.0,8.9469,0.00035605837630788126,0.0,10.451143941623691,0.0,0.0,0.00035605837630788126,0.0,19.3984,0.0,0.0,10.451143941623691,0.0,0.0
2019-10-13 11:00:00,autumn,8.4234,24.6283,0.22,0.11,12.243021566685488,0.0,19.721291524983176,24.6283,0.0,0.0,3.96187843331451,0.0,0.0,0.0,8.4234,12.243021566685488,0.0,3.96187843331451,0.0,0.0,12.243021566685488,0.0,24.6283,0.0,0.0,3.96187843331451,0.0,0.0
2019-10-13 12:00:00,autumn,8.1701,27.0191,0.22,0.11,18.849000000000004,0.0,37.602201289457106,27.0191,0.0,0.0,0.0,0.0,0.0,0.0,8.1701,18.849000000000004,0.0,0.0,0.0,0.0,18.849000000000004,0.0,27.0191,0.0,0.0,0.0,0.0,0.0
2019-10-13 13:00:00,autumn,8.0326,25.8463,0.22,0.11,17.813699999999997,0.0,54.50019419755248,25.8463,0.0,0.0,0.0,0.0,0.0,0.0,8.0326,17.813699999999997,0.0,0.0,0.0,0.0,17.813699999999997,0.0,25.8463,0.0,0.0,0.0,0.0,0.0
2019-10-13 14:00:00,autumn,7.9498,21.2056,0.22,0.11,13.2558,0.0,67.07347941842558,21.2056,0.0,0.0,0.0,0.0,0.0,0.0,7.9498,13.2558,0.0,0.0,0.0,0.0,13.2558,0.0,21.2056,0.0,0.0,0.0,0.0,0.0
2019-10-13 15:00:00,autumn,7.9326,14.1425,0.22,0.11,6.2099,0.0,72.96191310268037,14.1425,0.0,0.0,0.0,0.0,0.0,0.0,7.9326,6.2099,0.0,0.0,0.0,0.0,6.2099,0.0,14.1425,0.0,0.0,0.0,0.0,0.0
2019-10-13 16:00:00,autumn,8.0323,6.5283,0.22,0.11,0.0,0.0,72.95887302296775,6.5283,0.0,1.5039999999999996,0.0,0.0,0.0,0.0,6.5283,0.0,0.0,0.0,1.5039999999999996,0.0,0.0,0.0,6.5283,0.0,1.5039999999999996,0.0,0.0,0.0
2019-10-13 17:00:00,autumn,8.3086,0.8307,0.22,0.11,0.0,0.0,72.95583306992512,0.8307,0.0,7.4779,0.0,0.0,0.0,0.0,0.8307,0.0,0.0,0.0,7.4779,0.0,0.0,0.0,0.8307,0.0,7.4779,0.0,0.0,0.0
2019-10-13 18:00:00,autumn,8.7559,0.0,0.22,0.11,0.0,8.7559,63.72326425532444,0.0,0.0,0.0,0.0,0.0,0.0,0.0,0.0,0.0,0.0,0.0,0.0,0.0,0.0,8.7559,0.0,0.0,0.0,0.0,0.0,0.0
2019-10-13 19:00:00,autumn,9.2301,0.0,0.22,0.11,0.0,9.2301,53.991229442273735,0.0,0.0,0.0,0.0,0.0,0.0,0.0,0.0,0.0,0.0,0.0,0.0,0.0,0.0,9.2301,0.0,0.0,0.0,0.0,0.0,0.0
2019-10-13 20:00:00,autumn,9.5023,0.0,0.22,0.11,0.0,4.195694568280925,49.56632940699212,0.0,0.0,5.306605431719075,0.0,0.0,0.0,0.0,0.0,0.0,0.0,0.0,5.306605431719075,0.0,0.0,4.195694568280925,0.0,0.0,5.306605431719075,0.0,0.0,0.0
2019-10-13 21:00:00,autumn,9.45,0.0,0.18,0.09,0.0,0.0,49.564264143266826,0.0,0.0,9.45,0.0,0.0,0.0,0.0,0.0,0.0,0.0,0.0,9.45,0.0,0.0,0.0,0.0,0.0,9.45,0.0,0.0,0.0
2019-10-13 22:00:00,autumn,9.1716,0.0,0.18,0.09,0.0,0.0,49.562198965594185,0.0,0.0,9.1716,0.0,0.0,0.0,0.0,0.0,0.0,0.0,0.0,9.1716,0.0,0.0,0.0,0.0,0.0,9.1716,0.0,0.0,0.0
2019-10-13 23:00:00,autumn,8.8742,0.0,0.18,0.09,0.0,0.0,49.56013387397062,0.0,0.0,8.8742,0.0,0.0,0.0,0.0,0.0,0.0,0.0,0.0,8.8742,0.0,0.0,0.0,0.0,0.0,8.8742,0.0,0.0,0.0
