timestamp,season,demand_kwh,pv_production_kwh,price_buy_eur_kwh,price_sell_eur_kwh,p_bess_ch_kw,p_bess_dis_kw,bess_soc_kwh,p_pv_used_kw,p_pv_curtailed_kw,p_grid_buy_kw,p_grid_sell_kw,p_ely_kw,p_fc_kw,tank_mass_kg,p_pv_to_load_kw,p_pv_to_bess_kw,p_pv_to_ely_kw,p_pv_to_grid_kw,p_grid_to_load_kw,p_grid_to_bess_kw,bess_charged_kwh,bess_discharged_kwh,pv_used_kwh,pv_curtailed_kwh,grid_import_kwh,grid_export_kwh,h2_produced_kg,h2_used_kg
2019-01-07 00:00:00,winter,9.1476,0.0,0.195,0.0975,0.0,0.0,59.70904666193401,0.0,0.0,8.814215732405291,0.0,0.0,0.33338426759470985,4.473359081135212,0.0,0.0,0.0,0.0,8.814215732405291,0.0,0.0,0.0,0.0,0.0,8.814215732405291,0.0,0.0,0.020005056561338726
2019-01-07 01:00:00,winter,9.1186,0.0,0.195,0.0975,0.0,0.0,59.70655878498976,0.0,0.0,8.785215732405291,0.0,0.0,0.33338426759470985,4.453354024573874,0.0,0.0,0.0,0.0,8.785215732405291,0.0,0.0,0.0,0.0,0.0,8.785215732405291,0.0,0.0,0.020005056561338726
2019-01-07 02:00:00,winter,9.0814,0.0,0.195,0.0975,0.0,0.0,59.70407101170705,0.0,0.0,8.74801573240529,0.0,0.0,0.33338426759470985,4.433348968012535,0.0,0.0,0.0,0.0,8.74801573240529,0.0,0.0,0.0,0.0,0.0,8.74801573240529,0.0,0.0,0.020005056561338726
2019-01-07 03:00:00,winter,9.1237,0.0,0.195,0.0975,0.0,0.0,59.70158334208156,0.0,0.0,8.79031573240529,0.0,0.0,0.33338426759470985,4.413343911451196,0.0,0.0,0.0,0.0,8.79031573240529,0.0,0.0,0.0,0.0,0.0,8.79031573240529,0.0,0.0,0.020005056561338726
2019-01-07 04:00:00,winter,9.4247,0.0,0.195,0.0975,0.0,0.0,59.699095776108976,0.0,0.0,9.09131573240529,0.0,0.0,0.33338426759470985,4.3933388548898575,0.0,0.0,0.0,0.0,9.09131573240529,0.0,0.0,0.0,0.0,0.0,9.09131573240529,0.0,0.0,0.020005056561338726
2019-01-07 05:00:00,winter,10.1201,0.0,0.195,0.0975,0.0,0.0,59.69660831378497,0.0,0.0,9.786715732405291,0.0,0.0,0.33338426759470985,4.3733337983285185,0.0,0.0,0.0,0.0,9.786715732405291,0.0,0.0,0.0,0.0,0.0,9.786715732405291,0.0,0.0,0.020005056561338726
2019-01-07 06:00:00,winter,10.9683,0.0,0.195,0.0975,0.0,0.0,59.69412095510523,0.0,0.0,10.63491573240529,0.0,0.0,0.33338426759470985,4.3533287417671795,0.0,0.0,0.0,0.0,10.63491573240529,0.0,0.0,0.0,0.0,0.0,10.63491573240529,0.0,0.0,0.020005056561338726
2019-01-07 07:00:00,winter,10.5276,0.0,0.195,0.0975,0.0,0.0,59.69163370006543,0.0,0.0,10.19421573240529,0.0,0.0,0.33338426759470985,4.333323685205841,0.0,0.0,0.0,0.0,10.19421573240529,0.0,0.0,0.0,0.0,0.0,10.19421573240529,0.0,0.0,0.020005056561338726
2019-01-07 08:00:00,winter,12.4245,0.4393,0.235,0.1175,0.0,11.651815732405291,47.40705435166669,0.4393,0.0,0.0,0.0,0.0,0.33338426759470985,4.313318628644502,0.4393,0.0,0.0,0.0,0.0,0.0,0.0,11.651815732405291,0.4393,0.0,0.0,0.0,0.0,0.020005056561338726
2019-01-07 09:00:00,winter,11.4482,5.0816,0.235,0.1175,0.0,6.03321573240529,41.045511281214814,5.0816,0.0,0.0,0.0,0.0,0.33338426759470985,4.293313572083164,5.0816,0.0,0.0,0.0,0.0,0.0,0.0,6.03321573240529,5.0816,0.0,0.0,0.0,0.0,0.020005056561338726
2019-01-07 10:00:00,winter,10.6548,11.3084,0.235,0.1175,0.6536000000000008,0.0,41.66386045518391,11.3084,0.0,0.0,0.0,0.0,0.0,4.293313572083164,10.6548,0.6536000000000008,0.0,0.0,0.0,0.0,0.6536000000000008,0.0,11.3084,0.0,0.0,0.0,0.0,0.0
2019-01-07 11:00:00,winter,10.2964,16.5884,0.235,0.1175,6.292,0.0,47.6312397723321,16.5884,0.0,0.0,0.0,0.0,0.0,4.293313572083164,10.2964,6.292,0.0,0.0,0.0,0.0,6.292,0.0,16.5884,0.0,0.0,0.0,0.0,0.0
2019-01-07 12:00:00,winter,10.2442,18.9609,0.235,0.1175,8.7167,0.0,55.898642841458496,18.9609,0.0,0.0,0.0,0.0,0.0,4.293313572083164,10.2442,8.7167,0.0,0.0,0.0,0.0,8.7167,0.0,18.9609,0.0,0.0,0.0,0.0,0.0
2019-01-07 13:00:00,winter,10.3216,17.4238,0.235,0.1175,7.1022,0.0,62.63405225075446,17.4238,0.0,0.0,0.0,0.0,0.0,4.293313572083164,10.3216,7.1022,0.0,0.0,0.0,0.0,7.1022,0.0,17.4238,0.0,0.0,0.0,0.0,0.0
2019-01-07 14:00:00,winter,10.4439,12.3816,0.235,0.1175,1.9377000000000013,0.0,64.46970612520983,12.3816,0.0,0.0,0.0,0.0,0.0,4.293313572083164,10.4439,1.9377000000000013,0.0,0.0,0.0,0.0,1.9377000000000013,0.0,12.3816,0.0,0.0,0.0,0.0,0.0
2019-01-07 15:00:00,winter,10.5995,5.7185,0.235,0.1175,0.0,4.5476157324052915,59.67341200824944,5.7185,0.0,0.0,0.0,0.0,0.33338426759470985,4.273308515521825,5.7185,0.0,0.0,0.0,0.0,0.0,0.0,4.5476157324052915,5.7185,0.0,0.0,0.0,0.0,0.020005056561338726
2019-01-07 16:00:00,winter,10.8205,0.4988,0.235,0.1175,0.0,9.98831573240529,49.14231638165123,0.4988,0.0,0.0,0.0,0.0,0.33338426759470985,4.253303458960487,0.4988,0.0,0.0,0.0,0.0,0.0,0.0,9.98831573240529,0.4988,0.0,0.0,0.0,0.0,0.020005056561338726
2019-01-07 17:00:00,winter,11.1535,0.0,0.235,0.1175,0.0,10.82011573240529,37.734865364794764,0.0,0.0,0.0,0.0,0.0,0.33338426759470985,4.233298402399148,0.0,0.0,0.0,0.0,0.0,0.0,0.0,10.82011573240529,0.0,0.0,0.0,0.0,0.0,0.020005056561338726
2019-01-07 18:00:00,winter,12.3864,0.0,0.235,0.1175,0.0,12.05301573240529,25.02829894932347,0.0,0.0,0.0,0.0,0.0,0.33338426759470985,4.213293345837809,0.0,0.0,0.0,0.0,0.0,0.0,0.0,12.05301573240529,0.0,0.0,0.0,0.0,0.0,0.020005056561338726
2019-01-07 19:00:00,winter,10.3767,0.0,0.235,0.1175,0.0,10.04331573240529,14.440671778666294,0.0,0.0,0.0,0.0,0.0,0.33338426759470985,4.19328828927647,0.0,0.0,0.0,0.0,0.0,0.0,0.0,10.04331573240529,0.0,0.0,0.0,0.0,0.0,0.020005056561338726
2019-01-07 20:00:00,winter,10.505,0.0,0.235,0.1175,0.0,0.0,14.440070084008848,0.0,0.0,10.171615732405291,0.0,0.0,0.33338426759470985,4.173283232715131,0.0,0.0,0.0,0.0,10.171615732405291,0.0,0.0,0.0,0.0,0.0,10.171615732405291,0.0,0.0,0.020005056561338726
2019-01-07 21:00:00,winter,10.2644,0.0,0.195,0.0975,0.0,0.0,14.439468414422015,0.0,0.0,9.93101573240529,0.0,0.0,0.33338426759470985,4.153278176153792,0.0,0.0,0.0,0.0,9.93101573240529,0.0,0.0,0.0,0.0,0.0,9.93101573240529,0.0,0.0,0.020005056561338726
2019-01-07 22:00:00,winter,9.7741,0.0,0.195,0.0975,0.0,0.0,14.438866769904747,0.0,0.0,9.440715732405291,0.0,0.0,0.33338426759470985,4.133273119592454,0.0,0.0,0.0,0.0,9.440715732405291,0.0,0.0,0.0,0.0,0.0,9.440715732405291,0.0,0.0,0.020005056561338726
2019-01-07 23:00:00,winter,9.2645,0.0,0.195,0.0975,0.0,0.0,14.438265150456001,0.0,0.0,8.93111573240529,0.0,0.0,0.33338426759470985,4.113268063031115,0.0,0.0,0.0,0.0,8.93111573240529,0.0,0.0,0.0,0.0,0.0,8.93111573240529,0.0,0.0,0.020005056561338726
2019-01-08 00:00:00,winter,8.7111,0.0,0.195,0.0975,0.0,0.0,14.437663556074732,0.0,0.0,8.37771573240529,0.0,0.0,0.33338426759470985,4.093263006469776,0.0,0.0,0.0,0.0,8.37771573240529,0.0,0.0,0.0,0.0,0.0,8.37771573240529,0.0,0.0,0.020005056561338726
2019-01-08 01:00:00,winter,8.6102,0.0,0.195,0.0975,0.0,0.0,14.437061986759895,0.0,0.0,8.276815732405291,0.0,0.0,0.33338426759470985,4.073257949908438,0.0,0.0,0.0,0.0,8.276815732405291,0.0,0.0,0.0,0.0,0.0,8.276815732405291,0.0,0.0,0.020005056561338726
2019-01-08 02:00:00,winter,8.557,0.0,0.195,0.0975,0.0,0.0,14.436460442510446,0.0,0.0,8.22361573240529,0.0,0.0,0.33338426759470985,4.053252893347099,0.0,0.0,0.0,0.0,8.22361573240529,0.0,0.0,0.0,0.0,0.0,8.22361573240529,0.0,0.0,0.020005056561338726
2019-01-08 03:00:00,winter,8.641,0.0,0.195,0.0975,0.0,0.0,14.435858923325341,0.0,0.0,8.30761573240529,0.0,0.0,0.33338426759470985,4.03324783678576,0.0,0.0,0.0,0.0,8.30761573240529,0.0,0.0,0.0,0.0,0.0,8.30761573240529,0.0,0.0,0.020005056561338726
2019-01-08 04:00:00,winter,9.037,0.0,0.195,0.0975,0.0,0.0,14.435257429203535,0.0,0.0,8.703615732405291,0.0,0.0,0.33338426759470985,4.013242780224422,0.0,0.0,0.0,0.0,8.703615732405291,0.0,0.0,0.0,0.0,0.0,8.703615732405291,0.0,0.0,0.020005056561338726
2019-01-08 05:00:00,winter,9.8699,0.0,0.195,0.0975,0.0,0.0,14.434655960143983,0.0,0.0,9.53651573240529,0.0,0.0,0.33338426759470985,3.993237723663083,0.0,0.0,0.0,0.0,9.53651573240529,0.0,0.0,0.0,0.0,0.0,9.53651573240529,0.0,0.0,0.020005056561338726
2019-01-08 06:00:00,winter,10.8833,0.0,0.195,0.0975,0.0,0.0,14.434054516145643,0.0,0.0,10.54991573240529,0.0,0.0,0.33338426759470985,3.9732326671017444,0.0,0.0,0.0,0.0,10.54991573240529,0.0,0.0,0.0,0.0,0.0,10.54991573240529,0.0,0.0,0.020005056561338726
2019-01-08 07:00:00,winter,10.6171,0.0,0.195,0.0975,0.0,0.0,14.43345309720747,0.0,0.0,10.283715732405291,0.0,0.0,0.33338426759470985,3.9532276105404054,0.0,0.0,0.0,0.0,10.283715732405291,0.0,0.0,0.0,0.0,0.0,10.283715732405291,0.0,0.0,0.020005056561338726
2019-01-08 08:00:00,winter,12.6786,0.4274,0.235,0.1175,0.0,0.0,14.432851703328419,0.4274,0.0,11.91781573240529,0.0,0.0,0.33338426759470985,3.933222553979067,0.4274,0.0,0.0,0.0,11.91781573240529,0.0,0.0,0.0,0.4274,0.0,11.91781573240529,0.0,0.0,0.020005056561338726
2019-01-08 09:00:00,winter,11.839,4.9451,0.235,0.1175,0.0,0.0,14.432250334507446,4.9451,0.0,6.560515732405291,0.0,0.0,0.33338426759470985,3.9132174974177283,4.9451,0.0,0.0,0.0,6.560515732405291,0.0,0.0,0.0,4.9451,0.0,6.560515732405291,0.0,0.0,0.020005056561338726
2019-01-08 10:00:00,winter,11.1392,11.0096,0.235,0.1175,0.0,0.0,14.431648990743504,11.0096,0.0,0.0,0.0,0.0,0.12959999999999994,3.9054407197399605,11.0096,0.0,0.0,0.0,0.0,0.0,0.0,0.0,11.0096,0.0,0.0,0.0,0.0,0.007776777677767774
2019-01-08 11:00:00,winter,10.8212,16.1599,0.235,0.1175,5.338700000000001,0.0,19.495783195337836,16.1599,0.0,0.0,0.0,0.0,0.0,3.9054407197399605,10.8212,5.338700000000001,0.0,0.0,0.0,0.0,5.338700000000001,0.0,16.1599,0.0,0.0,0.0,0.0,0.0
2019-01-08 12:00:00,winter,10.7514,18.4833,0.235,0.1175,7.7318999999999996,0.0,26.830095263234796,18.4833,0.0,0.0,0.0,0.0,0.0,3.9054407197399605,10.7514,7.7318999999999996,0.0,0.0,0.0,0.0,7.7318999999999996,0.0,18.4833,0.0,0.0,0.0,0.0,0.0
2019-01-08 13:00:00,winter,10.7556,16.9953,0.235,0.1175,6.239700000000001,0.0,32.748476517444615,16.9953,0.0,0.0,0.0,0.0,0.0,3.9054407197399605,10.7556,6.239700000000001,0.0,0.0,0.0,0.0,6.239700000000001,0.0,16.9953,0.0,0.0,0.0,0.0,0.0
2019-01-08 14:00:00,winter,10.7569,12.0828,0.235,0.1175,1.3259000000000007,0.0,34.0049711824749,12.0828,0.0,0.0,0.0,0.0,0.0,3.9054407197399605,10.7569,1.3259000000000007,0.0,0.0,0.0,0.0,1.3259000000000007,0.0,12.0828,0.0,0.0,0.0,0.0,0.0
2019-01-08 15:00:00,winter,10.7569,5.582,0.235,0.1175,0.0,4.84151573240529,28.900148628029292,5.582,0.0,0.0,0.0,0.0,0.33338426759470985,3.885435663178622,5.582,0.0,0.0,0.0,0.0,0.0,0.0,4.84151573240529,5.582,0.0,0.0,0.0,0.0,0.020005056561338726
2019-01-08 16:00:00,winter,10.8051,0.4869,0.235,0.1175,0.0,9.98481573240529,18.37402454467545,0.4869,0.0,0.0,0.0,0.0,0.33338426759470985,3.8654306066172825,0.4869,0.0,0.0,0.0,0.0,0.0,0.0,9.98481573240529,0.4869,0.0,0.0,0.0,0.0,0.020005056561338726
2019-01-08 17:00:00,winter,10.9669,0.0,0.235,0.1175,0.0,3.729638070661605,14.441875243197195,0.0,0.0,6.903877661743686,0.0,0.0,0.33338426759470985,3.845425550055944,0.0,0.0,0.0,0.0,6.903877661743686,0.0,0.0,3.729638070661605,0.0,0.0,6.903877661743686,0.0,0.0,0.020005056561338726
2019-01-08 18:00:00,winter,12.0492,0.0,0.235,0.1175,0.0,0.0,14.441273498395395,0.0,0.0,11.715815732405291,0.0,0.0,0.33338426759470985,3.8254204934946054,0.0,0.0,0.0,0.0,11.715815732405291,0.0,0.0,0.0,0.0,0.0,11.715815732405291,0.0,0.0,0.020005056561338726
2019-01-08 19:00:00,winter,9.9261,0.0,0.235,0.1175,0.0,0.0,14.440671778666294,0.0,0.0,9.59271573240529,0.0,0.0,0.33338426759470985,3.8054154369332664,0.0,0.0,0.0,0.0,9.59271573240529,0.0,0.0,0.0,0.0,0.0,9.59271573240529,0.0,0.0,0.020005056561338726
2019-01-08 20:00:00,winter,9.9905,0.0,0.235,0.1175,0.0,0.0,14.440070084008848,0.0,0.0,9.657115732405291,0.0,0.0,0.33338426759470985,3.785410380371928,0.0,0.0,0.0,0.0,9.657115732405291,0.0,0.0,0.0,0.0,0.0,9.657115732405291,0.0,0.0,0.020005056561338726
2019-01-08 21:00:00,winter,9.7426,0.0,0.195,0.0975,0.0,0.0,14.439468414422015,0.0,0.0,9.40921573240529,0.0,0.0,0.33338426759470985,3.7654053238105893,0.0,0.0,0.0,0.0,9.40921573240529,0.0,0.0,0.0,0.0,0.0,9.40921573240529,0.0,0.0,0.020005056561338726
2019-01-08 22:00:00,winter,9.3025,0.0,0.195,0.0975,0.0,0.0,14.438866769904747,0.0,0.0,8.96911573240529,0.0,0.0,0.33338426759470985,3.7454002672492503,0.0,0.0,0.0,0.0,8.96911573240529,0.0,0.0,0.0,0.0,0.0,8.96911573240529,0.0,0.0,0.020005056561338726
2019-01-08 23:00:00,winter,8.8951,0.0,0.195,0.0975,0.0,0.0,14.438265150456001,0.0,0.0,8.56171573240529,0.0,0.0,0.33338426759470985,3.725395210687912,0.0,0.0,0.0,0.0,8.56171573240529,0.0,0.0,0.0,0.0,0.0,8.56171573240529,0.0,0.0,0.020005056561338726
2019-01-09 00:00:00,winter,8.4765,0.0,0.195,0.0975,0.0,0.0,14.437663556074732,0.0,0.0,8.14311573240529,0.0,0.0,0.33338426759470985,3.7053901541265732,0.0,0.0,0.0,0.0,8.14311573240529,0.0,0.0,0.0,0.0,0.0,8.14311573240529,0.0,0.0,0.020005056561338726
2019-01-09 01:00:00,winter,8.5425,0.0,0.195,0.0975,0.0,0.0,14.437061986759895,0.0,0.0,8.20911573240529,0.0,0.0,0.33338426759470985,3.685385097565234,0.0,0.0,0.0,0.0,8.20911573240529,0.0,0.0,0.0,0.0,0.0,8.20911573240529,0.0,0.0,0.020005056561338726
2019-01-09 02:00:00,winter,8.6636,0.0,0.195,0.0975,0.0,0.0,14.436460442510446,0.0,0.0,8.330215732405291,0.0,0.0,0.33338426759470985,3.6653800410038953,0.0,0.0,0.0,0.0,8.330215732405291,0.0,0.0,0.0,0.0,0.0,8.330215732405291,0.0,0.0,0.020005056561338726
2019-01-09 03:00:00,winter,8.9103,0.0,0.195,0.0975,0.0,0.0,14.435858923325341,0.0,0.0,8.57691573240529,0.0,0.0,0.33338426759470985,3.6453749844425567,0.0,0.0,0.0,0.0,8.57691573240529,0.0,0.0,0.0,0.0,0.0,8.57691573240529,0.0,0.0,0.020005056561338726
2019-01-09 04:00:00,winter,9.4393,0.0,0.195,0.0975,0.0,0.0,14.435257429203535,0.0,0.0,9.10591573240529,0.0,0.0,0.33338426759470985,3.6253699278812177,0.0,0.0,0.0,0.0,9.10591573240529,0.0,0.0,0.0,0.0,0.0,9.10591573240529,0.0,0.0,0.020005056561338726
2019-01-09 05:00:00,winter,10.3609,0.0,0.195,0.0975,0.0,0.0,14.434655960143983,0.0,0.0,10.027515732405291,0.0,0.0,0.33338426759470985,3.605364871319879,0.0,0.0,0.0,0.0,10.027515732405291,0.0,0.0,0.0,0.0,0.0,10.027515732405291,0.0,0.0,0.020005056561338726
2019-01-09 06:00:00,winter,11.4089,0.0,0.195,0.0975,0.0,0.0,14.434054516145643,0.0,0.0,11.07551573240529,0.0,0.0,0.33338426759470985,3.5853598147585406,0.0,0.0,0.0,0.0,11.07551573240529,0.0,0.0,0.0,0.0,0.0,11.07551573240529,0.0,0.0,0.020005056561338726
2019-01-09 07:00:00,winter,11.1195,0.0,0.195,0.0975,0.0,0.0,14.43345309720747,0.0,0.0,10.78611573240529,0.0,0.0,0.33338426759470985,3.5653547581972016,0.0,0.0,0.0,0.0,10.78611573240529,0.0,0.0,0.0,0.0,0.0,10.78611573240529,0.0,0.0,0.020005056561338726
2019-01-09 08:00:00,winter,13.1024,0.3363,0.235,0.1175,0.0,0.0,14.432851703328419,0.3363,0.0,12.43271573240529,0.0,0.0,0.33338426759470985,3.545349701635863,0.3363,0.0,0.0,0.0,12.43271573240529,0.0,0.0,0.0,0.3363,0.0,12.43271573240529,0.0,0.0,0.020005056561338726
2019-01-09 09:00:00,winter,12.1376,3.8981,0.235,0.1175,0.0,0.0,14.432250334507446,3.8981,0.0,7.906115732405292,0.0,0.0,0.33338426759470985,3.5253446450745245,3.8981,0.0,0.0,0.0,7.906115732405292,0.0,0.0,0.0,3.8981,0.0,7.906115732405292,0.0,0.0,0.020005056561338726
2019-01-09 10:00:00,winter,11.2798,8.7172,0.235,0.1175,0.0,0.0,14.431648990743504,8.7172,0.0,2.22921573240529,0.0,0.0,0.33338426759470985,3.505339588513185,8.7172,0.0,0.0,0.0,2.22921573240529,0.0,0.0,0.0,8.7172,0.0,2.22921573240529,0.0,0.0,0.020005056561338726
2019-01-09 11:00:00,winter,10.7882,12.8727,0.235,0.1175,2.0845000000000002,0.0,16.408578006821852,12.8727,0.0,0.0,0.0,0.0,0.0,3.505339588513185,10.7882,2.0845000000000002,0.0,0.0,0.0,0.0,2.0845000000000002,0.0,12.8727,0.0,0.0,0.0,0.0,0.0
2019-01-09 12:00:00,winter,10.5486,14.8199,0.235,0.1175,4.2713,0.0,20.460005287034726,14.8199,0.0,0.0,0.0,0.0,0.0,3.505339588513185,10.5486,4.2713,0.0,0.0,0.0,0.0,4.2713,0.0,14.8199,0.0,0.0,0.0,0.0,0.0
2019-01-09 13:00:00,winter,10.4051,13.7081,0.235,0.1175,3.303000000000001,0.0,23.59265372027528,13.7081,0.0,0.0,0.0,0.0,0.0,3.505339588513185,10.4051,3.303000000000001,0.0,0.0,0.0,0.0,3.303000000000001,0.0,13.7081,0.0,0.0,0.0,0.0,0.0
2019-01-09 14:00:00,winter,10.2974,9.7904,0.235,0.1175,0.0,0.17361573240528982,23.40866364235726,9.7904,0.0,0.0,0.0,0.0,0.33338426759470985,3.4853345319518465,9.7904,0.0,0.0,0.0,0.0,0.0,0.0,0.17361573240528982,9.7904,0.0,0.0,0.0,0.0,0.020005056561338726
2019-01-09 15:00:00,winter,10.239,4.5349,0.235,0.1175,0.0,5.370715732405291,17.746456821472126,4.5349,0.0,0.0,0.0,0.0,0.33338426759470985,3.465329475390508,4.5349,0.0,0.0,0.0,0.0,0.0,0.0,5.370715732405291,4.5349,0.0,0.0,0.0,0.0,0.020005056561338726
2019-01-09 16:00:00,winter,10.2858,0.3957,0.235,0.1175,0.0,3.1337289710252128,14.442477013072741,0.3957,0.0,6.422986761380078,0.0,0.0,0.33338426759470985,3.445324418829169,0.3957,0.0,0.0,0.0,6.422986761380078,0.0,0.0,3.1337289710252128,0.3957,0.0,6.422986761380078,0.0,0.0,0.020005056561338726
2019-01-09 17:00:00,winter,10.5033,0.0,0.235,0.1175,0.0,0.0,14.441875243197195,0.0,0.0,10.16991573240529,0.0,0.0,0.33338426759470985,3.4253193622678304,0.0,0.0,0.0,0.0,10.16991573240529,0.0,0.0,0.0,0.0,0.0,10.16991573240529,0.0,0.0,0.020005056561338726
2019-01-09 18:00:00,winter,11.6924,0.0,0.235,0.1175,0.0,0.0,14.441273498395395,0.0,0.0,11.35901573240529,0.0,0.0,0.33338426759470985,3.405314305706492,0.0,0.0,0.0,0.0,11.35901573240529,0.0,0.0,0.0,0.0,0.0,11.35901573240529,0.0,0.0,0.020005056561338726
2019-01-09 19:00:00,winter,9.7154,0.0,0.235,0.1175,0.0,0.0,14.440671778666294,0.0,0.0,9.382015732405291,0.0,0.0,0.33338426759470985,3.385309249145152,0.0,0.0,0.0,0.0,9.382015732405291,0.0,0.0,0.0,0.0,0.0,9.382015732405291,0.0,0.0,0.020005056561338726
2019-01-09 20:00:00,winter,9.949,0.0,0.235,0.1175,0.0,0.0,14.440070084008848,0.0,0.0,9.61561573240529,0.0,0.0,0.33338426759470985,3.3653041925838134,0.0,0.0,0.0,0.0,9.61561573240529,0.0,0.0,0.0,0.0,0.0,9.61561573240529,0.0,0.0,0.020005056561338726
2019-01-09 21:00:00,winter,9.875,0.0,0.195,0.0975,0.0,0.0,14.439468414422015,0.0,0.0,9.54161573240529,0.0,0.0,0.33338426759470985,3.345299136022475,0.0,0.0,0.0,0.0,9.54161573240529,0.0,0.0,0.0,0.0,0.0,9.54161573240529,0.0,0.0,0.020005056561338726
2019-01-09 22:00:00,winter,9.5941,0.0,0.195,0.0975,0.0,0.0,14.438866769904747,0.0,0.0,9.26071573240529,0.0,0.0,0.33338426759470985,3.325294079461136,0.0,0.0,0.0,0.0,9.26071573240529,0.0,0.0,0.0,0.0,0.0,9.26071573240529,0.0,0.0,0.020005056561338726
2019-01-09 23:00:00,winter,9.3138,0.0,0.195,0.0975,0.0,0.0,14.438265150456001,0.0,0.0,8.980415732405291,0.0,0.0,0.33338426759470985,3.3052890228997973,0.0,0.0,0.0,0.0,8.980415732405291,0.0,0.0,0.0,0.0,0.0,8.980415732405291,0.0,0.0,0.020005056561338726
2019-01-10 00:00:00,winter,8.9735,0.0,0.195,0.0975,0.0,0.0,14.437663556074732,0.0,0.0,8.64011573240529,0.0,0.0,0.33338426759470985,3.2852839663384588,0.0,0.0,0.0,0.0,8.64011573240529,0.0,0.0,0.0,0.0,0.0,8.64011573240529,0.0,0.0,0.020005056561338726
2019-01-10 01:00:00,winter,9.0684,0.0,0.195,0.0975,0.0,0.0,14.437061986759895,0.0,0.0,8.73501573240529,0.0,0.0,0.33338426759470985,3.2652789097771198,0.0,0.0,0.0,0.0,8.73501573240529,0.0,0.0,0.0,0.0,0.0,8.73501573240529,0.0,0.0,0.020005056561338726
2019-01-10 02:00:00,winter,9.1606,0.0,0.195,0.0975,0.0,0.0,14.436460442510446,0.0,0.0,8.827215732405291,0.0,0.0,0.33338426759470985,3.245273853215781,0.0,0.0,0.0,0.0,8.827215732405291,0.0,0.0,0.0,0.0,0.0,8.827215732405291,0.0,0.0,0.020005056561338726
2019-01-10 03:00:00,winter,9.3236,0.0,0.195,0.0975,0.0,0.0,14.435858923325341,0.0,0.0,8.990215732405291,0.0,0.0,0.33338426759470985,3.2252687966544427,0.0,0.0,0.0,0.0,8.990215732405291,0.0,0.0,0.0,0.0,0.0,8.990215732405291,0.0,0.0,0.020005056561338726
2019-01-10 04:00:00,winter,9.7233,0.0,0.195,0.0975,0.0,0.0,14.435257429203535,0.0,0.0,9.38991573240529,0.0,0.0,0.33338426759470985,3.2052637400931037,0.0,0.0,0.0,0.0,9.38991573240529,0.0,0.0,0.0,0.0,0.0,9.38991573240529,0.0,0.0,0.020005056561338726
2019-01-10 05:00:00,winter,10.4845,0.0,0.195,0.0975,0.0,0.0,14.434655960143983,0.0,0.0,10.151115732405291,0.0,0.0,0.33338426759470985,3.185258683531765,0.0,0.0,0.0,0.0,10.151115732405291,0.0,0.0,0.0,0.0,0.0,10.151115732405291,0.0,0.0,0.020005056561338726
2019-01-10 06:00:00,winter,11.3585,0.0,0.195,0.0975,0.0,0.0,14.434054516145643,0.0,0.0,11.02511573240529,0.0,0.0,0.33338426759470985,3.1652536269704266,0.0,0.0,0.0,0.0,11.02511573240529,0.0,0.0,0.0,0.0,0.0,11.02511573240529,0.0,0.0,0.020005056561338726
2019-01-10 07:00:00,winter,10.9006,0.0,0.195,0.0975,0.0,0.0,14.43345309720747,0.0,0.0,10.567215732405291,0.0,0.0,0.33338426759470985,3.1452485704090876,0.0,0.0,0.0,0.0,10.567215732405291,0.0,0.0,0.0,0.0,0.0,10.567215732405291,0.0,0.0,0.020005056561338726
2019-01-10 08:00:00,winter,12.7391,0.2737,0.235,0.1175,0.0,0.0,14.432851703328419,0.2737,0.0,12.132015732405291,0.0,0.0,0.33338426759470985,3.125243513847749,0.2737,0.0,0.0,0.0,12.132015732405291,0.0,0.0,0.0,0.2737,0.0,12.132015732405291,0.0,0.0,0.020005056561338726
2019-01-10 09:00:00,winter,11.6699,3.1439,0.235,0.1175,0.0,0.0,14.432250334507446,3.1439,0.0,8.19261573240529,0.0,0.0,0.33338426759470985,3.1052384572864105,3.1439,0.0,0.0,0.0,8.19261573240529,0.0,0.0,0.0,3.1439,0.0,8.19261573240529,0.0,0.0,0.020005056561338726
2019-01-10 10:00:00,winter,10.7592,7.0598,0.235,0.1175,0.0,0.0,14.431648990743504,7.0598,0.0,3.36601573240529,0.0,0.0,0.33338426759470985,3.0852334007250715,7.0598,0.0,0.0,0.0,3.36601573240529,0.0,0.0,0.0,7.0598,0.0,3.36601573240529,0.0,0.0,0.020005056561338726
2019-01-10 11:00:00,winter,10.272,10.4962,0.235,0.1175,0.22419999999999973,0.0,14.64374246745848,10.4962,0.0,0.0,0.0,0.0,0.0,3.0852334007250715,10.272,0.22419999999999973,0.0,0.0,0.0,0.0,0.22419999999999973,0.0,10.4962,0.0,0.0,0.0,0.0,0.0
2019-01-10 12:00:00,winter,10.0936,12.1714,0.235,0.1175,2.0778,0.0,16.614306468211694,12.1714,0.0,0.0,0.0,0.0,0.0,3.0852334007250715,10.0936,2.0778,0.0,0.0,0.0,0.0,2.0778,0.0,12.1714,0.0,0.0,0.0,0.0,0.0
2019-01-10 13:00:00,winter,10.0614,11.3316,0.235,0.1175,1.270199999999999,0.0,17.81863173062595,11.3316,0.0,0.0,0.0,0.0,0.0,3.0852334007250715,10.0614,1.270199999999999,0.0,0.0,0.0,0.0,1.270199999999999,0.0,11.3316,0.0,0.0,0.0,0.0,0.0
2019-01-10 14:00:00,winter,10.1029,8.133,0.235,0.1175,0.0,1.636515732405291,16.09285024060405,8.133,0.0,0.0,0.0,0.0,0.33338426759470985,3.065228344163733,8.133,0.0,0.0,0.0,0.0,0.0,0.0,1.636515732405291,8.133,0.0,0.0,0.0,0.0,0.020005056561338726
2019-01-10 15:00:00,winter,10.215,3.778,0.235,0.1175,0.0,1.564474477930389,14.443078808023076,3.778,0.0,4.539141254474901,0.0,0.0,0.33338426759470985,3.0452232876023944,3.778,0.0,0.0,0.0,4.539141254474901,0.0,0.0,1.564474477930389,3.778,0.0,4.539141254474901,0.0,0.0,0.020005056561338726
2019-01-10 16:00:00,winter,10.435,0.3299,0.235,0.1175,0.0,0.0,14.442477013072741,0.3299,0.0,9.77171573240529,0.0,0.0,0.33338426759470985,3.0252182310410554,0.3299,0.0,0.0,0.0,9.77171573240529,0.0,0.0,0.0,0.3299,0.0,9.77171573240529,0.0,0.0,0.020005056561338726
2019-01-10 17:00:00,winter,10.8094,0.0,0.235,0.1175,0.0,0.0,14.441875243197195,0.0,0.0,10.47601573240529,0.0,0.0,0.33338426759470985,3.005213174479717,0.0,0.0,0.0,0.0,10.47601573240529,0.0,0.0,0.0,0.0,0.0,10.47601573240529,0.0,0.0,0.020005056561338726
2019-01-10 18:00:00,winter,12.1216,0.0,0.235,0.1175,0.0,0.0,14.441273498395395,0.0,0.0,11.788215732405291,0.0,0.0,0.33338426759470985,2.9852081179183783,0.0,0.0,0.0,0.0,11.788215732405291,0.0,0.0,0.0,0.0,0.0,11.788215732405291,0.0,0.0,0.020005056561338726
2019-01-10 19:00:00,winter,10.2203,0.0,0.235,0.1175,0.0,0.0,14.440671778666294,0.0,0.0,9.88691573240529,0.0,0.0,0.33338426759470985,2.9652030613570393,0.0,0.0,0.0,0.0,9.88691573240529,0.0,0.0,0.0,0.0,0.0,9.88691573240529,0.0,0.0,0.020005056561338726
2019-01-10 20:00:00,winter,10.4742,0.0,0.235,0.1175,0.0,0.0,14.440070084008848,0.0,0.0,10.14081573240529,0.0,0.0,0.33338426759470985,2.9451980047957007,0.0,0.0,0.0,0.0,10.14081573240529,0.0,0.0,0.0,0.0,0.0,10.14081573240529,0.0,0.0,0.020005056561338726
2019-01-10 21:00:00,winter,10.3626,0.0,0.195,0.0975,0.0,0.0,14.439468414422015,0.0,0.0,10.02921573240529,0.0,0.0,0.33338426759470985,2.925192948234362,0.0,0.0,0.0,0.0,10.02921573240529,0.0,0.0,0.0,0.0,0.0,10.02921573240529,0.0,0.0,0.020005056561338726
2019-01-10 22:00:00,winter,9.9905,0.0,0.195,0.0975,0.0,0.0,14.438866769904747,0.0,0.0,9.657115732405291,0.0,0.0,0.33338426759470985,2.9051878916730227,0.0,0.0,0.0,0.0,9.657115732405291,0.0,0.0,0.0,0.0,0.0,9.657115732405291,0.0,0.0,0.020005056561338726
2019-01-10 23:00:00,winter,9.5754,0.0,0.195,0.0975,0.0,0.0,14.438265150456001,0.0,0.0,9.24201573240529,0.0,0.0,0.33338426759470985,2.885182835111684,0.0,0.0,0.0,0.0,9.24201573240529,0.0,0.0,0.0,0.0,0.0,9.24201573240529,0.0,0.0,0.020005056561338726
2019-01-11 00:00:00,winter,9.08,0.0,0.195,0.0975,0.0,0.0,14.437663556074732,0.0,0.0,8.74661573240529,0.0,0.0,0.33338426759470985,2.8651777785503456,0.0,0.0,0.0,0.0,8.74661573240529,0.0,0.0,0.0,0.0,0.0,8.74661573240529,0.0,0.0,0.020005056561338726
2019-01-11 01:00:00,winter,9.0006,0.0,0.195,0.0975,0.0,0.0,14.437061986759895,0.0,0.0,8.66721573240529,0.0,0.0,0.33338426759470985,2.8451727219890066,0.0,0.0,0.0,0.0,8.66721573240529,0.0,0.0,0.0,0.0,0.0,8.66721573240529,0.0,0.0,0.020005056561338726
2019-01-11 02:00:00,winter,8.9258,0.0,0.195,0.0975,0.0,0.0,14.436460442510446,0.0,0.0,8.592415732405291,0.0,0.0,0.33338426759470985,2.825167665427668,0.0,0.0,0.0,0.0,8.592415732405291,0.0,0.0,0.0,0.0,0.0,8.592415732405291,0.0,0.0,0.020005056561338726
2019-01-11 03:00:00,winter,8.9478,0.0,0.195,0.0975,0.0,0.0,14.435858923325341,0.0,0.0,8.614415732405291,0.0,0.0,0.33338426759470985,2.8051626088663295,0.0,0.0,0.0,0.0,8.614415732405291,0.0,0.0,0.0,0.0,0.0,8.614415732405291,0.0,0.0,0.020005056561338726
2019-01-11 04:00:00,winter,9.2479,0.0,0.195,0.0975,0.0,0.0,14.435257429203535,0.0,0.0,8.91451573240529,0.0,0.0,0.33338426759470985,2.7851575523049905,0.0,0.0,0.0,0.0,8.91451573240529,0.0,0.0,0.0,0.0,0.0,8.91451573240529,0.0,0.0,0.020005056561338726
2019-01-11 05:00:00,winter,9.9617,0.0,0.195,0.0975,0.0,0.0,14.434655960143983,0.0,0.0,9.62831573240529,0.0,0.0,0.33338426759470985,2.765152495743652,0.0,0.0,0.0,0.0,9.62831573240529,0.0,0.0,0.0,0.0,0.0,9.62831573240529,0.0,0.0,0.020005056561338726
2019-01-11 06:00:00,winter,10.8459,0.0,0.195,0.0975,0.0,0.0,14.434054516145643,0.0,0.0,10.51251573240529,0.0,0.0,0.33338426759470985,2.7451474391823134,0.0,0.0,0.0,0.0,10.51251573240529,0.0,0.0,0.0,0.0,0.0,10.51251573240529,0.0,0.0,0.020005056561338726
2019-01-11 07:00:00,winter,10.4546,0.0,0.195,0.0975,0.0,0.0,14.43345309720747,0.0,0.0,10.12121573240529,0.0,0.0,0.33338426759470985,2.7251423826209744,0.0,0.0,0.0,0.0,10.12121573240529,0.0,0.0,0.0,0.0,0.0,10.12121573240529,0.0,0.0,0.020005056561338726
2019-01-11 08:00:00,winter,12.4089,0.3053,0.235,0.1175,0.0,0.0,14.432851703328419,0.3053,0.0,11.770215732405289,0.0,0.0,0.33338426759470985,2.705137326059636,0.3053,0.0,0.0,0.0,11.770215732405289,0.0,0.0,0.0,0.3053,0.0,11.770215732405289,0.0,0.0,0.020005056561338726
2019-01-11 09:00:00,winter,11.4918,3.5422,0.235,0.1175,0.0,0.0,14.432250334507446,3.5422,0.0,7.616215732405291,0.0,0.0,0.33338426759470985,2.6851322694982973,3.5422,0.0,0.0,0.0,7.616215732405291,0.0,0.0,0.0,3.5422,0.0,7.616215732405291,0.0,0.0,0.020005056561338726
2019-01-11 10:00:00,winter,10.7527,7.938,0.235,0.1175,0.0,0.0,14.431648990743504,7.938,0.0,2.4813157324052915,0.0,0.0,0.33338426759470985,2.665127212936965,7.938,0.0,0.0,0.0,2.4813157324052915,0.0,0.0,0.0,7.938,0.0,2.4813157324052915,0.0,0.0,0.020005056561338726
2019-01-11 11:00:00,winter,10.4379,11.7555,0.235,0.1175,1.3175999999999988,0.0,15.681032785546911,11.7555,0.0,0.0,0.0,0.0,0.0,2.665127212936965,10.4379,1.3175999999999988,0.0,0.0,0.0,0.0,1.3175999999999988,0.0,11.7555,0.0,0.0,0.0,0.0,0.0
2019-01-11 12:00:00,winter,10.4137,13.5748,0.235,0.1175,3.1610999999999994,0.0,18.679262182648323,13.5748,0.0,0.0,0.0,0.0,0.0,2.665127212936965,10.4137,3.1610999999999994,0.0,0.0,0.0,0.0,3.1610999999999994,0.0,13.5748,0.0,0.0,0.0,0.0,0.0
2019-01-11 13:00:00,winter,10.5004,12.5909,0.235,0.1175,2.0904999999999987,0.0,20.661706314631974,12.5909,0.0,0.0,0.0,0.0,0.0,2.665127212936965,10.5004,2.0904999999999987,0.0,0.0,0.0,0.0,2.0904999999999987,0.0,12.5909,0.0,0.0,0.0,0.0,0.0
2019-01-11 14:00:00,winter,10.6125,9.0112,0.235,0.1175,0.0,1.2679157324052903,19.32434487834844,9.0112,0.0,0.0,0.0,0.0,0.33338426759470985,2.6451221563756264,9.0112,0.0,0.0,0.0,0.0,0.0,0.0,1.2679157324052903,9.0112,0.0,0.0,0.0,0.0,0.020005056561338726
2019-01-11 15:00:00,winter,10.7391,4.1791,0.235,0.1175,0.0,4.6300117324570085,14.443078808023076,4.1791,0.0,1.5966039999482824,0.0,0.0,0.33338426759470985,2.625117099814288,4.1791,0.0,0.0,0.0,1.5966039999482824,0.0,0.0,4.6300117324570085,4.1791,0.0,1.5966039999482824,0.0,0.0,0.020005056561338726
2019-01-11 16:00:00,winter,10.9159,0.3648,0.235,0.1175,0.0,0.0,14.442477013072741,0.3648,0.0,10.21771573240529,0.0,0.0,0.33338426759470985,2.605112043252949,0.3648,0.0,0.0,0.0,10.21771573240529,0.0,0.0,0.0,0.3648,0.0,10.21771573240529,0.0,0.0,0.020005056561338726
2019-01-11 17:00:00,winter,11.194,0.0,0.235,0.1175,0.0,0.0,14.441875243197195,0.0,0.0,10.860615732405291,0.0,0.0,0.33338426759470985,2.5851069866916103,0.0,0.0,0.0,0.0,10.860615732405291,0.0,0.0,0.0,0.0,0.0,10.860615732405291,0.0,0.0,0.020005056561338726
2019-01-11 18:00:00,winter,12.3677,0.0,0.235,0.1175,0.0,0.0,14.441273498395395,0.0,0.0,12.03431573240529,0.0,0.0,0.33338426759470985,2.5651019301302718,0.0,0.0,0.0,0.0,12.03431573240529,0.0,0.0,0.0,0.0,0.0,12.03431573240529,0.0,0.0,0.020005056561338726
2019-01-11 19:00:00,winter,10.3009,0.0,0.235,0.1175,0.0,0.0,14.440671778666294,0.0,0.0,9.96751573240529,0.0,0.0,0.33338426759470985,2.5450968735689328,0.0,0.0,0.0,0.0,9.96751573240529,0.0,0.0,0.0,0.0,0.0,9.96751573240529,0.0,0.0,0.020005056561338726
2019-01-11 20:00:00,winter,10.3803,0.0,0.235,0.1175,0.0,0.0,14.440070084008848,0.0,0.0,10.04691573240529,0.0,0.0,0.33338426759470985,2.525091817007594,0.0,0.0,0.0,0.0,10.04691573240529,0.0,0.0,0.0,0.0,0.0,10.04691573240529,0.0,0.0,0.020005056561338726
2019-01-11 21:00:00,winter,10.1046,0.0,0.195,0.0975,0.0,0.0,14.439468414422015,0.0,0.0,9.77121573240529,0.0,0.0,0.33338426759470985,2.5050867604462557,0.0,0.0,0.0,0.0,9.77121573240529,0.0,0.0,0.0,0.0,0.0,9.77121573240529,0.0,0.0,0.020005056561338726
2019-01-11 22:00:00,winter,9.5968,0.0,0.195,0.0975,0.0,0.0,14.438866769904747,0.0,0.0,9.26341573240529,0.0,0.0,0.33338426759470985,2.4850817038849167,0.0,0.0,0.0,0.0,9.26341573240529,0.0,0.0,0.0,0.0,0.0,9.26341573240529,0.0,0.0,0.020005056561338726
2019-01-11 23:00:00,winter,9.0892,0.0,0.195,0.0975,0.0,0.0,14.438265150456001,0.0,0.0,8.75581573240529,0.0,0.0,0.33338426759470985,2.465076647323578,0.0,0.0,0.0,0.0,8.75581573240529,0.0,0.0,0.0,0.0,0.0,8.75581573240529,0.0,0.0,0.020005056561338726
2019-01-12 00:00:00,winter,8.5556,0.0,0.195,0.0975,0.0,0.0,14.437663556074732,0.0,0.0,8.22221573240529,0.0,0.0,0.33338426759470985,2.4450715907622396,0.0,0.0,0.0,0.0,8.22221573240529,0.0,0.0,0.0,0.0,0.0,8.22221573240529,0.0,0.0,0.020005056561338726
2019-01-12 01:00:00,winter,8.4921,0.0,0.195,0.0975,0.0,0.0,14.437061986759895,0.0,0.0,8.158715732405291,0.0,0.0,0.33338426759470985,2.4250665342009006,0.0,0.0,0.0,0.0,8.158715732405291,0.0,0.0,0.0,0.0,0.0,8.158715732405291,0.0,0.0,0.020005056561338726
2019-01-12 02:00:00,winter,8.4894,0.0,0.195,0.0975,0.0,0.0,14.436460442510446,0.0,0.0,8.15601573240529,0.0,0.0,0.33338426759470985,2.405061477639562,0.0,0.0,0.0,0.0,8.15601573240529,0.0,0.0,0.0,0.0,0.0,8.15601573240529,0.0,0.0,0.020005056561338726
2019-01-12 03:00:00,winter,8.6314,0.0,0.195,0.0975,0.0,0.0,14.435858923325341,0.0,0.0,8.29801573240529,0.0,0.0,0.33338426759470985,2.3850564210782235,0.0,0.0,0.0,0.0,8.29801573240529,0.0,0.0,0.0,0.0,0.0,8.29801573240529,0.0,0.0,0.020005056561338726
2019-01-12 04:00:00,winter,9.0863,0.0,0.195,0.0975,0.0,0.0,14.435257429203535,0.0,0.0,8.75291573240529,0.0,0.0,0.33338426759470985,2.3650513645168845,0.0,0.0,0.0,0.0,8.75291573240529,0.0,0.0,0.0,0.0,0.0,8.75291573240529,0.0,0.0,0.020005056561338726
2019-01-12 05:00:00,winter,9.9728,0.0,0.195,0.0975,0.0,0.0,14.434655960143983,0.0,0.0,9.63941573240529,0.0,0.0,0.33338426759470985,2.345046307955546,0.0,0.0,0.0,0.0,9.63941573240529,0.0,0.0,0.0,0.0,0.0,9.63941573240529,0.0,0.0,0.020005056561338726
2019-01-12 06:00:00,winter,11.0284,0.0,0.195,0.0975,0.0,0.0,14.434054516145643,0.0,0.0,10.69501573240529,0.0,0.0,0.33338426759470985,2.3250412513942074,0.0,0.0,0.0,0.0,10.69501573240529,0.0,0.0,0.0,0.0,0.0,10.69501573240529,0.0,0.0,0.020005056561338726
2019-01-12 07:00:00,winter,10.7884,0.0,0.195,0.0975,0.0,0.0,14.43345309720747,0.0,0.0,10.45501573240529,0.0,0.0,0.33338426759470985,2.3050361948328684,0.0,0.0,0.0,0.0,10.45501573240529,0.0,0.0,0.0,0.0,0.0,10.45501573240529,0.0,0.0,0.020005056561338726
2019-01-12 08:00:00,winter,12.8573,0.401,0.235,0.1175,0.0,0.0,14.432851703328419,0.401,0.0,12.122915732405291,0.0,0.0,0.33338426759470985,2.28503113827153,0.401,0.0,0.0,0.0,12.122915732405291,0.0,0.0,0.0,0.401,0.0,12.122915732405291,0.0,0.0,0.020005056561338726
2019-01-12 09:00:00,winter,12.0054,4.6414,0.235,0.1175,0.0,0.0,14.432250334507446,4.6414,0.0,7.03061573240529,0.0,0.0,0.33338426759470985,2.2650260817101913,4.6414,0.0,0.0,0.0,7.03061573240529,0.0,0.0,0.0,4.6414,0.0,7.03061573240529,0.0,0.0,0.020005056561338726
2019-01-12 10:00:00,winter,11.275,10.3447,0.235,0.1175,0.0,0.0,14.431648990743504,10.3447,0.0,0.5969157324052909,0.0,0.0,0.33338426759470985,2.2450210251488523,10.3447,0.0,0.0,0.0,0.5969157324052909,0.0,0.0,0.0,10.3447,0.0,0.5969157324052909,0.0,0.0,0.020005056561338726
2019-01-12 11:00:00,winter,10.9114,15.2065,0.235,0.1175,4.2951,0.0,18.505737305492318,15.2065,0.0,0.0,0.0,0.0,0.0,2.2450210251488523,10.9114,4.2951,0.0,0.0,0.0,0.0,4.2951,0.0,15.2065,0.0,0.0,0.0,0.0,0.0
2019-01-12 12:00:00,winter,10.7862,17.4209,0.235,0.1175,6.6347000000000005,0.0,24.799195310680332,17.4209,0.0,0.0,0.0,0.0,0.0,2.2450210251488523,10.7862,6.6347000000000005,0.0,0.0,0.0,0.0,6.6347000000000005,0.0,17.4209,0.0,0.0,0.0,0.0,0.0
2019-01-12 13:00:00,winter,10.731,16.0419,0.235,0.1175,5.310899999999998,0.0,29.83652413849219,16.0419,0.0,0.0,0.0,0.0,0.0,2.2450210251488523,10.731,5.310899999999998,0.0,0.0,0.0,0.0,5.310899999999998,0.0,16.0419,0.0,0.0,0.0,0.0,0.0
2019-01-12 14:00:00,winter,10.6757,11.4179,0.235,0.1175,0.7421999999999986,0.0,30.53939369379951,11.4179,0.0,0.0,0.0,0.0,0.0,2.2450210251488523,10.6757,0.7421999999999986,0.0,0.0,0.0,0.0,0.7421999999999986,0.0,11.4179,0.0,0.0,0.0,0.0,0.0
2019-01-12 15:00:00,winter,10.628,5.2783,0.235,0.1175,0.0,5.016315732405291,25.250460160083456,5.2783,0.0,0.0,0.0,0.0,0.33338426759470985,2.2250159685875137,5.2783,0.0,0.0,0.0,0.0,0.0,0.0,5.016315732405291,5.2783,0.0,0.0,0.0,0.0,0.020005056561338726
2019-01-12 16:00:00,winter,10.6427,0.4605,0.235,0.1175,0.0,9.84881573240529,14.867844734343409,0.4605,0.0,0.0,0.0,0.0,0.33338426759470985,2.2050109120261747,0.4605,0.0,0.0,0.0,0.0,0.0,0.0,9.84881573240529,0.4605,0.0,0.0,0.0,0.0,0.020005056561338726
2019-01-12 17:00:00,winter,10.7889,0.0,0.235,0.1175,0.0,0.4040933038069154,14.441273498395395,0.0,0.0,10.051422428598375,0.0,0.0,0.33338426759470985,2.185005855464836,0.0,0.0,0.0,0.0,10.051422428598375,0.0,0.0,0.4040933038069154,0.0,0.0,10.051422428598375,0.0,0.0,0.020005056561338726
2019-01-12 18:00:00,winter,11.8752,0.0,0.235,0.1175,0.0,0.0,14.440671778666294,0.0,0.0,11.54181573240529,0.0,0.0,0.33338426759470985,2.1650007989034976,0.0,0.0,0.0,0.0,11.54181573240529,0.0,0.0,0.0,0.0,0.0,11.54181573240529,0.0,0.0,0.020005056561338726
2019-01-12 19:00:00,winter,9.7752,0.0,0.235,0.1175,0.0,0.0,14.440070084008848,0.0,0.0,9.44181573240529,0.0,0.0,0.33338426759470985,2.1449957423421586,0.0,0.0,0.0,0.0,9.44181573240529,0.0,0.0,0.0,0.0,0.0,9.44181573240529,0.0,0.0,0.020005056561338726
2019-01-12 20:00:00,winter,9.8793,0.0,0.235,0.1175,0.0,0.0,14.439468414422015,0.0,0.0,9.545915732405291,0.0,0.0,0.33338426759470985,2.12499068578082,0.0,0.0,0.0,0.0,9.545915732405291,0.0,0.0,0.0,0.0,0.0,9.545915732405291,0.0,0.0,0.020005056561338726
2019-01-12 21:00:00,winter,9.6834,0.0,0.195,0.0975,0.0,0.0,14.438866769904747,0.0,0.0,9.350015732405291,0.0,0.0,0.33338426759470985,2.1049856292194815,0.0,0.0,0.0,0.0,9.350015732405291,0.0,0.0,0.0,0.0,0.0,9.350015732405291,0.0,0.0,0.020005056561338726
2019-01-12 22:00:00,winter,9.3018,0.0,0.195,0.0975,0.0,0.0,14.438265150456001,0.0,0.0,8.96841573240529,0.0,0.0,0.33338426759470985,2.0849805726581425,0.0,0.0,0.0,0.0,8.96841573240529,0.0,0.0,0.0,0.0,0.0,8.96841573240529,0.0,0.0,0.020005056561338726
2019-01-12 23:00:00,winter,8.953,0.0,0.195,0.0975,0.0,0.0,14.437663556074732,0.0,0.0,8.61961573240529,0.0,0.0,0.33338426759470985,2.064975516096804,0.0,0.0,0.0,0.0,8.61961573240529,0.0,0.0,0.0,0.0,0.0,8.61961573240529,0.0,0.0,0.020005056561338726
2019-01-13 00:00:00,winter,8.5842,0.0,0.195,0.0975,0.0,0.0,14.437061986759895,0.0,0.0,8.25081573240529,0.0,0.0,0.33338426759470985,2.0449704595354654,0.0,0.0,0.0,0.0,8.25081573240529,0.0,0.0,0.0,0.0,0.0,8.25081573240529,0.0,0.0,0.020005056561338726
2019-01-13 01:00:00,winter,8.691,0.0,0.195,0.0975,0.0,0.0,14.436460442510446,0.0,0.0,8.357615732405291,0.0,0.0,0.33338426759470985,2.0249654029741264,0.0,0.0,0.0,0.0,8.357615732405291,0.0,0.0,0.0,0.0,0.0,8.357615732405291,0.0,0.0,0.020005056561338726
2019-01-13 02:00:00,winter,8.8366,0.0,0.195,0.0975,0.0,0.0,14.435858923325341,0.0,0.0,8.503215732405291,0.0,0.0,0.33338426759470985,2.004960346412788,0.0,0.0,0.0,0.0,8.503215732405291,0.0,0.0,0.0,0.0,0.0,8.503215732405291,0.0,0.0,0.020005056561338726
2019-01-13 03:00:00,winter,9.0887,0.0,0.195,0.0975,0.0,0.0,14.435257429203535,0.0,0.0,8.75531573240529,0.0,0.0,0.33338426759470985,1.984955289851449,0.0,0.0,0.0,0.0,8.75531573240529,0.0,0.0,0.0,0.0,0.0,8.75531573240529,0.0,0.0,0.020005056561338726
2019-01-13 04:00:00,winter,9.6034,0.0,0.195,0.0975,0.0,0.0,14.434655960143983,0.0,0.0,9.270015732405291,0.0,0.0,0.33338426759470985,1.9649502332901132,0.0,0.0,0.0,0.0,9.270015732405291,0.0,0.0,0.0,0.0,0.0,9.270015732405291,0.0,0.0,0.020005056561338726
2019-01-13 05:00:00,winter,10.4928,0.0,0.195,0.0975,0.0,0.0,14.434054516145643,0.0,0.0,10.159415732405291,0.0,0.0,0.33338426759470985,1.9449451767287744,0.0,0.0,0.0,0.0,10.159415732405291,0.0,0.0,0.0,0.0,0.0,10.159415732405291,0.0,0.0,0.020005056561338726
2019-01-13 06:00:00,winter,11.4939,0.0,0.195,0.0975,0.0,0.0,14.43345309720747,0.0,0.0,11.16051573240529,0.0,0.0,0.33338426759470985,1.9249401201674357,0.0,0.0,0.0,0.0,11.16051573240529,0.0,0.0,0.0,0.0,0.0,11.16051573240529,0.0,0.0,0.020005056561338726
2019-01-13 07:00:00,winter,11.1484,0.0,0.195,0.0975,0.0,0.0,14.432851703328419,0.0,0.0,10.815015732405291,0.0,0.0,0.33338426759470985,1.9049350636060969,0.0,0.0,0.0,0.0,10.815015732405291,0.0,0.0,0.0,0.0,0.0,10.815015732405291,0.0,0.0,0.020005056561338726
2019-01-13 08:00:00,winter,10.672,0.4477,0.235,0.1175,0.0,0.0,14.432250334507446,0.4477,0.0,9.890915732405292,0.0,0.0,0.33338426759470985,1.884930007044758,0.4477,0.0,0.0,0.0,9.890915732405292,0.0,0.0,0.0,0.4477,0.0,9.890915732405292,0.0,0.0,0.020005056561338726
2019-01-13 09:00:00,winter,9.6512,5.1783,0.235,0.1175,0.0,0.0,14.431648990743504,5.1783,0.0,4.13951573240529,0.0,0.0,0.33338426759470985,1.8649249504834193,5.1783,0.0,0.0,0.0,4.13951573240529,0.0,0.0,0.0,5.1783,0.0,4.13951573240529,0.0,0.0,0.020005056561338726
2019-01-13 10:00:00,winter,8.7469,11.5202,0.235,0.1175,2.7733000000000008,0.0,17.062031062519047,11.5202,0.0,0.0,0.0,0.0,0.0,1.8649249504834193,8.7469,2.7733000000000008,0.0,0.0,0.0,0.0,2.7733000000000008,0.0,11.5202,0.0,0.0,0.0,0.0,0.0
2019-01-13 11:00:00,winter,8.2234,16.8921,0.235,0.1175,8.6687,0.0,25.285171050368596,16.8921,0.0,0.0,0.0,0.0,0.0,1.8649249504834193,8.2234,8.6687,0.0,0.0,0.0,0.0,8.6687,0.0,16.8921,0.0,0.0,0.0,0.0,0.0
2019-01-13 12:00:00,winter,7.9701,19.2994,0.235,0.1175,11.329299999999998,0.0,36.03203519017851,19.2994,0.0,0.0,0.0,0.0,0.0,1.8649249504834193,7.9701,11.329299999999998,0.0,0.0,0.0,0.0,11.329299999999998,0.0,19.2994,0.0,0.0,0.0,0.0,0.0
2019-01-13 13:00:00,winter,7.8326,17.7275,0.235,0.1175,9.8949,0.0,45.41766022125895,17.7275,0.0,0.0,0.0,0.0,0.0,1.8649249504834193,7.8326,9.8949,0.0,0.0,0.0,0.0,9.8949,0.0,17.7275,0.0,0.0,0.0,0.0,0.0
2019-01-13 14:00:00,winter,7.7498,12.5934,0.235,0.1175,4.843600000000001,0.0,50.0108102411872,12.5934,0.0,0.0,0.0,0.0,0.0,1.8649249504834193,7.7498,4.843600000000001,0.0,0.0,0.0,0.0,4.843600000000001,0.0,12.5934,0.0,0.0,0.0,0.0,0.0
2019-01-13 15:00:00,winter,7.7326,5.8152,0.235,0.1175,0.0,1.58401573240529,48.33902726944697,5.8152,0.0,0.0,0.0,0.0,0.3333842675947098,1.8449198939220806,5.8152,0.0,0.0,0.0,0.0,0.0,0.0,1.58401573240529,5.8152,0.0,0.0,0.0,0.0,0.020005056561338722
2019-01-13 16:00:00,winter,7.8323,0.5072,0.235,0.1175,0.0,6.99171573240529,40.96709765436639,0.5072,0.0,0.0,0.0,0.0,0.33338426759470985,1.8249148373607418,0.5072,0.0,0.0,0.0,0.0,0.0,0.0,6.99171573240529,0.5072,0.0,0.0,0.0,0.0,0.020005056561338726
2019-01-13 17:00:00,winter,8.1086,0.0,0.235,0.1175,0.0,7.7752157324052895,32.769593687439134,0.0,0.0,0.0,0.0,0.0,0.33338426759470985,1.804909780799403,0.0,0.0,0.0,0.0,0.0,0.0,0.0,7.7752157324052895,0.0,0.0,0.0,0.0,0.0,0.020005056561338726
2019-01-13 18:00:00,winter,9.3559,0.0,0.235,0.1175,0.0,9.02251573240529,23.257661641334494,0.0,0.0,0.0,0.0,0.0,0.33338426759470985,1.7849047242380642,0.0,0.0,0.0,0.0,0.0,0.0,0.0,9.02251573240529,0.0,0.0,0.0,0.0,0.0,0.020005056561338726
2019-01-13 19:00:00,winter,9.8301,0.0,0.235,0.1175,0.0,8.365324063660976,14.438866769904747,0.0,0.0,1.131391668744314,0.0,0.0,0.33338426759470985,1.7648996676767257,0.0,0.0,0.0,0.0,1.131391668744314,0.0,0.0,8.365324063660976,0.0,0.0,1.131391668744314,0.0,0.0,0.020005056561338726
2019-01-13 20:00:00,winter,10.1023,0.0,0.235,0.1175,0.0,0.0,14.438265150456001,0.0,0.0,9.76891573240529,0.0,0.0,0.33338426759470985,1.744894611115387,0.0,0.0,0.0,0.0,9.76891573240529,0.0,0.0,0.0,0.0,0.0,9.76891573240529,0.0,0.0,0.020005056561338726
2019-01-13 21:00:00,winter,10.05,0.0,0.195,0.0975,0.0,0.0,14.437663556074732,0.0,0.0,9.716615732405291,0.0,0.0,0.33338426759470985,1.7248895545540481,0.0,0.0,0.0,0.0,9.716615732405291,0.0,0.0,0.0,0.0,0.0,9.716615732405291,0.0,0.0,0.020005056561338726
2019-01-13 22:00:00,winter,9.7716,0.0,0.195,0.0975,0.0,0.0,14.437061986759895,0.0,0.0,9.43821573240529,0.0,0.0,0.33338426759470985,1.7048844979927091,0.0,0.0,0.0,0.0,9.43821573240529,0.0,0.0,0.0,0.0,0.0,9.43821573240529,0.0,0.0,0.020005056561338726
2019-01-13 23:00:00,winter,9.4742,0.0,0.195,0.0975,0.0,0.0,14.436460442510446,0.0,0.0,9.14081573240529,0.0,0.0,0.33338426759470985,1.6848794414313704,0.0,0.0,0.0,0.0,9.14081573240529,0.0,0.0,0.0,0.0,0.0,9.14081573240529,0.0,0.0,0.020005056561338726
2019-04-08 00:00:00,spring,7.9476,0.0,0.18,0.09,0.0,0.0,14.435858923325341,0.0,0.0,7.614215732405291,0.0,0.0,0.33338426759470985,1.6648743848700316,0.0,0.0,0.0,0.0,7.614215732405291,0.0,0.0,0.0,0.0,0.0,7.614215732405291,0.0,0.0,0.020005056561338726
2019-04-08 01:00:00,spring,7.9186,0.0,0.18,0.09,0.0,0.0,14.435257429203535,0.0,0.0,7.58521573240529,0.0,0.0,0.33338426759470985,1.644869328308693,0.0,0.0,0.0,0.0,7.58521573240529,0.0,0.0,0.0,0.0,0.0,7.58521573240529,0.0,0.0,0.020005056561338726
2019-04-08 02:00:00,spring,7.8814,0.0,0.18,0.09,0.0,0.0,14.434655960143983,0.0,0.0,7.548015732405291,0.0,0.0,0.33338426759470985,1.6248642717473543,0.0,0.0,0.0,0.0,7.548015732405291,0.0,0.0,0.0,0.0,0.0,7.548015732405291,0.0,0.0,0.020005056561338726
2019-04-08 03:00:00,spring,7.9237,0.0,0.18,0.09,0.0,0.0,14.434054516145643,0.0,0.0,7.590315732405291,0.0,0.0,0.33338426759470985,1.6048592151860155,0.0,0.0,0.0,0.0,7.590315732405291,0.0,0.0,0.0,0.0,0.0,7.590315732405291,0.0,0.0,0.020005056561338726
2019-04-08 04:00:00,spring,8.2247,0.0,0.18,0.09,0.0,0.0,14.43345309720747,0.0,0.0,7.891315732405291,0.0,0.0,0.33338426759470985,1.584854158624677,0.0,0.0,0.0,0.0,7.891315732405291,0.0,0.0,0.0,0.0,0.0,7.891315732405291,0.0,0.0,0.020005056561338726
2019-04-08 05:00:00,spring,8.9201,0.0,0.18,0.09,0.0,0.0,14.432851703328419,0.0,0.0,8.58671573240529,0.0,0.0,0.33338426759470985,1.5648491020633382,0.0,0.0,0.0,0.0,8.58671573240529,0.0,0.0,0.0,0.0,0.0,8.58671573240529,0.0,0.0,0.020005056561338726
2019-04-08 06:00:00,spring,9.7683,0.9329,0.18,0.09,0.0,0.0,14.432250334507446,0.9329,0.0,8.50201573240529,0.0,0.0,0.33338426759470985,1.5448440455019994,0.9329,0.0,0.0,0.0,8.50201573240529,0.0,0.0,0.0,0.9329,0.0,8.50201573240529,0.0,0.0,0.020005056561338726
2019-04-08 07:00:00,spring,10.1276,6.2367,0.18,0.09,0.0,0.0,14.431648990743504,6.2367,0.0,3.5575157324052897,0.0,0.0,0.33338426759470985,1.5248389889406606,6.2367,0.0,0.0,0.0,3.5575157324052897,0.0,0.0,0.0,6.2367,0.0,3.5575157324052897,0.0,0.0,0.020005056561338726
2019-04-08 08:00:00,spring,12.0245,13.4908,0.22,0.11,0.0006338455722623384,0.0,14.431648990743504,13.4908,0.0,0.0,0.0,1.465666154427738,0.0,1.553422337286836,12.0245,0.0006338455722623384,1.465666154427738,0.0,0.0,0.0,0.0006338455722623384,0.0,13.4908,0.0,0.0,0.0,0.028583348346175513,0.0
2019-04-08 09:00:00,spring,11.0482,21.2253,0.22,0.11,3.028364261045696,0.0,17.30400626690269,21.2253,0.0,0.0,0.0,7.148735738954305,0.0,1.692836625625279,11.0482,3.028364261045696,7.148735738954305,0.0,0.0,0.0,3.028364261045696,0.0,21.2253,0.0,0.0,0.0,0.1394142883384428,0.0
2019-04-08 10:00:00,spring,10.2548,28.2595,0.22,0.11,10.855964261045695,0.0,27.602157245328904,28.2595,0.0,0.0,0.0,7.148735738954305,0.0,1.8322509139637218,10.2548,10.855964261045695,7.148735738954305,0.0,0.0,0.0,10.855964261045695,0.0,28.2595,0.0,0.0,0.0,0.1394142883384428,0.0
2019-04-08 11:00:00,spring,9.8964,33.5073,0.22,0.11,16.901843168907465,0.0,43.635503476055376,33.5073,0.0,0.0,0.0,6.709056831092536,0.0,1.9630906061392357,9.8964,16.901843168907465,6.709056831092536,0.0,0.0,0.0,16.901843168907465,0.0,33.5073,0.0,0.0,0.0,0.13083969217552202,0.0
2019-04-08 12:00:00,spring,9.8442,36.0257,0.22,0.11,26.1815,0.0,68.47163709798673,36.0257,0.0,0.0,0.0,0.0,0.0,1.9630906061392357,9.8442,26.1815,0.0,0.0,0.0,0.0,26.1815,0.0,36.0257,0.0,0.0,0.0,0.0,0.0
2019-04-08 13:00:00,spring,9.9216,35.1948,0.22,0.11,25.273200000000003,0.0,92.4450468413979,35.1948,0.0,0.0,0.0,0.0,0.0,1.9630906061392357,9.9216,25.273200000000003,0.0,0.0,0.0,0.0,25.273200000000003,0.0,35.1948,0.0,0.0,0.0,0.0,0.0
2019-04-08 14:00:00,spring,10.0439,30.9414,0.22,0.11,20.8975,0.0,112.26630418545679,30.9414,0.0,0.0,0.0,0.0,0.0,1.9630906061392357,10.0439,20.8975,0.0,0.0,0.0,0.0,20.8975,0.0,30.9414,0.0,0.0,0.0,0.0,0.0
2019-04-08 15:00:00,spring,10.1995,23.8854,0.22,0.11,13.6859,0.0,125.24521117157191,23.8854,0.0,0.0,0.0,0.0,0.0,1.9630906061392357,10.1995,13.6859,0.0,0.0,0.0,0.0,13.6859,0.0,23.8854,0.0,0.0,0.0,0.0,0.0
2019-04-08 16:00:00,spring,10.4205,15.3166,0.22,0.11,4.896099999999999,0.0,129.88484091669153,15.3166,0.0,0.0,0.0,0.0,0.0,1.9630906061392357,10.4205,4.896099999999999,0.0,0.0,0.0,0.0,4.896099999999999,0.0,15.3166,0.0,0.0,0.0,0.0,0.0
2019-04-08 17:00:00,spring,10.7535,7.0016,0.22,0.11,0.0,3.4185157324052913,126.27599707114686,7.0016,0.0,0.0,0.0,0.0,0.33338426759470985,1.943085549577897,7.0016,0.0,0.0,0.0,0.0,0.0,0.0,3.4185157324052913,7.0016,0.0,0.0,0.0,0.0,0.020005056561338726
2019-04-08 18:00:00,spring,11.1864,1.0168,0.22,0.11,0.0,9.836215732405291,115.90245381420822,1.0168,0.0,0.0,0.0,0.0,0.33338426759470985,1.9230804930165581,1.0168,0.0,0.0,0.0,0.0,0.0,0.0,9.836215732405291,1.0168,0.0,0.0,0.0,0.0,0.020005056561338726
2019-04-08 19:00:00,spring,9.1767,0.0,0.22,0.11,0.0,8.84331573240529,106.57595128449901,0.0,0.0,0.0,0.0,0.0,0.33338426759470985,1.9030754364552194,0.0,0.0,0.0,0.0,0.0,0.0,0.0,8.84331573240529,0.0,0.0,0.0,0.0,0.0,0.020005056561338726
2019-04-08 20:00:00,spring,9.305,0.0,0.22,0.11,0.0,8.97161573240529,97.11459728446201,0.0,0.0,0.0,0.0,0.0,0.33338426759470985,1.8830703798938806,0.0,0.0,0.0,0.0,0.0,0.0,0.0,8.97161573240529,0.0,0.0,0.0,0.0,0.0,0.020005056561338726
2019-04-08 21:00:00,spring,9.0644,0.0,0.18,0.09,0.0,8.73101573240529,87.90725217585384,0.0,0.0,0.0,0.0,0.0,0.33338426759470985,1.863065323332542,0.0,0.0,0.0,0.0,0.0,0.0,0.0,8.73101573240529,0.0,0.0,0.0,0.0,0.0,0.020005056561338726
2019-04-08 22:00:00,spring,8.5741,0.0,0.18,0.09,0.0,8.24071573240529,79.21711228555206,0.0,0.0,0.0,0.0,0.0,0.33338426759470985,1.8430602667712033,0.0,0.0,0.0,0.0,0.0,0.0,0.0,8.24071573240529,0.0,0.0,0.0,0.0,0.0,0.020005056561338726
2019-04-08 23:00:00,spring,8.0645,0.0,0.18,0.09,0.0,7.731115732405291,71.06450004961965,0.0,0.0,0.0,0.0,0.0,0.33338426759470985,1.8230552102098645,0.0,0.0,0.0,0.0,0.0,0.0,0.0,7.731115732405291,0.0,0.0,0.0,0.0,0.0,0.020005056561338726
2019-04-09 00:00:00,spring,7.5111,0.0,0.18,0.09,0.0,7.17771573240529,63.495562324909464,0.0,0.0,0.0,0.0,0.0,0.33338426759470985,1.803050153648526,0.0,0.0,0.0,0.0,0.0,0.0,0.0,7.17771573240529,0.0,0.0,0.0,0.0,0.0,0.020005056561338726
2019-04-09 01:00:00,spring,7.4102,0.0,0.18,0.09,0.0,7.07681573240529,56.03329791124146,0.0,0.0,0.0,0.0,0.0,0.33338426759470985,1.7830450970871872,0.0,0.0,0.0,0.0,0.0,0.0,0.0,7.07681573240529,0.0,0.0,0.0,0.0,0.0,0.020005056561338726
2019-04-09 02:00:00,spring,7.357,0.0,0.18,0.09,0.0,7.023615732405291,48.62742214909768,0.0,0.0,0.0,0.0,0.0,0.33338426759470985,1.7630400405258484,0.0,0.0,0.0,0.0,0.0,0.0,0.0,7.023615732405291,0.0,0.0,0.0,0.0,0.0,0.020005056561338726
2019-04-09 03:00:00,spring,7.441,0.0,0.18,0.09,0.0,7.10761573240529,41.133311190625946,0.0,0.0,0.0,0.0,0.0,0.33338426759470985,1.7430349839645098,0.0,0.0,0.0,0.0,0.0,0.0,0.0,7.10761573240529,0.0,0.0,0.0,0.0,0.0,0.020005056561338726
2019-04-09 04:00:00,spring,7.837,0.0,0.18,0.09,0.0,7.50361573240529,33.222091835635254,0.0,0.0,0.0,0.0,0.0,0.33338426759470985,1.723029927403171,0.0,0.0,0.0,0.0,0.0,0.0,0.0,7.50361573240529,0.0,0.0,0.0,0.0,0.0,0.020005056561338726
2019-04-09 05:00:00,spring,8.6699,0.0,0.18,0.09,0.0,8.33651573240529,24.433248427066275,0.0,0.0,0.0,0.0,0.0,0.33338426759470985,1.7030248708418323,0.0,0.0,0.0,0.0,0.0,0.0,0.0,8.33651573240529,0.0,0.0,0.0,0.0,0.0,0.020005056561338726
2019-04-09 06:00:00,spring,9.6833,0.9081,0.18,0.09,0.0,8.44181573240529,15.533775274434076,0.9081,0.0,0.0,0.0,0.0,0.33338426759470985,1.6830198142804935,0.9081,0.0,0.0,0.0,0.0,0.0,0.0,8.44181573240529,0.9081,0.0,0.0,0.0,0.0,0.020005056561338726
2019-04-09 07:00:00,spring,10.2171,6.0686,0.18,0.09,0.0,1.044954771298122,14.431648990743504,6.0686,0.0,2.7701609611071687,0.0,0.0,0.33338426759470985,1.6630147577191547,6.0686,0.0,0.0,0.0,2.7701609611071687,0.0,0.0,1.044954771298122,6.0686,0.0,2.7701609611071687,0.0,0.0,0.020005056561338726
2019-04-09 08:00:00,spring,12.2786,13.126,0.22,0.11,0.0006338455722623384,0.0,14.431648990743504,13.126,0.0,0.0,0.0,0.8467661544277363,0.0,1.6795283490896327,12.2786,0.0006338455722623384,0.8467661544277363,0.0,0.0,0.0,0.0006338455722623384,0.0,13.126,0.0,0.0,0.0,0.016513591370477906,0.0
2019-04-09 09:00:00,spring,11.439,20.6552,0.22,0.11,2.0674642610456955,0.0,16.392416485805953,20.6552,0.0,0.0,0.0,7.148735738954305,0.0,1.8189426374280755,11.439,2.0674642610456955,7.148735738954305,0.0,0.0,0.0,2.0674642610456955,0.0,20.6552,0.0,0.0,0.0,0.1394142883384428,0.0
2019-04-09 10:00:00,spring,10.7392,27.5127,0.22,0.11,11.349541722678874,0.0,27.158854141285296,27.512700000000002,0.0,0.0,0.0,5.423958277321125,0.0,1.9247204016122563,10.7392,11.349541722678874,5.423958277321125,0.0,0.0,0.0,11.349541722678874,0.0,27.512700000000002,0.0,0.0,0.0,0.10577776418418036,0.0
2019-04-09 11:00:00,spring,10.4212,32.6417,0.22,0.11,22.2205,0.0,48.23793974669418,32.6417,0.0,0.0,0.0,0.0,0.0,1.9247204016122563,10.4212,22.2205,0.0,0.0,0.0,0.0,22.2205,0.0,32.6417,0.0,0.0,0.0,0.0,0.0
2019-04-09 12:00:00,spring,10.3514,35.1183,0.22,0.11,24.7669,0.0,71.73187420702534,35.1183,0.0,0.0,0.0,0.0,0.0,1.9247204016122563,10.3514,24.7669,0.0,0.0,0.0,0.0,24.7669,0.0,35.1183,0.0,0.0,0.0,0.0,0.0
2019-04-09 13:00:00,spring,10.3556,34.3292,0.22,0.11,23.973599999999998,0.0,94.47223929307718,34.3292,0.0,0.0,0.0,0.0,0.0,1.9247204016122563,10.3556,23.973599999999998,0.0,0.0,0.0,0.0,23.973599999999998,0.0,34.3292,0.0,0.0,0.0,0.0,0.0
2019-04-09 14:00:00,spring,10.3569,30.1946,0.22,0.11,19.8377,0.0,113.28799761150998,30.1946,0.0,0.0,0.0,0.0,0.0,1.9247204016122563,10.3569,19.8377,0.0,0.0,0.0,0.0,19.8377,0.0,30.1946,0.0,0.0,0.0,0.0,0.0
2019-04-09 15:00:00,spring,10.3569,23.3153,0.22,0.11,12.958400000000001,0.0,125.57669492773394,23.3153,0.0,0.0,0.0,0.0,0.0,1.9247204016122563,10.3569,12.958400000000001,0.0,0.0,0.0,0.0,12.958400000000001,0.0,23.3153,0.0,0.0,0.0,0.0,0.0
2019-04-09 16:00:00,spring,10.4051,14.9518,0.22,0.11,4.546700000000001,0.0,129.88484091669153,14.9518,0.0,0.0,0.0,0.0,0.0,1.9247204016122563,10.4051,4.546700000000001,0.0,0.0,0.0,0.0,4.546700000000001,0.0,14.9518,0.0,0.0,0.0,0.0,0.0
2019-04-09 17:00:00,spring,10.5669,6.8335,0.22,0.11,0.0,3.400015732405291,126.29549778338456,6.8335,0.0,0.0,0.0,0.0,0.33338426759470985,1.9047153450509176,6.8335,0.0,0.0,0.0,0.0,0.0,0.0,3.400015732405291,6.8335,0.0,0.0,0.0,0.0,0.020005056561338726
2019-04-09 18:00:00,spring,10.8492,0.992,0.22,0.11,0.0,9.52381573240529,116.25125222759512,0.992,0.0,0.0,0.0,0.0,0.33338426759470985,1.8847102884895788,0.992,0.0,0.0,0.0,0.0,0.0,0.0,9.52381573240529,0.992,0.0,0.0,0.0,0.0,0.020005056561338726
2019-04-09 19:00:00,spring,8.7261,0.0,0.22,0.11,0.0,8.392715732405291,107.39970926917599,0.0,0.0,0.0,0.0,0.0,0.33338426759470985,1.86470523192824,0.0,0.0,0.0,0.0,0.0,0.0,0.0,8.392715732405291,0.0,0.0,0.0,0.0,0.0,0.020005056561338726
2019-04-09 20:00:00,spring,8.7905,0.0,0.22,0.11,0.0,8.45711573240529,98.4806515646085,0.0,0.0,0.0,0.0,0.0,0.33338426759470985,1.8447001753669012,0.0,0.0,0.0,0.0,0.0,0.0,0.0,8.45711573240529,0.0,0.0,0.0,0.0,0.0,0.020005056561338726
2019-04-09 21:00:00,spring,8.5426,0.0,0.18,0.09,0.0,8.20921573240529,89.82327503143061,0.0,0.0,0.0,0.0,0.0,0.33338426759470985,1.824695118805565,0.0,0.0,0.0,0.0,0.0,0.0,0.0,8.20921573240529,0.0,0.0,0.0,0.0,0.0,0.020005056561338726
2019-04-09 22:00:00,spring,8.1025,0.0,0.18,0.09,0.0,7.7691157324052895,81.63016535502166,0.0,0.0,0.0,0.0,0.0,0.33338426759470985,1.8046900622442261,0.0,0.0,0.0,0.0,0.0,0.0,0.0,7.7691157324052895,0.0,0.0,0.0,0.0,0.0,0.020005056561338726
2019-04-09 23:00:00,spring,7.6951,0.0,0.18,0.09,0.0,7.36171573240529,73.8668343644334,0.0,0.0,0.0,0.0,0.0,0.33338426759470985,1.7846850056828873,0.0,0.0,0.0,0.0,0.0,0.0,0.0,7.36171573240529,0.0,0.0,0.0,0.0,0.0,0.020005056561338726
2019-04-10 00:00:00,spring,7.2765,0.0,0.18,0.09,0.0,6.943115732405291,66.5450699888186,0.0,0.0,0.0,0.0,0.0,0.33338426759470985,1.7646799491215488,0.0,0.0,0.0,0.0,0.0,0.0,0.0,6.943115732405291,0.0,0.0,0.0,0.0,0.0,0.020005056561338726
2019-04-10 01:00:00,spring,7.3425,0.0,0.18,0.09,0.0,7.009115732405291,59.15404057819575,0.0,0.0,0.0,0.0,0.0,0.33338426759470985,1.74467489256021,0.0,0.0,0.0,0.0,0.0,0.0,0.0,7.009115732405291,0.0,0.0,0.0,0.0,0.0,0.020005056561338726
2019-04-10 02:00:00,spring,7.4636,0.0,0.18,0.09,0.0,7.13021573240529,51.6356685189162,0.0,0.0,0.0,0.0,0.0,0.33338426759470985,1.7246698359988712,0.0,0.0,0.0,0.0,0.0,0.0,0.0,7.13021573240529,0.0,0.0,0.0,0.0,0.0,0.020005056561338726
2019-04-10 03:00:00,spring,7.7103,0.0,0.18,0.09,0.0,7.3769157324052905,43.85756509221794,0.0,0.0,0.0,0.0,0.0,0.33338426759470985,1.7046647794375327,0.0,0.0,0.0,0.0,0.0,0.0,0.0,7.3769157324052905,0.0,0.0,0.0,0.0,0.0,0.020005056561338726
2019-04-10 04:00:00,spring,8.2393,0.0,0.18,0.09,0.0,7.90591573240529,35.52217079241944,0.0,0.0,0.0,0.0,0.0,0.33338426759470985,1.684659722876194,0.0,0.0,0.0,0.0,0.0,0.0,0.0,7.90591573240529,0.0,0.0,0.0,0.0,0.0,0.020005056561338726
2019-04-10 05:00:00,spring,9.1609,0.0,0.18,0.09,0.0,8.82751573240529,26.215672103513057,0.0,0.0,0.0,0.0,0.0,0.33338426759470985,1.6646546663148551,0.0,0.0,0.0,0.0,0.0,0.0,0.0,8.82751573240529,0.0,0.0,0.0,0.0,0.0,0.020005056561338726
2019-04-10 06:00:00,spring,10.2089,0.718,0.18,0.09,0.0,9.135042749470822,16.585399246730507,0.718,0.0,0.022472982934468037,0.0,0.0,0.33338426759470985,1.6446496097535166,0.718,0.0,0.0,0.0,0.022472982934468037,0.0,0.0,9.135042749470822,0.718,0.0,0.022472982934468037,0.0,0.0,0.020005056561338726
2019-04-10 07:00:00,spring,10.7195,4.7796,0.18,0.09,0.0,0.0,16.584708188428557,4.7796,0.0,5.60651573240529,0.0,0.0,0.33338426759470985,1.6246445531921778,4.7796,0.0,0.0,0.0,5.60651573240529,0.0,0.0,0.0,4.7796,0.0,5.60651573240529,0.0,0.0,0.020005056561338726
2019-04-10 08:00:00,spring,12.7024,10.3271,0.22,0.11,0.0,2.0419157324052915,14.431648990743504,10.3271,0.0,0.0,0.0,0.0,0.33338426759470985,1.604639496630839,10.3271,0.0,0.0,0.0,0.0,0.0,0.0,2.0419157324052915,10.3271,0.0,0.0,0.0,0.0,0.020005056561338726
2019-04-10 09:00:00,spring,11.7376,16.2818,0.22,0.11,4.5442,0.0,18.7420543150367,16.2818,0.0,0.0,0.0,0.0,0.0,1.604639496630839,11.7376,4.5442,0.0,0.0,0.0,0.0,4.5442,0.0,16.2818,0.0,0.0,0.0,0.0,0.0
2019-04-10 10:00:00,spring,10.8798,21.784,0.22,0.11,10.9042,0.0,29.085905814709317,21.784,0.0,0.0,0.0,0.0,0.0,1.604639496630839,10.8798,10.9042,0.0,0.0,0.0,0.0,10.9042,0.0,21.784,0.0,0.0,0.0,0.0,0.0
2019-04-10 11:00:00,spring,10.3882,26.0019,0.22,0.11,15.6137,0.0,43.89715031273834,26.0019,0.0,0.0,0.0,0.0,0.0,1.604639496630839,10.3882,15.6137,0.0,0.0,0.0,0.0,15.6137,0.0,26.0019,0.0,0.0,0.0,0.0,0.0
2019-04-10 12:00:00,spring,10.1486,28.1578,0.22,0.11,18.0092,0.0,60.980348516059955,28.1578,0.0,0.0,0.0,0.0,0.0,1.604639496630839,10.1486,18.0092,0.0,0.0,0.0,0.0,18.0092,0.0,28.1578,0.0,0.0,0.0,0.0,0.0
2019-04-10 13:00:00,spring,10.0051,27.6894,0.22,0.11,17.6843,0.0,77.75460771591982,27.6894,0.0,0.0,0.0,0.0,0.0,1.604639496630839,10.0051,17.6843,0.0,0.0,0.0,0.0,17.6843,0.0,27.6894,0.0,0.0,0.0,0.0,0.0
2019-04-10 14:00:00,spring,9.8974,24.4659,0.22,0.11,14.568500000000002,0.0,91.57226056824723,24.4659,0.0,0.0,0.0,0.0,0.0,1.604639496630839,9.8974,14.568500000000002,0.0,0.0,0.0,0.0,14.568500000000002,0.0,24.4659,0.0,0.0,0.0,0.0,0.0
2019-04-10 15:00:00,spring,9.839,18.942,0.22,0.11,9.103,0.0,100.20430911954405,18.942,0.0,0.0,0.0,0.0,0.0,1.604639496630839,9.839,9.103,0.0,0.0,0.0,0.0,9.103,0.0,18.942,0.0,0.0,0.0,0.0,0.0
2019-04-10 16:00:00,spring,9.8858,12.1529,0.22,0.11,2.267100000000001,0.0,102.35089384500772,12.1529,0.0,0.0,0.0,0.0,0.0,1.604639496630839,9.8858,2.267100000000001,0.0,0.0,0.0,0.0,2.267100000000001,0.0,12.1529,0.0,0.0,0.0,0.0,0.0
2019-04-10 17:00:00,spring,10.1033,5.5445,0.22,0.11,0.0,4.225415732405291,97.89264996592773,5.5445,0.0,0.0,0.0,0.0,0.33338426759470985,1.5846344400695003,5.5445,0.0,0.0,0.0,0.0,0.0,0.0,4.225415732405291,5.5445,0.0,0.0,0.0,0.0,0.020005056561338726
2019-04-10 18:00:00,spring,10.4924,0.8018,0.22,0.11,0.0,9.35721573240529,88.02519968152536,0.8018,0.0,0.0,0.0,0.0,0.33338426759470985,1.5646293835081617,0.8018,0.0,0.0,0.0,0.0,0.0,0.0,9.35721573240529,0.8018,0.0,0.0,0.0,0.0,0.020005056561338726
2019-04-10 19:00:00,spring,8.5154,0.0,0.22,0.11,0.0,8.18201573240529,79.39693010962814,0.0,0.0,0.0,0.0,0.0,0.33338426759470985,1.544624326946823,0.0,0.0,0.0,0.0,0.0,0.0,0.0,8.18201573240529,0.0,0.0,0.0,0.0,0.0,0.020005056561338726
2019-04-10 20:00:00,spring,8.749,0.0,0.22,0.11,0.0,8.415615732405291,70.5227840284913,0.0,0.0,0.0,0.0,0.0,0.33338426759470985,1.5246192703854842,0.0,0.0,0.0,0.0,0.0,0.0,0.0,8.415615732405291,0.0,0.0,0.0,0.0,0.0,0.020005056561338726
2019-04-10 21:00:00,spring,8.675,0.0,0.18,0.09,0.0,8.341615732405291,61.727010552391995,0.0,0.0,0.0,0.0,0.0,0.33338426759470985,1.5046142138241456,0.0,0.0,0.0,0.0,0.0,0.0,0.0,8.341615732405291,0.0,0.0,0.0,0.0,0.0,0.020005056561338726
2019-04-10 22:00:00,spring,8.3941,0.0,0.18,0.09,0.0,8.06071573240529,53.227698165101295,0.0,0.0,0.0,0.0,0.0,0.33338426759470985,1.4846091572628068,0.0,0.0,0.0,0.0,0.0,0.0,0.0,8.06071573240529,0.0,0.0,0.0,0.0,0.0,0.020005056561338726
2019-04-10 23:00:00,spring,8.1138,0.0,0.18,0.09,0.0,7.78041573240529,45.024202058541796,0.0,0.0,0.0,0.0,0.0,0.33338426759470985,1.464604100701468,0.0,0.0,0.0,0.0,0.0,0.0,0.0,7.78041573240529,0.0,0.0,0.0,0.0,0.0,0.020005056561338726
2019-04-11 00:00:00,spring,7.7735,0.0,0.18,0.09,0.0,7.440115732405291,37.1797554602385,0.0,0.0,0.0,0.0,0.0,0.33338426759470985,1.4445990441401295,0.0,0.0,0.0,0.0,0.0,0.0,0.0,7.440115732405291,0.0,0.0,0.0,0.0,0.0,0.020005056561338726
2019-04-11 01:00:00,spring,7.8684,0.0,0.18,0.09,0.0,7.535015732405291,29.235602330560152,0.0,0.0,0.0,0.0,0.0,0.33338426759470985,1.4245939875787907,0.0,0.0,0.0,0.0,0.0,0.0,0.0,7.535015732405291,0.0,0.0,0.0,0.0,0.0,0.020005056561338726
2019-04-11 02:00:00,spring,7.9606,0.0,0.18,0.09,0.0,7.627215732405291,21.19459287383969,0.0,0.0,0.0,0.0,0.0,0.33338426759470985,1.404588931017452,0.0,0.0,0.0,0.0,0.0,0.0,0.0,7.627215732405291,0.0,0.0,0.0,0.0,0.0,0.020005056561338726
2019-04-11 03:00:00,spring,8.1236,0.0,0.18,0.09,0.0,2.809835293236336,18.231883306951964,0.0,0.0,4.980380439168954,0.0,0.0,0.33338426759470985,1.384583874456118,0.0,0.0,0.0,0.0,4.980380439168954,0.0,0.0,2.809835293236336,0.0,0.0,4.980380439168954,0.0,0.0,0.020005056561338726
2019-04-11 04:00:00,spring,8.5233,0.0,0.18,0.09,0.0,0.0,18.231123645147505,0.0,0.0,8.189915732405291,0.0,0.0,0.33338426759470985,1.3645788178947793,0.0,0.0,0.0,0.0,8.189915732405291,0.0,0.0,0.0,0.0,0.0,8.189915732405291,0.0,0.0,0.020005056561338726
2019-04-11 05:00:00,spring,9.2845,0.0,0.18,0.09,0.0,0.0,18.230364014995622,0.0,0.0,8.95111573240529,0.0,0.0,0.33338426759470985,1.3445737613334405,0.0,0.0,0.0,0.0,8.95111573240529,0.0,0.0,0.0,0.0,0.0,8.95111573240529,0.0,0.0,0.020005056561338726
2019-04-11 06:00:00,spring,10.1585,0.5805,0.18,0.09,0.0,0.0,18.229604416494997,0.5805,0.0,9.24461573240529,0.0,0.0,0.33338426759470985,1.324568704772102,0.5805,0.0,0.0,0.0,9.24461573240529,0.0,0.0,0.0,0.5805,0.0,9.24461573240529,0.0,0.0,0.020005056561338726
2019-04-11 07:00:00,spring,10.5006,3.8704,0.18,0.09,0.0,0.0,18.228844849644307,3.8704,0.0,6.296815732405291,0.0,0.0,0.33338426759470985,1.3045636482107632,3.8704,0.0,0.0,0.0,6.296815732405291,0.0,0.0,0.0,3.8704,0.0,6.296815732405291,0.0,0.0,0.020005056561338726
2019-04-11 08:00:00,spring,12.3391,8.4041,0.22,0.11,0.0,3.601615732405291,14.431648990743504,8.4041,0.0,0.0,0.0,0.0,0.33338426759470985,1.2845585916494244,8.4041,0.0,0.0,0.0,0.0,0.0,0.0,3.601615732405291,8.4041,0.0,0.0,0.0,0.0,0.020005056561338726
2019-04-11 09:00:00,spring,11.2699,13.1317,0.22,0.11,1.8618000000000006,0.0,16.197306236346,13.1317,0.0,0.0,0.0,0.0,0.0,1.2845585916494244,11.2699,1.8618000000000006,0.0,0.0,0.0,0.0,1.8618000000000006,0.0,13.1317,0.0,0.0,0.0,0.0,0.0
2019-04-11 10:00:00,spring,10.3592,17.6424,0.22,0.11,7.283199999999999,0.0,23.106081544947653,17.6424,0.0,0.0,0.0,0.0,0.0,1.2845585916494244,10.3592,7.283199999999999,0.0,0.0,0.0,0.0,7.283199999999999,0.0,17.6424,0.0,0.0,0.0,0.0,0.0
2019-04-11 11:00:00,spring,9.872,21.2016,0.22,0.11,11.3296,0.0,33.853321085143044,21.2016,0.0,0.0,0.0,0.0,0.0,1.2845585916494244,9.872,11.3296,0.0,0.0,0.0,0.0,11.3296,0.0,21.2016,0.0,0.0,0.0,0.0,0.0
2019-04-11 12:00:00,spring,9.6936,23.1257,0.22,0.11,13.432099999999998,0.0,46.59471945784213,23.1257,0.0,0.0,0.0,0.0,0.0,1.2845585916494244,9.6936,13.432099999999998,0.0,0.0,0.0,0.0,13.432099999999998,0.0,23.1257,0.0,0.0,0.0,0.0,0.0
2019-04-11 13:00:00,spring,9.6614,22.8891,0.22,0.11,13.227699999999999,0.0,59.14167607282083,22.8891,0.0,0.0,0.0,0.0,0.0,1.2845585916494244,9.6614,13.227699999999999,0.0,0.0,0.0,0.0,13.227699999999999,0.0,22.8891,0.0,0.0,0.0,0.0,0.0
2019-04-11 14:00:00,spring,9.7029,20.3243,0.22,0.11,10.621400000000001,0.0,69.21555661823152,20.3243,0.0,0.0,0.0,0.0,0.0,1.2845585916494244,9.7029,10.621400000000001,0.0,0.0,0.0,0.0,10.621400000000001,0.0,20.3243,0.0,0.0,0.0,0.0,0.0
2019-04-11 15:00:00,spring,9.815,15.7802,0.22,0.11,5.965200000000001,0.0,74.87175824623667,15.7802,0.0,0.0,0.0,0.0,0.0,1.2845585916494244,9.815,5.965200000000001,0.0,0.0,0.0,0.0,5.965200000000001,0.0,15.7802,0.0,0.0,0.0,0.0,0.0
2019-04-11 16:00:00,spring,10.035,10.1294,0.22,0.11,0.09440000000000026,0.0,74.95819429297904,10.1294,0.0,0.0,0.0,0.0,0.0,1.2845585916494244,10.035,0.09440000000000026,0.0,0.0,0.0,0.0,0.09440000000000026,0.0,10.1294,0.0,0.0,0.0,0.0,0.0
2019-04-11 17:00:00,spring,10.4094,4.6127,0.22,0.11,0.0,5.46331573240529,69.19623060453962,4.6127,0.0,0.0,0.0,0.0,0.33338426759470985,1.2645535350880857,4.6127,0.0,0.0,0.0,0.0,0.0,0.0,5.46331573240529,4.6127,0.0,0.0,0.0,0.0,0.020005056561338726
2019-04-11 18:00:00,spring,10.9216,0.6643,0.22,0.11,0.0,9.92391573240529,58.732621754271506,0.6643,0.0,0.0,0.0,0.0,0.33338426759470985,1.244548478526747,0.6643,0.0,0.0,0.0,0.0,0.0,0.0,9.92391573240529,0.6643,0.0,0.0,0.0,0.0,0.020005056561338726
2019-04-11 19:00:00,spring,9.0203,0.0,0.22,0.11,0.0,8.686915732405291,49.57336137624824,0.0,0.0,0.0,0.0,0.0,0.33338426759470985,1.2245434219654083,0.0,0.0,0.0,0.0,0.0,0.0,0.0,8.686915732405291,0.0,0.0,0.0,0.0,0.0,0.020005056561338726
2019-04-11 20:00:00,spring,9.2742,0.0,0.22,0.11,0.0,8.94081573240529,40.14684853476849,0.0,0.0,0.0,0.0,0.0,0.33338426759470985,1.2045383654040696,0.0,0.0,0.0,0.0,0.0,0.0,0.0,8.94081573240529,0.0,0.0,0.0,0.0,0.0,0.020005056561338726
2019-04-11 21:00:00,spring,9.1626,0.0,0.18,0.09,0.0,8.82921573240529,30.838365193615388,0.0,0.0,0.0,0.0,0.0,0.33338426759470985,1.184533308842731,0.0,0.0,0.0,0.0,0.0,0.0,0.0,8.82921573240529,0.0,0.0,0.0,0.0,0.0,0.020005056561338726
2019-04-11 22:00:00,spring,8.7905,0.0,0.18,0.09,0.0,8.45711573240529,21.92249754505105,0.0,0.0,0.0,0.0,0.0,0.33338426759470985,1.1645282522813922,0.0,0.0,0.0,0.0,0.0,0.0,0.0,8.45711573240529,0.0,0.0,0.0,0.0,0.0,0.020005056561338726
2019-04-11 23:00:00,spring,8.3754,0.0,0.18,0.09,0.0,4.799862824483535,16.862084447074345,0.0,0.0,3.2421529079217564,0.0,0.0,0.33338426759470985,1.1445231957200535,0.0,0.0,0.0,0.0,3.2421529079217564,0.0,0.0,4.799862824483535,0.0,0.0,3.2421529079217564,0.0,0.0,0.020005056561338726
2019-04-12 00:00:00,spring,7.88,0.0,0.18,0.09,0.0,0.0,16.861381860222384,0.0,0.0,7.54661573240529,0.0,0.0,0.33338426759470985,1.124518139158715,0.0,0.0,0.0,0.0,7.54661573240529,0.0,0.0,0.0,0.0,0.0,7.54661573240529,0.0,0.0,0.020005056561338726
2019-04-12 01:00:00,spring,7.8006,0.0,0.18,0.09,0.0,0.0,16.860679302644872,0.0,0.0,7.467215732405291,0.0,0.0,0.33338426759470985,1.1045130825973761,0.0,0.0,0.0,0.0,7.467215732405291,0.0,0.0,0.0,0.0,0.0,7.467215732405291,0.0,0.0,0.020005056561338726
2019-04-12 02:00:00,spring,7.7258,0.0,0.18,0.09,0.0,0.0,16.859976774340595,0.0,0.0,7.39241573240529,0.0,0.0,0.33338426759470985,1.0845080260360374,0.0,0.0,0.0,0.0,7.39241573240529,0.0,0.0,0.0,0.0,0.0,7.39241573240529,0.0,0.0,0.020005056561338726
2019-04-12 03:00:00,spring,7.7478,0.0,0.18,0.09,0.0,0.0,16.85927427530833,0.0,0.0,7.41441573240529,0.0,0.0,0.33338426759470985,1.0645029694746988,0.0,0.0,0.0,0.0,7.41441573240529,0.0,0.0,0.0,0.0,0.0,7.41441573240529,0.0,0.0,0.020005056561338726
2019-04-12 04:00:00,spring,8.0479,0.0,0.18,0.09,0.0,0.0,16.85857180554686,0.0,0.0,7.714515732405291,0.0,0.0,0.33338426759470985,1.04449791291336,0.0,0.0,0.0,0.0,7.714515732405291,0.0,0.0,0.0,0.0,0.0,7.714515732405291,0.0,0.0,0.020005056561338726
2019-04-12 05:00:00,spring,8.7617,0.0,0.18,0.09,0.0,0.0,16.85786936505496,0.0,0.0,8.42831573240529,0.0,0.0,0.33338426759470985,1.0244928563520213,0.0,0.0,0.0,0.0,8.42831573240529,0.0,0.0,0.0,0.0,0.0,8.42831573240529,0.0,0.0,0.020005056561338726
2019-04-12 06:00:00,spring,9.6459,0.6533,0.18,0.09,0.0,0.0,16.857166953831413,0.6533,0.0,8.65921573240529,0.0,0.0,0.33338426759470985,1.0044877997906825,0.6533,0.0,0.0,0.0,8.65921573240529,0.0,0.0,0.0,0.6533,0.0,8.65921573240529,0.0,0.0,0.020005056561338726
2019-04-12 07:00:00,spring,10.0546,4.3416,0.18,0.09,0.0,0.0,16.856464571875,4.3416,0.0,5.379615732405291,0.0,0.0,0.33338426759470985,0.9844827432293437,4.3416,0.0,0.0,0.0,5.379615732405291,0.0,0.0,0.0,4.3416,0.0,5.379615732405291,0.0,0.0,0.020005056561338726
2019-04-12 08:00:00,spring,12.0089,9.3758,0.22,0.11,0.0,2.299715732405291,14.431648990743504,9.3758,0.0,0.0,0.0,0.0,0.33338426759470985,0.9644776866680049,9.3758,0.0,0.0,0.0,0.0,0.0,0.0,2.299715732405291,9.3758,0.0,0.0,0.0,0.0,0.020005056561338726
2019-04-12 09:00:00,spring,11.0918,14.7955,0.22,0.11,3.7037000000000013,0.0,17.944686003025247,14.7955,0.0,0.0,0.0,0.0,0.0,0.9644776866680049,11.0918,3.7037000000000013,0.0,0.0,0.0,0.0,3.7037000000000013,0.0,14.7955,0.0,0.0,0.0,0.0,0.0
2019-04-12 10:00:00,spring,10.3527,19.837,0.22,0.11,9.4843,0.0,26.941535311475608,19.837,0.0,0.0,0.0,0.0,0.0,0.9644776866680049,10.3527,9.4843,0.0,0.0,0.0,0.0,9.4843,0.0,19.837,0.0,0.0,0.0,0.0,0.0
2019-04-12 11:00:00,spring,10.0379,23.7452,0.22,0.11,13.7073,0.0,39.9442993188721,23.7452,0.0,0.0,0.0,0.0,0.0,0.9644776866680049,10.0379,13.7073,0.0,0.0,0.0,0.0,13.7073,0.0,23.7452,0.0,0.0,0.0,0.0,0.0
2019-04-12 12:00:00,spring,10.0137,25.7922,0.22,0.11,15.778500000000001,0.0,54.911434391357176,25.7922,0.0,0.0,0.0,0.0,0.0,0.9644776866680049,10.0137,15.778500000000001,0.0,0.0,0.0,0.0,15.778500000000001,0.0,25.7922,0.0,0.0,0.0,0.0,0.0
2019-04-12 13:00:00,spring,10.1004,25.4327,0.22,0.11,15.3323,0.0,69.45464334562409,25.4327,0.0,0.0,0.0,0.0,0.0,0.9644776866680049,10.1004,15.3323,0.0,0.0,0.0,0.0,15.3323,0.0,25.4327,0.0,0.0,0.0,0.0,0.0
2019-04-12 14:00:00,spring,10.2125,22.5189,0.22,0.11,12.306399999999998,0.0,81.12662554128019,22.5189,0.0,0.0,0.0,0.0,0.0,0.9644776866680049,10.2125,12.306399999999998,0.0,0.0,0.0,0.0,12.306399999999998,0.0,22.5189,0.0,0.0,0.0,0.0,0.0
2019-04-12 15:00:00,spring,10.3391,17.4556,0.22,0.11,7.1165,0.0,87.87454995579245,17.4556,0.0,0.0,0.0,0.0,0.0,0.9644776866680049,10.3391,7.1165,0.0,0.0,0.0,0.0,7.1165,0.0,17.4556,0.0,0.0,0.0,0.0,0.0
2019-04-12 16:00:00,spring,10.5159,11.2016,0.22,0.11,0.6856999999999989,0.0,88.5214006536842,11.2016,0.0,0.0,0.0,0.0,0.0,0.9644776866680049,10.5159,0.6856999999999989,0.0,0.0,0.0,0.0,0.6856999999999989,0.0,11.2016,0.0,0.0,0.0,0.0,0.0
2019-04-12 17:00:00,spring,10.794,5.1065,0.22,0.11,0.0,5.354115732405291,82.87397873847652,5.1065,0.0,0.0,0.0,0.0,0.33338426759470985,0.9444726301066662,5.1065,0.0,0.0,0.0,0.0,0.0,0.0,5.354115732405291,5.1065,0.0,0.0,0.0,0.0,0.020005056561338726
2019-04-12 18:00:00,spring,11.1677,0.7371,0.22,0.11,0.0,10.09721573240529,72.22712574253377,0.7371,0.0,0.0,0.0,0.0,0.33338426759470985,0.9244675735453276,0.7371,0.0,0.0,0.0,0.0,0.0,0.0,10.09721573240529,0.7371,0.0,0.0,0.0,0.0,0.020005056561338726
2019-04-12 19:00:00,spring,9.1009,0.0,0.22,0.11,0.0,8.76751573240529,62.98234323370781,0.0,0.0,0.0,0.0,0.0,0.33338426759470985,0.9044625169839888,0.0,0.0,0.0,0.0,0.0,0.0,0.0,8.76751573240529,0.0,0.0,0.0,0.0,0.0,0.020005056561338726
2019-04-12 20:00:00,spring,9.1803,0.0,0.22,0.11,0.0,8.846915732405291,53.65425097541392,0.0,0.0,0.0,0.0,0.0,0.33338426759470985,0.88445746042265,0.0,0.0,0.0,0.0,0.0,0.0,0.0,8.846915732405291,0.0,0.0,0.0,0.0,0.0,0.020005056561338726
2019-04-12 21:00:00,spring,8.9046,0.0,0.18,0.09,0.0,8.57121573240529,44.61716070460028,0.0,0.0,0.0,0.0,0.0,0.33338426759470985,0.8644524038613114,0.0,0.0,0.0,0.0,0.0,0.0,0.0,8.57121573240529,0.0,0.0,0.0,0.0,0.0,0.020005056561338726
2019-04-12 22:00:00,spring,8.3968,0.0,0.18,0.09,0.0,8.063415732405291,36.115715177825756,0.0,0.0,0.0,0.0,0.0,0.33338426759470985,0.8444473472999726,0.0,0.0,0.0,0.0,0.0,0.0,0.0,8.063415732405291,0.0,0.0,0.0,0.0,0.0,0.020005056561338726
2019-04-12 23:00:00,spring,7.8892,0.0,0.18,0.09,0.0,7.55581573240529,28.149681258048666,0.0,0.0,0.0,0.0,0.0,0.33338426759470985,0.8244422907386338,0.0,0.0,0.0,0.0,0.0,0.0,0.0,7.55581573240529,0.0,0.0,0.0,0.0,0.0,0.020005056561338726
2019-04-13 00:00:00,spring,7.3556,0.0,0.18,0.09,0.0,7.02221573240529,20.746443042840184,0.0,0.0,0.0,0.0,0.0,0.33338426759470985,0.8044372341772952,0.0,0.0,0.0,0.0,0.0,0.0,0.0,7.02221573240529,0.0,0.0,0.0,0.0,0.0,0.020005056561338726
2019-04-13 01:00:00,spring,7.2921,0.0,0.18,0.09,0.0,5.985925679959529,14.435858923325329,0.0,0.0,0.9727900524457613,0.0,0.0,0.33338426759470985,0.7844321776159564,0.0,0.0,0.0,0.0,0.9727900524457613,0.0,0.0,5.985925679959529,0.0,0.0,0.9727900524457613,0.0,0.0,0.020005056561338726
2019-04-13 02:00:00,spring,7.2894,0.0,0.18,0.09,0.0,0.0,14.435257429203523,0.0,0.0,6.95601573240529,0.0,0.0,0.33338426759470985,0.7644271210546176,0.0,0.0,0.0,0.0,6.95601573240529,0.0,0.0,0.0,0.0,0.0,6.95601573240529,0.0,0.0,0.020005056561338726
2019-04-13 03:00:00,spring,7.4314,0.0,0.18,0.09,0.0,0.0,14.43465596014397,0.0,0.0,7.09801573240529,0.0,0.0,0.33338426759470985,0.744422064493279,0.0,0.0,0.0,0.0,7.09801573240529,0.0,0.0,0.0,0.0,0.0,7.09801573240529,0.0,0.0,0.020005056561338726
2019-04-13 04:00:00,spring,7.8863,0.0,0.18,0.09,0.0,0.0,14.43405451614563,0.0,0.0,7.552915732405291,0.0,0.0,0.33338426759470985,0.7244170079319402,0.0,0.0,0.0,0.0,7.552915732405291,0.0,0.0,0.0,0.0,0.0,7.552915732405291,0.0,0.0,0.020005056561338726
2019-04-13 05:00:00,spring,8.7728,0.0,0.18,0.09,0.0,0.0,14.433453097207458,0.0,0.0,8.43941573240529,0.0,0.0,0.33338426759470985,0.7044119513706014,0.0,0.0,0.0,0.0,8.43941573240529,0.0,0.0,0.0,0.0,0.0,8.43941573240529,0.0,0.0,0.020005056561338726
2019-04-13 06:00:00,spring,9.8284,0.853,0.18,0.09,0.0,0.0,14.432851703328407,0.853,0.0,8.64201573240529,0.0,0.0,0.33338426759470985,0.6844068948092628,0.853,0.0,0.0,0.0,8.64201573240529,0.0,0.0,0.0,0.853,0.0,8.64201573240529,0.0,0.0,0.020005056561338726
2019-04-13 07:00:00,spring,10.3884,5.6948,0.18,0.09,0.0,0.0,14.432250334507433,5.6948,0.0,4.360215732405291,0.0,0.0,0.33338426759470985,0.6644018382479241,5.6948,0.0,0.0,0.0,4.360215732405291,0.0,0.0,0.0,5.6948,0.0,4.360215732405291,0.0,0.0,0.020005056561338726
2019-04-13 08:00:00,spring,12.4573,12.3142,0.22,0.11,0.0,0.0,14.431648990743495,12.3142,0.0,0.0,0.0,0.0,0.14310000000000045,0.6558149795620555,12.3142,0.0,0.0,0.0,0.0,0.0,0.0,0.0,12.3142,0.0,0.0,0.0,0.0,0.008586858685868615
2019-04-13 09:00:00,spring,11.6054,19.3868,0.22,0.11,7.781400000000001,0.0,21.813131887485817,19.3868,0.0,0.0,0.0,0.0,0.0,0.6558149795620555,11.6054,7.781400000000001,0.0,0.0,0.0,0.0,7.781400000000001,0.0,19.3868,0.0,0.0,0.0,0.0,0.0
2019-04-13 10:00:00,spring,10.875,25.8513,0.22,0.11,14.976299999999998,0.0,36.019988683584415,25.8513,0.0,0.0,0.0,0.0,0.0,0.6558149795620555,10.875,14.976299999999998,0.0,0.0,0.0,0.0,14.976299999999998,0.0,25.8513,0.0,0.0,0.0,0.0,0.0
2019-04-13 11:00:00,spring,10.5114,30.7161,0.22,0.11,20.204700000000003,0.0,55.18634928284382,30.716100000000004,0.0,0.0,0.0,0.0,0.0,0.6558149795620555,10.5114,20.204700000000003,0.0,0.0,0.0,0.0,20.204700000000003,0.0,30.716100000000004,0.0,0.0,0.0,0.0,0.0
2019-04-13 12:00:00,spring,10.3862,33.0996,0.22,0.11,22.7134,0.0,76.73187307356423,33.0996,0.0,0.0,0.0,0.0,0.0,0.6558149795620555,10.3862,22.7134,0.0,0.0,0.0,0.0,22.7134,0.0,33.0996,0.0,0.0,0.0,0.0,0.0
2019-04-13 13:00:00,spring,10.331,32.4035,0.22,0.11,22.0725,0.0,97.66848800840613,32.4035,0.0,0.0,0.0,0.0,0.0,0.6558149795620555,10.331,22.0725,0.0,0.0,0.0,0.0,22.0725,0.0,32.4035,0.0,0.0,0.0,0.0,0.0
2019-04-13 14:00:00,spring,10.2757,28.5332,0.22,0.11,18.2575,0.0,114.9850038022297,28.5332,0.0,0.0,0.0,0.0,0.0,0.6558149795620555,10.2757,18.2575,0.0,0.0,0.0,0.0,18.2575,0.0,28.5332,0.0,0.0,0.0,0.0,0.0
2019-04-13 15:00:00,spring,10.228,22.047,0.22,0.11,11.819,0.0,126.19270066006362,22.047,0.0,0.0,0.0,0.0,0.0,0.6558149795620555,10.228,11.819,0.0,0.0,0.0,0.0,11.819,0.0,22.047,0.0,0.0,0.0,0.0,0.0
2019-04-13 16:00:00,spring,10.2427,14.1401,0.22,0.11,3.897400000000001,0.0,129.88484091669153,14.1401,0.0,0.0,0.0,0.0,0.0,0.6558149795620555,10.2427,3.897400000000001,0.0,0.0,0.0,0.0,3.897400000000001,0.0,14.1401,0.0,0.0,0.0,0.0,0.0
2019-04-13 17:00:00,spring,10.3889,6.4597,0.22,0.11,0.0,3.59581573240529,126.08910646143092,6.4597,0.0,0.0,0.0,0.0,0.33338426759470985,0.6358099230007167,6.4597,0.0,0.0,0.0,0.0,0.0,0.0,3.59581573240529,6.4597,0.0,0.0,0.0,0.0,0.020005056561338726
2019-04-13 18:00:00,spring,10.6752,0.9368,0.22,0.11,0.0,9.40501573240529,116.17009570062255,0.9368,0.0,0.0,0.0,0.0,0.33338426759470985,0.615804866439378,0.9368,0.0,0.0,0.0,0.0,0.0,0.0,9.40501573240529,0.9368,0.0,0.0,0.0,0.0,0.020005056561338726
2019-04-13 19:00:00,spring,8.5752,0.0,0.22,0.11,0.0,8.241815732405291,107.47761869003183,0.0,0.0,0.0,0.0,0.0,0.33338426759470985,0.5957998098780393,0.0,0.0,0.0,0.0,0.0,0.0,0.0,8.241815732405291,0.0,0.0,0.0,0.0,0.0,0.020005056561338726
2019-04-13 20:00:00,spring,8.6793,0.0,0.22,0.11,0.0,8.34591573240529,98.6757728311754,0.0,0.0,0.0,0.0,0.0,0.33338426759470985,0.5757947533167005,0.0,0.0,0.0,0.0,0.0,0.0,0.0,8.34591573240529,0.0,0.0,0.0,0.0,0.0,0.020005056561338726
2019-04-13 21:00:00,spring,8.4834,0.0,0.18,0.09,0.0,8.15001573240529,90.08079044710539,0.0,0.0,0.0,0.0,0.0,0.33338426759470985,0.5557896967553619,0.0,0.0,0.0,0.0,0.0,0.0,0.0,8.15001573240529,0.0,0.0,0.0,0.0,0.0,0.020005056561338726
2019-04-13 22:00:00,spring,8.1018,0.0,0.18,0.09,0.0,7.768415732405291,81.8884079056748,0.0,0.0,0.0,0.0,0.0,0.33338426759470985,0.5357846401940232,0.0,0.0,0.0,0.0,0.0,0.0,0.0,7.768415732405291,0.0,0.0,0.0,0.0,0.0,0.020005056561338726
2019-04-13 23:00:00,spring,7.753,0.0,0.18,0.09,0.0,7.4196157324052905,74.06403419613902,0.0,0.0,0.0,0.0,0.0,0.33338426759470985,0.5157795836326844,0.0,0.0,0.0,0.0,0.0,0.0,0.0,7.4196157324052905,0.0,0.0,0.0,0.0,0.0,0.020005056561338726
2019-04-14 00:00:00,spring,7.3842,0.0,0.18,0.09,0.0,7.05081573240529,66.6287358358645,0.0,0.0,0.0,0.0,0.0,0.33338426759470985,0.4957745270713457,0.0,0.0,0.0,0.0,0.0,0.0,0.0,7.05081573240529,0.0,0.0,0.0,0.0,0.0,0.020005056561338726
2019-04-14 01:00:00,spring,7.491,0.0,0.18,0.09,0.0,7.15761573240529,59.08117019498634,0.0,0.0,0.0,0.0,0.0,0.33338426759470985,0.475769470510007,0.0,0.0,0.0,0.0,0.0,0.0,0.0,7.15761573240529,0.0,0.0,0.0,0.0,0.0,0.020005056561338726
2019-04-14 02:00:00,spring,7.6366,0.0,0.18,0.09,0.0,7.30321573240529,51.38044316023638,0.0,0.0,0.0,0.0,0.0,0.33338426759470985,0.4557644139486683,0.0,0.0,0.0,0.0,0.0,0.0,0.0,7.30321573240529,0.0,0.0,0.0,0.0,0.0,0.020005056561338726
2019-04-14 03:00:00,spring,7.8887,0.0,0.18,0.09,0.0,7.55531573240529,43.41430025640341,0.0,0.0,0.0,0.0,0.0,0.33338426759470985,0.43575935738732957,0.0,0.0,0.0,0.0,0.0,0.0,0.0,7.55531573240529,0.0,0.0,0.0,0.0,0.0,0.020005056561338726
2019-04-14 04:00:00,spring,8.4034,0.0,0.18,0.09,0.0,8.07001573240529,34.905947837961854,0.0,0.0,0.0,0.0,0.0,0.33338426759470985,0.41575430082599085,0.0,0.0,0.0,0.0,0.0,0.0,0.0,8.07001573240529,0.0,0.0,0.0,0.0,0.0,0.020005056561338726
2019-04-14 05:00:00,spring,9.2928,0.0,0.18,0.09,0.0,8.95941573240529,25.46044001721981,0.0,0.0,0.0,0.0,0.0,0.33338426759470985,0.39574924426465213,0.0,0.0,0.0,0.0,0.0,0.0,0.0,8.95941573240529,0.0,0.0,0.0,0.0,0.0,0.020005056561338726
2019-04-14 06:00:00,spring,10.2939,0.9505,0.18,0.09,0.0,9.010015732405291,15.961988676102127,0.9505,0.0,0.0,0.0,0.0,0.33338426759470985,0.3757441877033134,0.9505,0.0,0.0,0.0,0.0,0.0,0.0,9.010015732405291,0.9505,0.0,0.0,0.0,0.0,0.020005056561338726
2019-04-14 07:00:00,spring,10.7484,6.3557,0.18,0.09,0.0,1.4511767468410737,14.431648990743504,6.3557,0.0,2.608138985564217,0.0,0.0,0.33338426759470985,0.3557391311419747,6.3557,0.0,0.0,0.0,2.608138985564217,0.0,0.0,1.4511767468410737,6.3557,0.0,2.608138985564217,0.0,0.0,0.020005056561338726
2019-04-14 08:00:00,spring,10.272,13.7494,0.22,0.11,0.0006338455722623384,0.0,14.431648990743504,13.749399999999998,0.0,0.0,0.0,3.476766154427737,0.0,0.4235428515253539,10.272,0.0006338455722623384,3.476766154427737,0.0,0.0,0.0,0.0006338455722623384,0.0,13.749399999999998,0.0,0.0,0.0,0.06780372038337922,0.0
2019-04-14 09:00:00,spring,9.2512,21.6294,0.22,0.11,5.2294642610456945,0.0,19.392153074241676,21.6294,0.0,0.0,0.0,7.148735738954305,0.0,0.5629571398637967,9.2512,5.2294642610456945,7.148735738954305,0.0,0.0,0.0,5.2294642610456945,0.0,21.6294,0.0,0.0,0.0,0.1394142883384428,0.0
2019-04-14 10:00:00,spring,8.3469,28.7888,0.22,0.11,13.293164261045693,0.0,32.002347980559634,28.7888,0.0,0.0,0.0,7.148735738954305,0.0,0.7023714282022395,8.3469,13.293164261045693,7.148735738954305,0.0,0.0,0.0,13.293164261045693,0.0,28.7888,0.0,0.0,0.0,0.1394142883384428,0.0
2019-04-14 11:00:00,spring,7.8234,34.1208,0.22,0.11,19.1486642610457,0.0,50.16703251382461,34.1208,0.0,0.0,0.0,7.148735738954305,0.0,0.8417857165406823,7.8234,19.1486642610457,7.148735738954305,0.0,0.0,0.0,19.1486642610457,0.0,34.1208,0.0,0.0,0.0,0.1394142883384428,0.0
2019-04-14 12:00:00,spring,7.5701,36.6688,0.22,0.11,21.949964261045693,0.0,70.98850670806294,36.6688,0.0,0.0,0.0,7.148735738954305,0.0,0.9812000048791252,7.5701,21.949964261045693,7.148735738954305,0.0,0.0,0.0,21.949964261045693,0.0,36.6688,0.0,0.0,0.0,0.1394142883384428,0.0
2019-04-14 13:00:00,spring,7.4326,35.8082,0.22,0.11,21.226864261045694,0.0,91.12312044805617,35.8082,0.0,0.0,0.0,7.148735738954305,0.0,1.120614293217568,7.4326,21.226864261045694,7.148735738954305,0.0,0.0,0.0,21.226864261045694,0.0,35.8082,0.0,0.0,0.0,0.1394142883384428,0.0
2019-04-14 14:00:00,spring,7.3498,31.4707,0.22,0.11,16.972164261045695,0.0,107.22053241759473,31.470699999999997,0.0,0.0,0.0,7.148735738954305,0.0,1.2600285815560108,7.3498,16.972164261045695,7.148735738954305,0.0,0.0,0.0,16.972164261045695,0.0,31.470699999999997,0.0,0.0,0.0,0.1394142883384428,0.0
2019-04-14 15:00:00,spring,7.3326,24.2895,0.22,0.11,12.497306970854522,0.0,119.07205128927059,24.289500000000004,0.0,0.0,0.0,4.459593029145479,0.0,1.3469993427004623,7.3326,12.497306970854522,4.459593029145479,0.0,0.0,0.0,12.497306970854522,0.0,24.289500000000004,0.0,0.0,0.0,0.08697076114445129,0.0
2019-04-14 16:00:00,spring,7.4323,15.5752,0.22,0.11,8.142900000000001,0.0,126.79212318149573,15.5752,0.0,0.0,0.0,0.0,0.0,1.3469993427004623,7.4323,8.142900000000001,0.0,0.0,0.0,0.0,8.142900000000001,0.0,15.5752,0.0,0.0,0.0,0.0,0.0
2019-04-14 17:00:00,spring,7.7086,7.1206,0.22,0.11,0.0,0.5880000000000001,126.16703375497015,7.1206,0.0,0.0,0.0,0.0,0.0,1.3469993427004623,7.1206,0.0,0.0,0.0,0.0,0.0,0.0,0.5880000000000001,7.1206,0.0,0.0,0.0,0.0,0.0
2019-04-14 18:00:00,spring,8.1559,1.0343,0.22,0.11,0.0,7.121600000000001,118.65495126701197,1.0343,0.0,0.0,0.0,0.0,0.0,1.3469993427004623,1.0343,0.0,0.0,0.0,0.0,0.0,0.0,7.121600000000001,1.0343,0.0,0.0,0.0,0.0,0.0
2019-04-14 19:00:00,spring,8.6301,0.0,0.22,0.11,0.0,8.6301,109.55308316570279,0.0,0.0,0.0,0.0,0.0,0.0,1.3469993427004623,0.0,0.0,0.0,0.0,0.0,0.0,0.0,8.6301,0.0,0.0,0.0,0.0,0.0,0.0
2019-04-14 20:00:00,spring,8.9023,0.0,0.22,0.11,0.0,8.9023,100.16467031586522,0.0,0.0,0.0,0.0,0.0,0.0,1.3469993427004623,0.0,0.0,0.0,0.0,0.0,0.0,0.0,8.9023,0.0,0.0,0.0,0.0,0.0,0.0
2019-04-14 21:00:00,spring,8.85,0.0,0.18,0.09,0.0,8.85,90.83177769043867,0.0,0.0,0.0,0.0,0.0,0.0,1.3469993427004623,0.0,0.0,0.0,0.0,0.0,0.0,0.0,8.85,0.0,0.0,0.0,0.0,0.0,0.0
2019-04-14 22:00:00,spring,8.5716,0.0,0.18,0.09,0.0,8.5716,81.79273330240181,0.0,0.0,0.0,0.0,0.0,0.0,1.3469993427004623,0.0,0.0,0.0,0.0,0.0,0.0,0.0,8.5716,0.0,0.0,0.0,0.0,0.0,0.0
2019-04-14 23:00:00,spring,8.2742,0.0,0.18,0.09,0.0,8.2742,73.06755266659248,0.0,0.0,0.0,0.0,0.0,0.0,1.3469993427004623,0.0,0.0,0.0,0.0,0.0,0.0,0.0,8.2742,0.0,0.0,0.0,0.0,0.0,0.0
2019-07-08 00:00:00,summer,8.8476,0.0,0.18,0.09,0.0,8.8476,63.73831890986278,0.0,0.0,0.0,0.0,0.0,0.0,1.3469993427004623,0.0,0.0,0.0,0.0,0.0,0.0,0.0,8.8476,0.0,0.0,0.0,0.0,0.0,0.0
2019-07-08 01:00:00,summer,8.8186,0.0,0.18,0.09,0.0,8.8186,54.44004255525458,0.0,0.0,0.0,0.0,0.0,0.0,1.3469993427004623,0.0,0.0,0.0,0.0,0.0,0.0,0.0,8.8186,0.0,0.0,0.0,0.0,0.0,0.0
2019-07-08 02:00:00,summer,8.7814,0.0,0.18,0.09,0.0,8.7814,45.1813658718139,0.0,0.0,0.0,0.0,0.0,0.0,1.3469993427004623,0.0,0.0,0.0,0.0,0.0,0.0,0.0,8.7814,0.0,0.0,0.0,0.0,0.0,0.0
2019-07-08 03:00:00,summer,8.8237,0.0,0.18,0.09,0.0,8.8237,35.87848685156,0.0,0.0,0.0,0.0,0.0,0.0,1.3469993427004623,0.0,0.0,0.0,0.0,0.0,0.0,0.0,8.8237,0.0,0.0,0.0,0.0,0.0,0.0
2019-07-08 04:00:00,summer,9.1247,0.0,0.18,0.09,0.0,9.1247,26.258713592695045,0.0,0.0,0.0,0.0,0.0,0.0,1.3469993427004623,0.0,0.0,0.0,0.0,0.0,0.0,0.0,9.1247,0.0,0.0,0.0,0.0,0.0,0.0
2019-07-08 05:00:00,summer,9.8201,1.7264,0.18,0.09,0.0,8.0937,17.72611058026041,1.7264,0.0,0.0,0.0,0.0,0.0,1.3469993427004623,1.7264,0.0,0.0,0.0,0.0,0.0,0.0,8.0937,1.7264,0.0,0.0,0.0,0.0,0.0
2019-07-08 06:00:00,summer,10.6683,7.5436,0.18,0.09,0.0,3.1247000000000007,14.431648990743504,7.5436,0.0,0.0,0.0,0.0,0.0,1.3469993427004623,7.5436,0.0,0.0,0.0,0.0,0.0,0.0,3.1247000000000007,7.5436,0.0,0.0,0.0,0.0,0.0
2019-07-08 07:00:00,summer,11.0276,15.0668,0.18,0.09,0.0006338455722623384,0.0,14.431648990743504,15.0668,0.0,0.0,0.0,4.0385661544277385,0.0,1.4257592587034036,11.0276,0.0006338455722623384,4.0385661544277385,0.0,0.0,0.0,0.0006338455722623384,0.0,15.0668,0.0,0.0,0.0,0.0787599160029412,0.0
2019-07-08 08:00:00,summer,12.9245,23.1656,0.22,0.11,0.0006338455722623384,0.0,14.431648990743504,23.1656,0.0,0.0,3.0917304154734344,7.148735738954305,0.0,1.5651735470418464,12.9245,0.0006338455722623384,7.148735738954305,3.0917304154734344,0.0,0.0,0.0006338455722623384,0.0,23.1656,0.0,0.0,3.0917304154734344,0.1394142883384428,0.0
2019-07-08 09:00:00,summer,11.9482,31.0085,0.22,0.11,0.0006338455722623384,0.0,14.431648990743504,31.0085,0.0,0.0,11.910930415473434,7.148735738954305,0.0,1.7045878353802892,11.9482,0.0006338455722623384,7.148735738954305,11.910930415473434,0.0,0.0,0.0006338455722623384,0.0,31.0085,0.0,0.0,11.910930415473434,0.1394142883384428,0.0
2019-07-08 10:00:00,summer,11.1548,37.8423,0.22,0.11,2.012621216082363,0.0,16.340387805035007,37.8423,0.0,0.0,17.526143044963334,7.148735738954305,0.0,1.844002123718732,11.1548,2.012621216082363,7.148735738954305,17.526143044963334,0.0,0.0,2.012621216082363,0.0,37.8423,0.0,0.0,17.526143044963334,0.1394142883384428,0.0
2019-07-08 11:00:00,summer,12.0964,42.9139,0.22,0.11,23.668764261045695,0.0,38.79386829549209,42.913900000000005,0.0,0.0,0.0,7.148735738954305,0.0,1.983416412057175,12.0964,23.668764261045695,7.148735738954305,0.0,0.0,0.0,23.668764261045695,0.0,42.913900000000005,0.0,0.0,0.0,0.1394142883384428,0.0
2019-07-08 12:00:00,summer,12.0442,45.5061,0.22,0.11,26.313164261045696,0.0,63.75511133762685,45.5061,0.0,0.0,0.0,7.148735738954305,0.0,2.1228307003956175,12.0442,26.313164261045696,7.148735738954305,0.0,0.0,0.0,26.313164261045696,0.0,45.5061,0.0,0.0,0.0,0.1394142883384428,0.0
2019-07-08 13:00:00,summer,12.1216,45.0751,0.22,0.11,25.804764261045694,0.0,88.23300373923931,45.0751,0.0,0.0,0.0,7.148735738954305,0.0,2.2622449887340603,12.1216,25.804764261045694,7.148735738954305,0.0,0.0,0.0,25.804764261045694,0.0,45.0751,0.0,0.0,0.0,0.1394142883384428,0.0
2019-07-08 14:00:00,summer,12.2439,41.4336,0.22,0.11,22.040964261045694,0.0,109.13922203146583,41.433600000000006,0.0,0.0,0.0,7.148735738954305,0.0,2.401659277072503,12.2439,22.040964261045694,7.148735738954305,0.0,0.0,0.0,22.040964261045694,0.0,41.433600000000006,0.0,0.0,0.0,0.1394142883384428,0.0
2019-07-08 15:00:00,summer,12.3995,34.8947,0.22,0.11,15.346464261045696,0.0,123.69360889246437,34.8947,0.0,0.0,0.0,7.148735738954305,0.0,2.541073565410946,12.3995,15.346464261045696,7.148735738954305,0.0,0.0,0.0,15.346464261045696,0.0,34.8947,0.0,0.0,0.0,0.1394142883384428,0.0
2019-07-08 16:00:00,summer,12.6205,26.3008,0.22,0.11,6.531564261045694,0.0,129.88484091669153,26.3008,0.0,0.0,0.0,7.148735738954305,0.0,2.680487853749389,12.6205,6.531564261045694,7.148735738954305,0.0,0.0,0.0,6.531564261045694,0.0,26.3008,0.0,0.0,0.0,0.1394142883384428,0.0
2019-07-08 17:00:00,summer,12.9535,16.9147,0.22,0.11,0.0,3.1875357389543044,126.5194713622255,16.9147,0.0,0.0,0.0,7.148735738954305,0.0,2.8199021420878316,9.765964261045696,0.0,7.148735738954305,0.0,0.0,0.0,0.0,3.1875357389543044,16.9147,0.0,0.0,0.0,0.1394142883384428,0.0
2019-07-08 18:00:00,summer,12.0864,8.2215,0.22,0.11,0.0,6.230450941477538,119.94672777591558,8.2215,0.0,0.0,0.0,2.3655509414775393,0.0,2.866034998732308,5.855949058522461,0.0,2.3655509414775393,0.0,0.0,0.0,0.0,6.230450941477538,8.2215,0.0,0.0,0.0,0.046132856644476465,0.0
2019-07-08 19:00:00,summer,10.0767,1.8017,0.22,0.11,0.0,8.275,111.2191141162938,1.8017,0.0,0.0,0.0,0.0,0.0,2.866034998732308,1.8017,0.0,0.0,0.0,0.0,0.0,0.0,8.275,1.8017,0.0,0.0,0.0,0.0,0.0
2019-07-08 20:00:00,summer,10.205,0.0,0.22,0.11,0.0,10.205,100.45746547919951,0.0,0.0,0.0,0.0,0.0,0.0,2.866034998732308,0.0,0.0,0.0,0.0,0.0,0.0,0.0,10.205,0.0,0.0,0.0,0.0,0.0,0.0
2019-07-08 21:00:00,summer,9.9644,0.0,0.18,0.09,0.0,9.9644,89.94987991247729,0.0,0.0,0.0,0.0,0.0,0.0,2.866034998732308,0.0,0.0,0.0,0.0,0.0,0.0,0.0,9.9644,0.0,0.0,0.0,0.0,0.0,0.0
2019-07-08 22:00:00,summer,9.4741,0.0,0.18,0.09,0.0,9.4741,79.95955374074718,0.0,0.0,0.0,0.0,0.0,0.0,2.866034998732308,0.0,0.0,0.0,0.0,0.0,0.0,0.0,9.4741,0.0,0.0,0.0,0.0,0.0,0.0
2019-07-08 23:00:00,summer,8.9645,0.0,0.18,0.09,0.0,8.9645,70.50680939781483,0.0,0.0,0.0,0.0,0.0,0.0,2.866034998732308,0.0,0.0,0.0,0.0,0.0,0.0,0.0,8.9645,0.0,0.0,0.0,0.0,0.0,0.0
2019-07-09 00:00:00,summer,8.4111,0.0,0.18,0.09,0.0,8.4111,61.63779373827583,0.0,0.0,0.0,0.0,0.0,0.0,2.866034998732308,0.0,0.0,0.0,0.0,0.0,0.0,0.0,8.4111,0.0,0.0,0.0,0.0,0.0,0.0
2019-07-09 01:00:00,summer,8.3102,0.0,0.18,0.09,0.0,8.3102,52.87550555969298,0.0,0.0,0.0,0.0,0.0,0.0,2.866034998732308,0.0,0.0,0.0,0.0,0.0,0.0,0.0,8.3102,0.0,0.0,0.0,0.0,0.0,0.0
2019-07-09 02:00:00,summer,8.257,0.0,0.18,0.09,0.0,8.257,44.16966020029122,0.0,0.0,0.0,0.0,0.0,0.0,2.866034998732308,0.0,0.0,0.0,0.0,0.0,0.0,0.0,8.257,0.0,0.0,0.0,0.0,0.0,0.0
2019-07-09 03:00:00,summer,8.341,0.0,0.18,0.09,0.0,8.341,35.375633809961386,0.0,0.0,0.0,0.0,0.0,0.0,2.866034998732308,0.0,0.0,0.0,0.0,0.0,0.0,0.0,8.341,0.0,0.0,0.0,0.0,0.0,0.0
2019-07-09 04:00:00,summer,8.737,0.0,0.18,0.09,0.0,8.737,26.16455318625559,0.0,0.0,0.0,0.0,0.0,0.0,2.866034998732308,0.0,0.0,0.0,0.0,0.0,0.0,0.0,8.737,0.0,0.0,0.0,0.0,0.0,0.0
2019-07-09 05:00:00,summer,9.5699,1.6815,0.18,0.09,0.0,7.888400000000001,17.84835929838208,1.6815,0.0,0.0,0.0,0.0,0.0,2.866034998732308,1.6815,0.0,0.0,0.0,0.0,0.0,0.0,7.888400000000001,1.6815,0.0,0.0,0.0,0.0,0.0
2019-07-09 06:00:00,summer,10.5833,7.3432,0.18,0.09,0.0,3.240099999999999,14.432250334507456,7.3432,0.0,0.0,0.0,0.0,0.0,2.866034998732308,7.3432,0.0,0.0,0.0,0.0,0.0,0.0,3.240099999999999,7.3432,0.0,0.0,0.0,0.0,0.0
2019-07-09 07:00:00,summer,11.1171,14.6608,0.18,0.09,0.0,0.0,14.431648990743504,14.6608,0.0,0.0,0.0,3.5436999999999994,0.0,2.9351440596383984,11.1171,0.0,3.5436999999999994,0.0,0.0,0.0,0.0,0.0,14.6608,0.0,0.0,0.0,0.0691090609060906,0.0
2019-07-09 08:00:00,summer,13.1786,22.5391,0.22,0.11,0.0006338455722623384,0.0,14.431648990743504,22.5391,0.0,0.0,2.211130415473435,7.148735738954305,0.0,3.0745583479768412,13.1786,0.0006338455722623384,7.148735738954305,2.211130415473435,0.0,0.0,0.0006338455722623384,0.0,22.5391,0.0,0.0,2.211130415473435,0.1394142883384428,0.0
2019-07-09 09:00:00,summer,12.339,30.1756,0.22,0.11,0.0006338455722623384,0.0,14.431648990743504,30.175599999999996,0.0,0.0,10.68723041547343,7.148735738954305,0.0,3.213972636315284,12.339,0.0006338455722623384,7.148735738954305,10.68723041547343,0.0,0.0,0.0006338455722623384,0.0,30.175599999999996,0.0,0.0,10.68723041547343,0.1394142883384428,0.0
2019-07-09 10:00:00,summer,11.6392,36.8422,0.22,0.11,9.757497926974459,0.0,23.687822986118736,36.8422,0.0,0.0,8.296766334071233,7.148735738954305,0.0,3.353386924653727,11.6392,9.757497926974459,7.148735738954305,8.296766334071233,0.0,0.0,9.757497926974459,0.0,36.8422,0.0,0.0,8.296766334071233,0.1394142883384428,0.0
2019-07-09 11:00:00,summer,12.6212,41.8053,0.22,0.11,22.035364261045697,0.0,44.59141803440757,41.8053,0.0,0.0,0.0,7.148735738954305,0.0,3.4928012129921697,12.6212,22.035364261045697,7.148735738954305,0.0,0.0,0.0,22.035364261045697,0.0,41.8053,0.0,0.0,0.0,0.1394142883384428,0.0
2019-07-09 12:00:00,summer,12.5514,44.3599,0.22,0.11,24.659764261045698,0.0,67.98386654697316,44.3599,0.0,0.0,0.0,7.148735738954305,0.0,3.6322155013306126,12.5514,24.659764261045698,7.148735738954305,0.0,0.0,0.0,24.659764261045698,0.0,44.3599,0.0,0.0,0.0,0.1394142883384428,0.0
2019-07-09 13:00:00,summer,12.5556,43.9665,0.22,0.11,24.2621642610457,0.0,90.99814389487918,43.96650000000001,0.0,0.0,0.0,7.148735738954305,0.0,3.7716297896690554,12.5556,24.2621642610457,7.148735738954305,0.0,0.0,0.0,24.2621642610457,0.0,43.96650000000001,0.0,0.0,0.0,0.1394142883384428,0.0
2019-07-09 14:00:00,summer,12.5569,40.4336,0.22,0.11,20.727964261045695,0.0,110.65862580259223,40.433600000000006,0.0,0.0,0.0,7.148735738954305,0.0,3.911044078007498,12.5569,20.727964261045695,7.148735738954305,0.0,0.0,0.0,20.727964261045695,0.0,40.433600000000006,0.0,0.0,0.0,0.1394142883384428,0.0
2019-07-09 15:00:00,summer,12.5569,34.0618,0.22,0.11,14.356164261045695,0.0,124.27346828504086,34.061800000000005,0.0,0.0,0.0,7.148735738954305,0.0,4.050458366345941,12.5569,14.356164261045695,7.148735738954305,0.0,0.0,0.0,14.356164261045695,0.0,34.061800000000005,0.0,0.0,0.0,0.1394142883384428,0.0
2019-07-09 16:00:00,summer,12.6051,25.6742,0.22,0.11,5.920364261045694,0.0,129.88484091669153,25.6742,0.0,0.0,0.0,7.148735738954305,0.0,4.189872654684383,12.6051,5.920364261045694,7.148735738954305,0.0,0.0,0.0,5.920364261045694,0.0,25.6742,0.0,0.0,0.0,0.1394142883384428,0.0
2019-07-09 17:00:00,summer,12.7669,16.5087,0.22,0.11,0.0,0.0,129.87942904832,16.5087,0.0,0.0,0.0,3.7418000000000013,0.0,4.262845051924107,12.7669,0.0,3.7418000000000013,0.0,0.0,0.0,0.0,0.0,16.5087,0.0,0.0,0.0,0.07297239723972401,0.0
2019-07-09 18:00:00,summer,11.7492,8.021,0.22,0.11,0.0,3.7281999999999993,125.94414954789639,8.021,0.0,0.0,0.0,0.0,0.0,4.262845051924107,8.021,0.0,0.0,0.0,0.0,0.0,0.0,3.7281999999999993,8.021,0.0,0.0,0.0,0.0,0.0
2019-07-09 19:00:00,summer,9.6261,1.7568,0.22,0.11,0.0,7.869299999999999,117.64393134461088,1.7568,0.0,0.0,0.0,0.0,0.0,4.262845051924107,1.7568,0.0,0.0,0.0,0.0,0.0,0.0,7.869299999999999,1.7568,0.0,0.0,0.0,0.0,0.0
2019-07-09 20:00:00,summer,9.6905,0.0,0.22,0.11,0.0,9.6905,107.42434562551762,0.0,0.0,0.0,0.0,0.0,0.0,4.262845051924107,0.0,0.0,0.0,0.0,0.0,0.0,0.0,9.6905,0.0,0.0,0.0,0.0,0.0,0.0
2019-07-09 21:00:00,summer,9.4426,0.0,0.18,0.09,0.0,9.4426,97.46649526648125,0.0,0.0,0.0,0.0,0.0,0.0,4.262845051924107,0.0,0.0,0.0,0.0,0.0,0.0,0.0,9.4426,0.0,0.0,0.0,0.0,0.0,0.0
2019-07-09 22:00:00,summer,9.0025,0.0,0.18,0.09,0.0,9.0025,87.97296595062319,0.0,0.0,0.0,0.0,0.0,0.0,4.262845051924107,0.0,0.0,0.0,0.0,0.0,0.0,0.0,9.0025,0.0,0.0,0.0,0.0,0.0,0.0
2019-07-09 23:00:00,summer,8.5951,0.0,0.18,0.09,0.0,8.5951,78.9092695047375,0.0,0.0,0.0,0.0,0.0,0.0,4.262845051924107,0.0,0.0,0.0,0.0,0.0,0.0,0.0,8.5951,0.0,0.0,0.0,0.0,0.0,0.0
2019-07-10 00:00:00,summer,8.1765,0.0,0.18,0.09,0.0,8.1765,70.28719385571921,0.0,0.0,0.0,0.0,0.0,0.0,4.262845051924107,0.0,0.0,0.0,0.0,0.0,0.0,0.0,8.1765,0.0,0.0,0.0,0.0,0.0,0.0
2019-07-10 01:00:00,summer,8.2425,0.0,0.18,0.09,0.0,8.2425,61.59590735132926,0.0,0.0,0.0,0.0,0.0,0.0,4.262845051924107,0.0,0.0,0.0,0.0,0.0,0.0,0.0,8.2425,0.0,0.0,0.0,0.0,0.0,0.0
2019-07-10 02:00:00,summer,8.3636,0.0,0.18,0.09,0.0,8.3636,52.77733237566153,0.0,0.0,0.0,0.0,0.0,0.0,4.262845051924107,0.0,0.0,0.0,0.0,0.0,0.0,0.0,8.3636,0.0,0.0,0.0,0.0,0.0,0.0
2019-07-10 03:00:00,summer,8.6103,0.0,0.18,0.09,0.0,8.6103,43.69908020769661,0.0,0.0,0.0,0.0,0.0,0.0,4.262845051924107,0.0,0.0,0.0,0.0,0.0,0.0,0.0,8.6103,0.0,0.0,0.0,0.0,0.0,0.0
2019-07-10 04:00:00,summer,9.1393,0.0,0.18,0.09,0.0,9.1393,34.063591339495666,0.0,0.0,0.0,0.0,0.0,0.0,4.262845051924107,0.0,0.0,0.0,0.0,0.0,0.0,0.0,9.1393,0.0,0.0,0.0,0.0,0.0,0.0
2019-07-10 05:00:00,summer,10.0609,1.3369,0.18,0.09,0.0,8.724,24.866268587420205,1.3369,0.0,0.0,0.0,0.0,0.0,4.262845051924107,1.3369,0.0,0.0,0.0,0.0,0.0,0.0,8.724,1.3369,0.0,0.0,0.0,0.0,0.0
2019-07-10 06:00:00,summer,11.1089,5.8054,0.18,0.09,0.0,5.3035000000000005,19.274852635994726,5.8054,0.0,0.0,0.0,0.0,0.0,4.262845051924107,5.8054,0.0,0.0,0.0,0.0,0.0,0.0,5.3035000000000005,5.8054,0.0,0.0,0.0,0.0,0.0
2019-07-10 07:00:00,summer,11.6195,11.5469,0.18,0.09,0.0,0.07259999999999955,19.197522397758817,11.5469,0.0,0.0,0.0,0.0,0.0,4.262845051924107,11.5469,0.0,0.0,0.0,0.0,0.0,0.0,0.07259999999999955,11.5469,0.0,0.0,0.0,0.0,0.0
2019-07-10 08:00:00,summer,13.6024,17.733,0.22,0.11,0.0,0.0,19.196722500992244,17.733,0.0,0.0,0.0,4.130600000000001,0.0,4.3433998073996545,13.6024,0.0,4.130600000000001,0.0,0.0,0.0,0.0,0.0,17.733,0.0,0.0,0.0,0.08055475547554758,0.0
2019-07-10 09:00:00,summer,12.6376,23.7865,0.22,0.11,4.000164261045694,0.0,22.990811661467298,23.7865,0.0,0.0,0.0,7.148735738954305,0.0,4.482814095738098,12.6376,4.000164261045694,7.148735738954305,0.0,0.0,0.0,4.000164261045694,0.0,23.7865,0.0,0.0,0.0,0.1394142883384428,0.0
2019-07-10 10:00:00,summer,11.7798,29.1709,0.22,0.11,10.242364261045697,0.0,32.70661361798495,29.1709,0.0,0.0,0.0,7.148735738954305,0.0,4.622228384076541,11.7798,10.242364261045697,7.148735738954305,0.0,0.0,0.0,10.242364261045697,0.0,29.1709,0.0,0.0,0.0,0.1394142883384428,0.0
2019-07-10 11:00:00,summer,12.5882,33.3015,0.22,0.11,13.564564261045692,0.0,45.57372640220449,33.3015,0.0,0.0,0.0,7.148735738954305,0.0,4.761642672414984,12.5882,13.564564261045692,7.148735738954305,0.0,0.0,0.0,13.564564261045692,0.0,33.3015,0.0,0.0,0.0,0.1394142883384428,0.0
2019-07-10 12:00:00,summer,12.3486,35.5678,0.22,0.11,19.465909261780816,0.0,64.038810494956,35.5678,0.0,0.0,0.0,3.753290738219185,0.0,4.834839161459162,12.3486,19.465909261780816,3.753290738219185,0.0,0.0,0.0,19.465909261780816,0.0,35.5678,0.0,0.0,0.0,0.07319648904417853,0.0
2019-07-10 13:00:00,summer,12.2051,35.4627,0.22,0.11,23.257599999999996,0.0,86.10023888392499,35.4627,0.0,0.0,0.0,0.0,0.0,4.834839161459162,12.2051,23.257599999999996,0.0,0.0,0.0,0.0,23.257599999999996,0.0,35.4627,0.0,0.0,0.0,0.0,0.0
2019-07-10 14:00:00,summer,12.0974,32.7623,0.22,0.11,20.664900000000003,0.0,105.70109685985554,32.7623,0.0,0.0,0.0,0.0,0.0,4.834839161459162,12.0974,20.664900000000003,0.0,0.0,0.0,0.0,20.664900000000003,0.0,32.7623,0.0,0.0,0.0,0.0,0.0
2019-07-10 15:00:00,summer,12.039,27.6727,0.22,0.11,15.6337,0.0,120.52812272421869,27.6727,0.0,0.0,0.0,0.0,0.0,4.834839161459162,12.039,15.6337,0.0,0.0,0.0,0.0,15.6337,0.0,27.6727,0.0,0.0,0.0,0.0,0.0
2019-07-10 16:00:00,summer,12.0858,20.8682,0.22,0.11,8.7824,0.0,128.854816915904,20.8682,0.0,0.0,0.0,0.0,0.0,4.834839161459162,12.0858,8.7824,0.0,0.0,0.0,0.0,8.7824,0.0,20.8682,0.0,0.0,0.0,0.0,0.0
2019-07-10 17:00:00,summer,12.3033,13.3947,0.22,0.11,1.0914000000000001,0.0,129.88484091669153,13.3947,0.0,0.0,0.0,0.0,0.0,4.834839161459162,12.3033,1.0914000000000001,0.0,0.0,0.0,0.0,1.0914000000000001,0.0,13.3947,0.0,0.0,0.0,0.0,0.0
2019-07-10 18:00:00,summer,11.3924,6.4833,0.22,0.11,0.0,4.575715732405291,125.05620116836458,6.4833,0.0,0.0,0.0,0.0,0.33338426759470985,4.814834104897823,6.4833,0.0,0.0,0.0,0.0,0.0,0.0,4.575715732405291,6.4833,0.0,0.0,0.0,0.0,0.020005056561338726
2019-07-10 19:00:00,summer,9.4154,1.4122,0.22,0.11,0.0,7.66981573240529,116.96629484391815,1.4122,0.0,0.0,0.0,0.0,0.33338426759470985,4.794829048336485,1.4122,0.0,0.0,0.0,0.0,0.0,0.0,7.66981573240529,1.4122,0.0,0.0,0.0,0.0,0.020005056561338726
2019-07-10 20:00:00,summer,9.649,0.0,0.22,0.11,0.0,9.31561573240529,107.14190007453352,0.0,0.0,0.0,0.0,0.0,0.33338426759470985,4.774823991775146,0.0,0.0,0.0,0.0,0.0,0.0,0.0,9.31561573240529,0.0,0.0,0.0,0.0,0.0,0.020005056561338726
2019-07-10 21:00:00,summer,9.575,0.0,0.18,0.09,0.0,9.24161573240529,97.39591750388179,0.0,0.0,0.0,0.0,0.0,0.33338426759470985,4.754818935213807,0.0,0.0,0.0,0.0,0.0,0.0,0.0,9.24161573240529,0.0,0.0,0.0,0.0,0.0,0.020005056561338726
2019-07-10 22:00:00,summer,9.2941,0.0,0.18,0.09,0.0,8.96071573240529,87.94643561408427,0.0,0.0,0.0,0.0,0.0,0.33338426759470985,4.734813878652481,0.0,0.0,0.0,0.0,0.0,0.0,0.0,8.96071573240529,0.0,0.0,0.0,0.0,0.0,0.020005056561338726
2019-07-10 23:00:00,summer,9.0138,0.0,0.18,0.09,0.0,8.68041573240529,78.79280959541389,0.0,0.0,0.0,0.0,0.0,0.33338426759470985,4.714808822091142,0.0,0.0,0.0,0.0,0.0,0.0,0.0,8.68041573240529,0.0,0.0,0.0,0.0,0.0,0.020005056561338726
2019-07-11 00:00:00,summer,8.6735,0.0,0.18,0.09,0.0,8.340115732405291,69.99827267374604,0.0,0.0,0.0,0.0,0.0,0.33338426759470985,4.694803765529803,0.0,0.0,0.0,0.0,0.0,0.0,0.0,8.340115732405291,0.0,0.0,0.0,0.0,0.0,0.020005056561338726
2019-07-11 01:00:00,summer,8.7684,0.0,0.18,0.09,0.0,8.43501573240529,61.10406880779995,0.0,0.0,0.0,0.0,0.0,0.33338426759470985,4.674798708968465,0.0,0.0,0.0,0.0,0.0,0.0,0.0,8.43501573240529,0.0,0.0,0.0,0.0,0.0,0.020005056561338726
2019-07-11 02:00:00,summer,8.8606,0.0,0.18,0.09,0.0,8.52721573240529,52.11304820025909,0.0,0.0,0.0,0.0,0.0,0.33338426759470985,4.654793652407126,0.0,0.0,0.0,0.0,0.0,0.0,0.0,8.52721573240529,0.0,0.0,0.0,0.0,0.0,0.020005056561338726
2019-07-11 03:00:00,summer,9.0236,0.0,0.18,0.09,0.0,8.69021573240529,42.95058513237439,0.0,0.0,0.0,0.0,0.0,0.33338426759470985,4.634788595845787,0.0,0.0,0.0,0.0,0.0,0.0,0.0,8.69021573240529,0.0,0.0,0.0,0.0,0.0,0.020005056561338726
2019-07-11 04:00:00,summer,9.4233,0.0,0.18,0.09,0.0,9.08991573240529,33.367183040194426,0.0,0.0,0.0,0.0,0.0,0.33338426759470985,4.614783539284449,0.0,0.0,0.0,0.0,0.0,0.0,0.0,9.08991573240529,0.0,0.0,0.0,0.0,0.0,0.020005056561338726
2019-07-11 05:00:00,summer,10.1845,1.0878,0.18,0.09,0.0,8.76331573240529,24.128446884371968,1.0878,0.0,0.0,0.0,0.0,0.33338426759470985,4.59477848272311,1.0878,0.0,0.0,0.0,0.0,0.0,0.0,8.76331573240529,1.0878,0.0,0.0,0.0,0.0,0.020005056561338726
2019-07-11 06:00:00,summer,11.0585,4.6936,0.18,0.09,0.0,6.031515732405291,17.76966571323866,4.6936,0.0,0.0,0.0,0.0,0.33338426759470985,4.574773426161771,4.6936,0.0,0.0,0.0,0.0,0.0,0.0,6.031515732405291,4.6936,0.0,0.0,0.0,0.0,0.020005056561338726
2019-07-11 07:00:00,summer,11.4006,9.3502,0.18,0.09,0.0,1.7170157324052917,15.959031812919639,9.3502,0.0,0.0,0.0,0.0,0.33338426759470985,4.554768369600432,9.3502,0.0,0.0,0.0,0.0,0.0,0.0,1.7170157324052917,9.3502,0.0,0.0,0.0,0.0,0.020005056561338726
2019-07-11 08:00:00,summer,13.2391,14.431,0.22,0.11,1.5252842675947083,0.0,17.405378562707078,14.431,0.0,0.0,0.0,0.0,0.33338426759470985,4.534763313039093,12.905715732405291,1.5252842675947083,0.0,0.0,0.0,0.0,1.5252842675947083,0.0,14.431,0.0,0.0,0.0,0.0,0.020005056561338726
2019-07-11 09:00:00,summer,12.1699,19.1843,0.22,0.11,7.34778426759471,0.0,24.375373550945724,19.1843,0.0,0.0,0.0,0.0,0.33338426759470985,4.514758256477755,11.83651573240529,7.34778426759471,0.0,0.0,0.0,0.0,7.34778426759471,0.0,19.1843,0.0,0.0,0.0,0.0,0.020005056561338726
2019-07-11 10:00:00,summer,11.2592,23.6249,0.22,0.11,12.69908426759471,0.0,36.42176705558424,23.6249,0.0,0.0,0.0,0.0,0.33338426759470985,4.494753199916416,10.92581573240529,12.69908426759471,0.0,0.0,0.0,0.0,12.69908426759471,0.0,23.6249,0.0,0.0,0.0,0.0,0.020005056561338726
2019-07-11 11:00:00,summer,12.072,27.1536,0.22,0.11,15.414984267594711,0.0,51.04418759633546,27.1536,0.0,0.0,0.0,0.0,0.33338426759470985,4.474748143355078,11.73861573240529,15.414984267594711,0.0,0.0,0.0,0.0,15.414984267594711,0.0,27.1536,0.0,0.0,0.0,0.0,0.020005056561338726
2019-07-11 12:00:00,summer,11.8936,29.2114,0.22,0.11,17.65118426759471,0.0,67.78744446066473,29.2114,0.0,0.0,0.0,0.0,0.33338426759470985,4.454743086793739,11.56021573240529,17.65118426759471,0.0,0.0,0.0,0.0,17.65118426759471,0.0,29.2114,0.0,0.0,0.0,0.0,0.020005056561338726
2019-07-11 13:00:00,summer,11.8614,29.3148,0.22,0.11,17.78678426759471,0.0,84.65864514450695,29.3148,0.0,0.0,0.0,0.0,0.33338426759470985,4.4347380302324,11.52801573240529,17.78678426759471,0.0,0.0,0.0,0.0,17.78678426759471,0.0,29.3148,0.0,0.0,0.0,0.0,0.020005056561338726
2019-07-11 14:00:00,summer,11.9029,27.2163,0.22,0.11,15.64678426759471,0.0,99.49896060382589,27.2163,0.0,0.0,0.0,0.0,0.33338426759470985,4.414732973671061,11.569515732405291,15.64678426759471,0.0,0.0,0.0,0.0,15.64678426759471,0.0,27.2163,0.0,0.0,0.0,0.0,0.020005056561338726
2019-07-11 15:00:00,summer,12.015,23.0537,0.22,0.11,11.372084267594708,0.0,110.28332122249084,23.0537,0.0,0.0,0.0,0.0,0.33338426759470985,4.394727917109722,11.681615732405291,11.372084267594708,0.0,0.0,0.0,0.0,11.372084267594708,0.0,23.0537,0.0,0.0,0.0,0.0,0.020005056561338726
2019-07-11 16:00:00,summer,12.235,17.3936,0.22,0.11,5.4919842675947095,0.0,115.48887983192985,17.3936,0.0,0.0,0.0,0.0,0.33338426759470985,4.374722860548383,11.90161573240529,5.4919842675947095,0.0,0.0,0.0,0.0,5.4919842675947095,0.0,17.3936,0.0,0.0,0.0,0.0,0.020005056561338726
2019-07-11 17:00:00,summer,12.6094,11.1435,0.22,0.11,0.0,1.1325157324052915,114.29029139514535,11.1435,0.0,0.0,0.0,0.0,0.33338426759470985,4.354717803987044,11.1435,0.0,0.0,0.0,0.0,0.0,0.0,1.1325157324052915,11.1435,0.0,0.0,0.0,0.0,0.020005056561338726
2019-07-11 18:00:00,summer,11.8216,5.3715,0.22,0.11,0.0,6.11671573240529,107.83794479494198,5.3715,0.0,0.0,0.0,0.0,0.33338426759470985,4.334712747425705,5.3715,0.0,0.0,0.0,0.0,0.0,0.0,6.11671573240529,5.3715,0.0,0.0,0.0,0.0,0.020005056561338726
2019-07-11 19:00:00,summer,9.9203,1.1632,0.22,0.11,0.0,8.42371573240529,98.95407552184412,1.1632,0.0,0.0,0.0,0.0,0.33338426759470985,4.314707690864377,1.1632,0.0,0.0,0.0,0.0,0.0,0.0,8.42371573240529,1.1632,0.0,0.0,0.0,0.0,0.020005056561338726
2019-07-11 20:00:00,summer,10.1742,0.0,0.22,0.11,0.0,9.840815732405291,88.57682185255779,0.0,0.0,0.0,0.0,0.0,0.33338426759470985,4.294702634303038,0.0,0.0,0.0,0.0,0.0,0.0,0.0,9.840815732405291,0.0,0.0,0.0,0.0,0.0,0.020005056561338726
2019-07-11 21:00:00,summer,10.0626,0.0,0.18,0.09,0.0,9.72921573240529,78.31763729779927,0.0,0.0,0.0,0.0,0.0,0.33338426759470985,4.274697577741699,0.0,0.0,0.0,0.0,0.0,0.0,0.0,9.72921573240529,0.0,0.0,0.0,0.0,0.0,0.020005056561338726
2019-07-11 22:00:00,summer,9.6905,0.0,0.18,0.09,0.0,9.35711573240529,68.45110804818007,0.0,0.0,0.0,0.0,0.0,0.33338426759470985,4.254692521180361,0.0,0.0,0.0,0.0,0.0,0.0,0.0,9.35711573240529,0.0,0.0,0.0,0.0,0.0,0.020005056561338726
2019-07-11 23:00:00,summer,9.2754,0.0,0.18,0.09,0.0,8.94201573240529,59.022543722858245,0.0,0.0,0.0,0.0,0.0,0.33338426759470985,4.234687464619022,0.0,0.0,0.0,0.0,0.0,0.0,0.0,8.94201573240529,0.0,0.0,0.0,0.0,0.0,0.020005056561338726
2019-07-12 00:00:00,summer,8.78,0.0,0.18,0.09,0.0,8.44661573240529,50.116569705332445,0.0,0.0,0.0,0.0,0.0,0.33338426759470985,4.214682408057683,0.0,0.0,0.0,0.0,0.0,0.0,0.0,8.44661573240529,0.0,0.0,0.0,0.0,0.0,0.020005056561338726
2019-07-12 01:00:00,summer,8.7006,0.0,0.18,0.09,0.0,8.36721573240529,41.294661718796505,0.0,0.0,0.0,0.0,0.0,0.33338426759470985,4.1946773514963445,0.0,0.0,0.0,0.0,0.0,0.0,0.0,8.36721573240529,0.0,0.0,0.0,0.0,0.0,0.020005056561338726
2019-07-12 02:00:00,summer,8.6258,0.0,0.18,0.09,0.0,8.29241573240529,32.55196743475353,0.0,0.0,0.0,0.0,0.0,0.33338426759470985,4.1746722949350055,0.0,0.0,0.0,0.0,0.0,0.0,0.0,8.29241573240529,0.0,0.0,0.0,0.0,0.0,0.020005056561338726
2019-07-12 03:00:00,summer,8.6478,0.0,0.18,0.09,0.0,8.31441573240529,23.786447393464485,0.0,0.0,0.0,0.0,0.0,0.33338426759470985,4.1546672383736665,0.0,0.0,0.0,0.0,0.0,0.0,0.0,8.31441573240529,0.0,0.0,0.0,0.0,0.0,0.020005056561338726
2019-07-12 04:00:00,summer,8.9479,0.0,0.18,0.09,0.0,8.614515732405291,14.704959406904988,0.0,0.0,0.0,0.0,0.0,0.33338426759470985,4.134662181812328,0.0,0.0,0.0,0.0,0.0,0.0,0.0,8.614515732405291,0.0,0.0,0.0,0.0,0.0,0.020005056561338726
2019-07-12 05:00:00,summer,9.6617,1.2198,0.18,0.09,0.0,0.2575627690961513,14.432851703328415,1.2198,0.0,7.8509529633091395,0.0,0.0,0.33338426759470985,4.114657125250989,1.2198,0.0,0.0,0.0,7.8509529633091395,0.0,0.0,0.2575627690961513,1.2198,0.0,7.8509529633091395,0.0,0.0,0.020005056561338726
2019-07-12 06:00:00,summer,10.5459,5.2827,0.18,0.09,0.0,0.0,14.432250334507442,5.2827,0.0,4.92981573240529,0.0,0.0,0.33338426759470985,4.09465206868965,5.2827,0.0,0.0,0.0,4.92981573240529,0.0,0.0,0.0,5.2827,0.0,4.92981573240529,0.0,0.0,0.020005056561338726
2019-07-12 07:00:00,summer,10.9546,10.4885,0.18,0.09,0.0,0.0,14.431648990743504,10.4885,0.0,0.13271573240528922,0.0,0.0,0.33338426759470985,4.074647012128315,10.4885,0.0,0.0,0.0,0.13271573240528922,0.0,0.0,0.0,10.4885,0.0,0.13271573240528922,0.0,0.0,0.020005056561338726
2019-07-12 08:00:00,summer,12.9089,16.0996,0.22,0.11,0.0006338455722623384,0.0,14.431648990743504,16.0996,0.0,0.0,0.0,3.190066154427737,0.0,4.1368595233907826,12.9089,0.0006338455722623384,3.190066154427737,0.0,0.0,0.0,0.0006338455722623384,0.0,16.0996,0.0,0.0,0.0,0.06221251126246712,0.0
2019-07-12 09:00:00,summer,11.9918,21.615,0.22,0.11,7.744551438889826,0.0,21.7781742730034,21.615,0.0,0.0,0.0,1.8786485611101726,0.0,4.173496834063498,11.9918,7.744551438889826,1.8786485611101726,0.0,0.0,0.0,7.744551438889826,0.0,21.615,0.0,0.0,0.0,0.03663731067271564,0.0
2019-07-12 10:00:00,summer,11.2527,26.5637,0.22,0.11,15.311,0.0,36.30255682552677,26.5637,0.0,0.0,0.0,0.0,0.0,4.173496834063498,11.2527,15.311,0.0,0.0,0.0,0.0,15.311,0.0,26.5637,0.0,0.0,0.0,0.0,0.0
2019-07-12 11:00:00,summer,12.2379,30.4113,0.22,0.11,18.1734,0.0,53.541845267783586,30.4113,0.0,0.0,0.0,0.0,0.0,4.173496834063498,12.2379,18.1734,0.0,0.0,0.0,0.0,18.1734,0.0,30.4113,0.0,0.0,0.0,0.0,0.0
2019-07-12 12:00:00,summer,12.2137,32.5796,0.22,0.11,20.3659,0.0,72.86040353733105,32.5796,0.0,0.0,0.0,0.0,0.0,4.173496834063498,12.2137,20.3659,0.0,0.0,0.0,0.0,20.3659,0.0,32.5796,0.0,0.0,0.0,0.0,0.0
2019-07-12 13:00:00,summer,12.3004,32.5725,0.22,0.11,20.2721,0.0,92.08917037359348,32.5725,0.0,0.0,0.0,0.0,0.0,4.173496834063498,12.3004,20.2721,0.0,0.0,0.0,0.0,20.2721,0.0,32.5725,0.0,0.0,0.0,0.0,0.0
2019-07-12 14:00:00,summer,12.4125,30.1551,0.22,0.11,17.742600000000003,0.0,108.91744160881895,30.155100000000004,0.0,0.0,0.0,0.0,0.0,4.173496834063498,12.4125,17.742600000000003,0.0,0.0,0.0,0.0,17.742600000000003,0.0,30.155100000000004,0.0,0.0,0.0,0.0,0.0
2019-07-12 15:00:00,summer,12.5391,25.5013,0.22,0.11,12.962200000000001,0.0,121.20992602807561,25.5013,0.0,0.0,0.0,0.0,0.0,4.173496834063498,12.5391,12.962200000000001,0.0,0.0,0.0,0.0,12.962200000000001,0.0,25.5013,0.0,0.0,0.0,0.0,0.0
2019-07-12 16:00:00,summer,12.7159,19.2347,0.22,0.11,6.518800000000001,0.0,127.38915229782279,19.2347,0.0,0.0,0.0,0.0,0.0,4.173496834063498,12.7159,6.518800000000001,0.0,0.0,0.0,0.0,6.518800000000001,0.0,19.2347,0.0,0.0,0.0,0.0,0.0
2019-07-12 17:00:00,summer,12.994,12.3364,0.22,0.11,0.0,0.6576000000000004,126.69067315336814,12.3364,0.0,0.0,0.0,0.0,0.0,4.173496834063498,12.3364,0.0,0.0,0.0,0.0,0.0,0.0,0.6576000000000004,12.3364,0.0,0.0,0.0,0.0,0.0
2019-07-12 18:00:00,summer,12.0677,5.9606,0.22,0.11,0.0,6.1071,120.2479457425153,5.9606,0.0,0.0,0.0,0.0,0.0,4.173496834063498,5.9606,0.0,0.0,0.0,0.0,0.0,0.0,6.1071,5.9606,0.0,0.0,0.0,0.0,0.0
2019-07-12 19:00:00,summer,10.0009,1.2952,0.22,0.11,0.0,8.7057,111.06632186940007,1.2952,0.0,0.0,0.0,0.0,0.0,4.173496834063498,1.2952,0.0,0.0,0.0,0.0,0.0,0.0,8.7057,1.2952,0.0,0.0,0.0,0.0,0.0
2019-07-12 20:00:00,summer,10.0803,0.0,0.22,0.11,0.0,10.0803,100.43612494005706,0.0,0.0,0.0,0.0,0.0,0.0,4.173496834063498,0.0,0.0,0.0,0.0,0.0,0.0,0.0,10.0803,0.0,0.0,0.0,0.0,0.0,0.0
2019-07-12 21:00:00,summer,9.8046,0.0,0.18,0.09,0.0,9.8046,90.09698425255559,0.0,0.0,0.0,0.0,0.0,0.0,4.173496834063498,0.0,0.0,0.0,0.0,0.0,0.0,0.0,9.8046,0.0,0.0,0.0,0.0,0.0,0.0
2019-07-12 22:00:00,summer,9.2968,0.0,0.18,0.09,0.0,9.2968,80.29354256119393,0.0,0.0,0.0,0.0,0.0,0.0,4.173496834063498,0.0,0.0,0.0,0.0,0.0,0.0,0.0,9.2968,0.0,0.0,0.0,0.0,0.0,0.0
2019-07-12 23:00:00,summer,8.7892,0.0,0.18,0.09,0.0,8.7892,71.02556672666991,0.0,0.0,0.0,0.0,0.0,0.0,4.173496834063498,0.0,0.0,0.0,0.0,0.0,0.0,0.0,8.7892,0.0,0.0,0.0,0.0,0.0,0.0
2019-07-13 00:00:00,summer,8.2556,0.0,0.18,0.09,0.0,8.2556,62.32044084429427,0.0,0.0,0.0,0.0,0.0,0.0,4.173496834063498,0.0,0.0,0.0,0.0,0.0,0.0,0.0,8.2556,0.0,0.0,0.0,0.0,0.0,0.0
2019-07-13 01:00:00,summer,8.1921,0.0,0.18,0.09,0.0,8.1921,53.682612552637295,0.0,0.0,0.0,0.0,0.0,0.0,4.173496834063498,0.0,0.0,0.0,0.0,0.0,0.0,0.0,8.1921,0.0,0.0,0.0,0.0,0.0,0.0
2019-07-13 02:00:00,summer,8.1894,0.0,0.18,0.09,0.0,8.1894,45.04799022038662,0.0,0.0,0.0,0.0,0.0,0.0,4.173496834063498,0.0,0.0,0.0,0.0,0.0,0.0,0.0,8.1894,0.0,0.0,0.0,0.0,0.0,0.0
2019-07-13 03:00:00,summer,8.3314,0.0,0.18,0.09,0.0,8.3314,36.264046521485156,0.0,0.0,0.0,0.0,0.0,0.0,4.173496834063498,0.0,0.0,0.0,0.0,0.0,0.0,0.0,8.3314,0.0,0.0,0.0,0.0,0.0,0.0
2019-07-13 04:00:00,summer,8.7863,0.0,0.18,0.09,0.0,8.7863,27.000962117700947,0.0,0.0,0.0,0.0,0.0,0.0,4.173496834063498,0.0,0.0,0.0,0.0,0.0,0.0,0.0,8.7863,0.0,0.0,0.0,0.0,0.0,0.0
2019-07-13 05:00:00,summer,9.6728,1.5815,0.18,0.09,0.0,8.0913,18.47085800037257,1.5815,0.0,0.0,0.0,0.0,0.0,4.173496834063498,1.5815,0.0,0.0,0.0,0.0,0.0,0.0,8.0913,1.5815,0.0,0.0,0.0,0.0,0.0
2019-07-13 06:00:00,summer,10.7284,6.8972,0.18,0.09,0.0,3.831200000000001,14.431648990743504,6.8972,0.0,0.0,0.0,0.0,0.0,4.173496834063498,6.8972,0.0,0.0,0.0,0.0,0.0,0.0,3.831200000000001,6.8972,0.0,0.0,0.0,0.0,0.0
2019-07-13 07:00:00,summer,11.2884,13.7577,0.18,0.09,0.0006338455722623384,0.0,14.431648990743504,13.7577,0.0,0.0,0.0,2.468666154427738,0.0,4.221640638455279,11.2884,0.0006338455722623384,2.468666154427738,0.0,0.0,0.0,0.0006338455722623384,0.0,13.7577,0.0,0.0,0.0,0.04814380439178007,0.0
2019-07-13 08:00:00,summer,13.3573,21.1452,0.22,0.11,0.0006338455722623384,0.0,14.431648990743504,21.145199999999996,0.0,0.0,0.638530415473431,7.148735738954305,0.0,4.361054926793722,13.3573,0.0006338455722623384,7.148735738954305,0.638530415473431,0.0,0.0,0.0006338455722623384,0.0,21.145199999999996,0.0,0.0,0.638530415473431,0.1394142883384428,0.0
2019-07-13 09:00:00,summer,12.5054,28.3226,0.22,0.11,6.748100222121826,0.0,20.832857646333494,28.3226,0.0,0.0,1.9203640389238705,7.148735738954305,0.0,4.500469215132165,12.5054,6.748100222121826,7.148735738954305,1.9203640389238705,0.0,0.0,6.748100222121826,0.0,28.3226,0.0,0.0,1.9203640389238705,0.1394142883384428,0.0
2019-07-13 10:00:00,summer,11.775,34.6174,0.22,0.11,15.6936642610457,0.0,35.72030678026454,34.61740000000001,0.0,0.0,0.0,7.148735738954305,0.0,4.6398835034706085,11.775,15.6936642610457,7.148735738954305,0.0,0.0,0.0,15.6936642610457,0.0,34.61740000000001,0.0,0.0,0.0,0.1394142883384428,0.0
2019-07-13 11:00:00,summer,12.7114,39.3391,0.22,0.11,19.4789642610457,0.0,54.19818649192562,39.33910000000001,0.0,0.0,0.0,7.148735738954305,0.0,4.779297791809052,12.7114,19.4789642610457,7.148735738954305,0.0,0.0,0.0,19.4789642610457,0.0,39.33910000000001,0.0,0.0,0.0,0.1394142883384428,0.0
2019-07-13 12:00:00,summer,12.5862,41.8101,0.22,0.11,22.075164261045696,0.0,75.13826787033078,41.810100000000006,0.0,0.0,0.0,7.148735738954305,0.0,4.918712080147495,12.5862,22.075164261045696,7.148735738954305,0.0,0.0,0.0,22.075164261045696,0.0,41.810100000000006,0.0,0.0,0.0,0.1394142883384428,0.0
2019-07-13 13:00:00,summer,12.531,41.5002,0.22,0.11,21.820464261045696,0.0,95.8358471093317,41.50020000000001,0.0,0.0,0.0,7.148735738954305,0.0,5.058126368485938,12.531,21.820464261045696,7.148735738954305,0.0,0.0,0.0,21.820464261045696,0.0,41.50020000000001,0.0,0.0,0.0,0.1394142883384428,0.0
2019-07-13 14:00:00,summer,12.4757,38.2088,0.22,0.11,18.584364261045693,0.0,113.4625299283764,38.2088,0.0,0.0,0.0,7.148735738954305,0.0,5.197540656824382,12.4757,18.584364261045693,7.148735738954305,0.0,0.0,0.0,18.584364261045693,0.0,38.2088,0.0,0.0,0.0,0.1394142883384428,0.0
2019-07-13 15:00:00,summer,12.428,32.2089,0.22,0.11,12.632164261045695,0.0,125.44172557564737,32.2089,0.0,0.0,0.0,7.148735738954305,0.0,5.336954945162825,12.428,12.632164261045695,7.148735738954305,0.0,0.0,0.0,12.632164261045695,0.0,32.2089,0.0,0.0,0.0,0.1394142883384428,0.0
2019-07-13 16:00:00,summer,12.4427,24.2804,0.22,0.11,4.688964261045695,0.0,129.88484091669153,24.2804,0.0,0.0,0.0,7.148735738954305,0.0,5.476369233501268,12.4427,4.688964261045695,7.148735738954305,0.0,0.0,0.0,4.688964261045695,0.0,24.2804,0.0,0.0,0.0,0.1394142883384428,0.0
2019-07-13 17:00:00,summer,12.5889,15.6056,0.22,0.11,0.0,4.132035738954306,125.52388094554915,15.605599999999999,0.0,0.0,0.0,7.148735738954305,0.0,5.615783521839711,8.456864261045695,0.0,7.148735738954305,0.0,0.0,0.0,0.0,4.132035738954306,15.605599999999999,0.0,0.0,0.0,0.1394142883384428,0.0
2019-07-13 18:00:00,summer,11.5752,7.5751,0.22,0.11,0.0,5.670704204799874,119.54120370908923,7.5751,0.0,0.0,0.0,1.670604204799873,0.0,5.648363561837304,5.904495795200127,0.0,1.670604204799873,0.0,0.0,0.0,0.0,5.670704204799874,7.5751,0.0,0.0,0.0,0.03258003999759729,0.0
2019-07-13 19:00:00,summer,9.4752,1.6569,0.22,0.11,0.0,7.818299999999999,111.29501101543653,1.6569,0.0,0.0,0.0,0.0,0.0,5.648363561837304,1.6569,0.0,0.0,0.0,0.0,0.0,0.0,7.818299999999999,1.6569,0.0,0.0,0.0,0.0,0.0
2019-07-13 20:00:00,summer,9.5793,0.0,0.22,0.11,0.0,9.5793,101.19290492662722,0.0,0.0,0.0,0.0,0.0,0.0,5.648363561837304,0.0,0.0,0.0,0.0,0.0,0.0,0.0,9.5793,0.0,0.0,0.0,0.0,0.0,0.0
2019-07-13 21:00:00,summer,9.3834,0.0,0.18,0.09,0.0,9.3834,91.29771649011396,0.0,0.0,0.0,0.0,0.0,0.0,5.648363561837304,0.0,0.0,0.0,0.0,0.0,0.0,0.0,9.3834,0.0,0.0,0.0,0.0,0.0,0.0
2019-07-13 22:00:00,summer,9.0018,0.0,0.18,0.09,0.0,9.0018,81.8051820714923,0.0,0.0,0.0,0.0,0.0,0.0,5.648363561837304,0.0,0.0,0.0,0.0,0.0,0.0,0.0,9.0018,0.0,0.0,0.0,0.0,0.0,0.0
2019-07-13 23:00:00,summer,8.653,0.0,0.18,0.09,0.0,8.653,72.68071065776032,0.0,0.0,0.0,0.0,0.0,0.0,5.648363561837304,0.0,0.0,0.0,0.0,0.0,0.0,0.0,8.653,0.0,0.0,0.0,0.0,0.0,0.0
2019-07-14 00:00:00,summer,8.2842,0.0,0.18,0.09,0.0,8.2842,63.94536876402727,0.0,0.0,0.0,0.0,0.0,0.0,5.648363561837304,0.0,0.0,0.0,0.0,0.0,0.0,0.0,8.2842,0.0,0.0,0.0,0.0,0.0,0.0
2019-07-14 01:00:00,summer,8.391,0.0,0.18,0.09,0.0,8.391,55.09781375817114,0.0,0.0,0.0,0.0,0.0,0.0,5.648363561837304,0.0,0.0,0.0,0.0,0.0,0.0,0.0,8.391,0.0,0.0,0.0,0.0,0.0,0.0
2019-07-14 02:00:00,summer,8.5366,0.0,0.18,0.09,0.0,8.5366,46.09715152466675,0.0,0.0,0.0,0.0,0.0,0.0,5.648363561837304,0.0,0.0,0.0,0.0,0.0,0.0,0.0,8.5366,0.0,0.0,0.0,0.0,0.0,0.0
2019-07-14 03:00:00,summer,8.7887,0.0,0.18,0.09,0.0,8.7887,36.83112758604594,0.0,0.0,0.0,0.0,0.0,0.0,5.648363561837304,0.0,0.0,0.0,0.0,0.0,0.0,0.0,8.7887,0.0,0.0,0.0,0.0,0.0,0.0
2019-07-14 04:00:00,summer,9.3034,0.0,0.18,0.09,0.0,9.3034,27.02294829452635,0.0,0.0,0.0,0.0,0.0,0.0,5.648363561837304,0.0,0.0,0.0,0.0,0.0,0.0,0.0,9.3034,0.0,0.0,0.0,0.0,0.0,0.0
2019-07-14 05:00:00,summer,10.1928,1.7582,0.18,0.09,0.0,8.4346,18.130973287528676,1.7582,0.0,0.0,0.0,0.0,0.0,5.648363561837304,1.7582,0.0,0.0,0.0,0.0,0.0,0.0,8.4346,1.7582,0.0,0.0,0.0,0.0,0.0
2019-07-14 06:00:00,summer,11.1939,7.6857,0.18,0.09,0.0,3.5081999999999995,14.432250334507458,7.6857,0.0,0.0,0.0,0.0,0.0,5.648363561837304,7.6857,0.0,0.0,0.0,0.0,0.0,0.0,3.5081999999999995,7.6857,0.0,0.0,0.0,0.0,0.0
2019-07-14 07:00:00,summer,11.6484,15.3545,0.18,0.09,0.0,0.0,14.431648990743504,15.3545,0.0,0.0,0.0,3.7060999999999993,0.0,5.720639739455065,11.6484,0.0,3.7060999999999993,0.0,0.0,0.0,0.0,0.0,15.3545,0.0,0.0,0.0,0.07227617761776177,0.0
2019-07-14 08:00:00,summer,11.172,23.6096,0.22,0.11,0.0006338455722623384,0.0,14.431648990743504,23.6096,0.0,0.0,5.288230415473433,7.148735738954305,0.0,5.860054027793508,11.172,0.0006338455722623384,7.148735738954305,5.288230415473433,0.0,0.0,0.0006338455722623384,0.0,23.6096,0.0,0.0,5.288230415473433,0.1394142883384428,0.0
2019-07-14 09:00:00,summer,10.1512,31.5988,0.22,0.11,0.0006338455722623384,0.0,14.431648990743504,31.5988,0.0,0.0,14.298230415473434,7.148735738954305,0.0,5.999468316131951,10.1512,0.0006338455722623384,7.148735738954305,14.298230415473434,0.0,0.0,0.0006338455722623384,0.0,31.5988,0.0,0.0,14.298230415473434,0.1394142883384428,0.0
2019-07-14 10:00:00,summer,9.2469,38.551,0.22,0.11,0.0006338455722623384,0.0,14.431648990743504,38.551,0.0,0.0,22.154730415473434,7.148735738954305,0.0,6.138882604470394,9.2469,0.0006338455722623384,7.148735738954305,22.154730415473434,0.0,0.0,0.0006338455722623384,0.0,38.551,0.0,0.0,22.154730415473434,0.1394142883384428,0.0
2019-07-14 11:00:00,summer,10.0234,43.6996,0.22,0.11,8.88575499974659,0.0,22.860815030863993,43.6996,0.0,0.0,17.641709261299102,7.148735738954305,0.0,6.278296892808837,10.0234,8.88575499974659,7.148735738954305,17.641709261299102,0.0,0.0,8.88575499974659,0.0,43.6996,0.0,0.0,17.641709261299102,0.1394142883384428,0.0
2019-07-14 12:00:00,summer,9.7701,46.3184,0.22,0.11,29.399564261045693,0.0,50.75073808132122,46.318400000000004,0.0,0.0,0.0,7.148735738954305,0.0,6.417711181147279,9.7701,29.399564261045693,7.148735738954305,0.0,0.0,0.0,29.399564261045693,0.0,46.318400000000004,0.0,0.0,0.0,0.1394142883384428,0.0
2019-07-14 13:00:00,summer,9.6326,45.8608,0.22,0.11,29.079464261045697,0.0,78.33582552794537,45.860800000000005,0.0,0.0,0.0,7.148735738954305,0.0,6.557125469485722,9.6326,29.079464261045697,7.148735738954305,0.0,0.0,0.0,29.079464261045697,0.0,45.860800000000005,0.0,0.0,0.0,0.1394142883384428,0.0
2019-07-14 14:00:00,summer,9.5498,42.1424,0.22,0.11,25.4438642610457,0.0,102.47073059753347,42.14240000000001,0.0,0.0,0.0,7.148735738954305,0.0,6.696539757824166,9.5498,25.4438642610457,7.148735738954305,0.0,0.0,0.0,25.4438642610457,0.0,42.14240000000001,0.0,0.0,0.0,0.1394142883384428,0.0
2019-07-14 15:00:00,summer,9.5326,35.485,0.22,0.11,18.803664261045693,0.0,120.30518321036197,35.485,0.0,0.0,0.0,7.148735738954305,0.0,6.835954046162608,9.5326,18.803664261045693,7.148735738954305,0.0,0.0,0.0,18.803664261045693,0.0,35.485,0.0,0.0,0.0,0.1394142883384428,0.0
2019-07-14 16:00:00,summer,9.6323,26.7448,0.22,0.11,9.963764261045696,0.0,129.75262723456154,26.7448,0.0,0.0,0.0,7.148735738954305,0.0,6.97536833450105,9.6323,9.963764261045696,7.148735738954305,0.0,0.0,0.0,9.963764261045696,0.0,26.7448,0.0,0.0,0.0,0.1394142883384428,0.0
2019-07-14 17:00:00,summer,9.9086,17.2024,0.22,0.11,0.1450642610456958,0.0,129.88484091669153,17.2024,0.0,0.0,0.0,7.148735738954305,0.0,7.114782622839494,9.9086,0.1450642610456958,7.148735738954305,0.0,0.0,0.0,0.1450642610456958,0.0,17.2024,0.0,0.0,0.0,0.1394142883384428,0.0
2019-07-14 18:00:00,summer,9.0559,8.3636,0.22,0.11,0.0,0.3589157324052896,129.50109864749726,8.3636,0.0,0.0,0.0,0.0,0.33338426759470985,7.094777566278155,8.3636,0.0,0.0,0.0,0.0,0.0,0.0,0.3589157324052896,8.3636,0.0,0.0,0.0,0.0,0.020005056561338726
2019-07-14 19:00:00,summer,9.5301,1.8335,0.22,0.11,0.0,7.36321573240529,121.7341918958584,1.8335,0.0,0.0,0.0,0.0,0.33338426759470985,7.074772509716816,1.8335,0.0,0.0,0.0,0.0,0.0,0.0,7.36321573240529,1.8335,0.0,0.0,0.0,0.0,0.020005056561338726
2019-07-14 20:00:00,summer,9.8023,0.0,0.22,0.11,0.0,9.468915732405291,111.74800607566202,0.0,0.0,0.0,0.0,0.0,0.33338426759470985,7.054767453155477,0.0,0.0,0.0,0.0,0.0,0.0,0.0,9.468915732405291,0.0,0.0,0.0,0.0,0.0,0.020005056561338726
2019-07-14 21:00:00,summer,9.75,0.0,0.18,0.09,0.0,9.41661573240529,101.81736538708374,0.0,0.0,0.0,0.0,0.0,0.33338426759470985,7.034762396594138,0.0,0.0,0.0,0.0,0.0,0.0,0.0,9.41661573240529,0.0,0.0,0.0,0.0,0.0,0.020005056561338726
2019-07-14 22:00:00,summer,9.4716,0.0,0.18,0.09,0.0,9.13821573240529,92.18059784206443,0.0,0.0,0.0,0.0,0.0,0.33338426759470985,7.014757340032799,0.0,0.0,0.0,0.0,0.0,0.0,0.0,9.13821573240529,0.0,0.0,0.0,0.0,0.0,0.020005056561338726
2019-07-14 23:00:00,summer,9.1742,0.0,0.18,0.09,0.0,8.840815732405291,82.8577189544042,0.0,0.0,0.0,0.0,0.0,0.33338426759470985,6.99475228347146,0.0,0.0,0.0,0.0,0.0,0.0,0.0,8.840815732405291,0.0,0.0,0.0,0.0,0.0,0.020005056561338726
2019-10-07 00:00:00,autumn,8.5476,0.0,0.18,0.09,0.0,8.21421573240529,74.19572291398481,0.0,0.0,0.0,0.0,0.0,0.33338426759470985,6.974747226910121,0.0,0.0,0.0,0.0,0.0,0.0,0.0,8.21421573240529,0.0,0.0,0.0,0.0,0.0,0.020005056561338726
2019-10-07 01:00:00,autumn,8.5186,0.0,0.18,0.09,0.0,8.18521573240529,65.5646564741154,0.0,0.0,0.0,0.0,0.0,0.33338426759470985,6.954742170348783,0.0,0.0,0.0,0.0,0.0,0.0,0.0,8.18521573240529,0.0,0.0,0.0,0.0,0.0,0.020005056561338726
2019-10-07 02:00:00,autumn,8.4814,0.0,0.18,0.09,0.0,8.148015732405291,56.97316190500039,0.0,0.0,0.0,0.0,0.0,0.33338426759470985,6.934737113787444,0.0,0.0,0.0,0.0,0.0,0.0,0.0,8.148015732405291,0.0,0.0,0.0,0.0,0.0,0.020005056561338726
2019-10-07 03:00:00,autumn,8.5237,0.0,0.18,0.09,0.0,8.19031573240529,48.33743719981739,0.0,0.0,0.0,0.0,0.0,0.33338426759470985,6.914732057226105,0.0,0.0,0.0,0.0,0.0,0.0,0.0,8.19031573240529,0.0,0.0,0.0,0.0,0.0,0.020005056561338726
2019-10-07 04:00:00,autumn,8.8247,0.0,0.18,0.09,0.0,8.49131573240529,39.384790457926876,0.0,0.0,0.0,0.0,0.0,0.33338426759470985,6.894727000664764,0.0,0.0,0.0,0.0,0.0,0.0,0.0,8.49131573240529,0.0,0.0,0.0,0.0,0.0,0.020005056561338726
2019-10-07 05:00:00,autumn,9.5201,0.0,0.18,0.09,0.0,9.18671573240529,29.69950078135691,0.0,0.0,0.0,0.0,0.0,0.33338426759470985,6.874721944103425,0.0,0.0,0.0,0.0,0.0,0.0,0.0,9.18671573240529,0.0,0.0,0.0,0.0,0.0,0.020005056561338726
2019-10-07 06:00:00,autumn,10.3683,0.0,0.18,0.09,0.0,5.524400851144452,23.875033503027925,0.0,0.0,4.510514881260838,0.0,0.0,0.33338426759470985,6.854716887542086,0.0,0.0,0.0,0.0,4.510514881260838,0.0,0.0,5.524400851144452,0.0,0.0,4.510514881260838,0.0,0.0,0.020005056561338726
2019-10-07 07:00:00,autumn,10.7276,0.7276,0.18,0.09,0.0,0.0,23.874038709965298,0.7276,0.0,9.66661573240529,0.0,0.0,0.33338426759470985,6.834711830980748,0.7276,0.0,0.0,0.0,9.66661573240529,0.0,0.0,0.0,0.7276,0.0,9.66661573240529,0.0,0.0,0.020005056561338726
2019-10-07 08:00:00,autumn,12.6245,5.6546,0.22,0.11,0.0,6.6365157324052895,16.877542144372022,5.6546,0.0,0.0,0.0,0.0,0.33338426759470985,6.81470677441941,5.6546,0.0,0.0,0.0,0.0,0.0,0.0,6.6365157324052895,5.6546,0.0,0.0,0.0,0.0,0.020005056561338726
2019-10-07 09:00:00,autumn,11.6482,12.3584,0.22,0.11,0.7102000000000004,0.0,17.550593791724815,12.3584,0.0,0.0,0.0,0.0,0.0,6.81470677441941,11.6482,0.7102000000000004,0.0,0.0,0.0,0.0,0.7102000000000004,0.0,12.3584,0.0,0.0,0.0,0.0,0.0
2019-10-07 10:00:00,autumn,10.8548,19.0418,0.22,0.11,8.187,0.0,25.316732678123046,19.0418,0.0,0.0,0.0,0.0,0.0,6.81470677441941,10.8548,8.187,0.0,0.0,0.0,0.0,8.187,0.0,19.0418,0.0,0.0,0.0,0.0,0.0
2019-10-07 11:00:00,autumn,10.4964,24.1855,0.22,0.11,13.689100000000002,0.0,38.30229834960475,24.1855,0.0,0.0,0.0,0.0,0.0,6.81470677441941,10.4964,13.689100000000002,0.0,0.0,0.0,0.0,13.689100000000002,0.0,24.1855,0.0,0.0,0.0,0.0,0.0
2019-10-07 12:00:00,autumn,10.4442,26.5452,0.22,0.11,16.101,0.0,53.57545220241816,26.5452,0.0,0.0,0.0,0.0,0.0,6.81470677441941,10.4442,16.101,0.0,0.0,0.0,0.0,16.101,0.0,26.5452,0.0,0.0,0.0,0.0,0.0
2019-10-07 13:00:00,autumn,10.5216,25.4035,0.22,0.11,14.881900000000002,0.0,67.69142986516766,25.4035,0.0,0.0,0.0,0.0,0.0,6.81470677441941,10.5216,14.881900000000002,0.0,0.0,0.0,0.0,14.881900000000002,0.0,25.4035,0.0,0.0,0.0,0.0,0.0
2019-10-07 14:00:00,autumn,10.6439,20.8489,0.22,0.11,10.205,0.0,77.36992244552877,20.8489,0.0,0.0,0.0,0.0,0.0,6.81470677441941,10.6439,10.205,0.0,0.0,0.0,0.0,10.205,0.0,20.8489,0.0,0.0,0.0,0.0,0.0
2019-10-07 15:00:00,autumn,10.7995,13.9072,0.22,0.11,3.1076999999999995,0.0,80.31492178411179,13.9072,0.0,0.0,0.0,0.0,0.0,6.81470677441941,10.7995,3.1076999999999995,0.0,0.0,0.0,0.0,3.1076999999999995,0.0,13.9072,0.0,0.0,0.0,0.0,0.0
2019-10-07 16:00:00,autumn,11.0205,6.4199,0.22,0.11,0.0,4.26721573240529,75.81353500180269,6.4199,0.0,0.0,0.0,0.0,0.33338426759470985,6.794701717858071,6.4199,0.0,0.0,0.0,0.0,0.0,0.0,4.26721573240529,6.4199,0.0,0.0,0.0,0.0,0.020005056561338726
2019-10-07 17:00:00,autumn,11.3535,0.8168,0.22,0.11,0.0,10.20331573240529,65.055136971101,0.8168,0.0,0.0,0.0,0.0,0.33338426759470985,6.7746966612967325,0.8168,0.0,0.0,0.0,0.0,0.0,0.0,10.20331573240529,0.8168,0.0,0.0,0.0,0.0,0.020005056561338726
2019-10-07 18:00:00,autumn,11.7864,0.0,0.22,0.11,0.0,11.45301573240529,52.97988774301313,0.0,0.0,0.0,0.0,0.0,0.33338426759470985,6.7546916047353935,0.0,0.0,0.0,0.0,0.0,0.0,0.0,11.45301573240529,0.0,0.0,0.0,0.0,0.0,0.020005056561338726
2019-10-07 19:00:00,autumn,9.7767,0.0,0.22,0.11,0.0,9.44331573240529,43.02355145485655,0.0,0.0,0.0,0.0,0.0,0.33338426759470985,6.7346865481740545,0.0,0.0,0.0,0.0,0.0,0.0,0.0,9.44331573240529,0.0,0.0,0.0,0.0,0.0,0.020005056561338726
2019-10-07 20:00:00,autumn,9.905,0.0,0.22,0.11,0.0,9.57161573240529,32.93238993944544,0.0,0.0,0.0,0.0,0.0,0.33338426759470985,6.714681491612711,0.0,0.0,0.0,0.0,0.0,0.0,0.0,9.57161573240529,0.0,0.0,0.0,0.0,0.0,0.020005056561338726
2019-10-07 21:00:00,autumn,9.6644,0.0,0.18,0.09,0.0,0.0,32.9310177565313,0.0,0.0,9.331015732405291,0.0,0.0,0.33338426759470985,6.694676435051372,0.0,0.0,0.0,0.0,9.331015732405291,0.0,0.0,0.0,0.0,0.0,9.331015732405291,0.0,0.0,0.020005056561338726
2019-10-07 22:00:00,autumn,9.1741,0.0,0.18,0.09,0.0,0.0,32.92964563079144,0.0,0.0,8.84071573240529,0.0,0.0,0.33338426759470985,6.674671378490033,0.0,0.0,0.0,0.0,8.84071573240529,0.0,0.0,0.0,0.0,0.0,8.84071573240529,0.0,0.0,0.020005056561338726
2019-10-07 23:00:00,autumn,8.6645,0.0,0.18,0.09,0.0,0.0,32.92827356222349,0.0,0.0,8.33111573240529,0.0,0.0,0.33338426759470985,6.654666321928695,0.0,0.0,0.0,0.0,8.33111573240529,0.0,0.0,0.0,0.0,0.0,8.33111573240529,0.0,0.0,0.020005056561338726
2019-10-08 00:00:00,autumn,8.1111,0.0,0.18,0.09,0.0,0.0,32.92690155082506,0.0,0.0,7.777715732405291,0.0,0.0,0.33338426759470985,6.634661265367356,0.0,0.0,0.0,0.0,7.777715732405291,0.0,0.0,0.0,0.0,0.0,7.777715732405291,0.0,0.0,0.020005056561338726
2019-10-08 01:00:00,autumn,8.0102,0.0,0.18,0.09,0.0,0.0,32.92552959659377,0.0,0.0,7.67681573240529,0.0,0.0,0.33338426759470985,6.614656208806017,0.0,0.0,0.0,0.0,7.67681573240529,0.0,0.0,0.0,0.0,0.0,7.67681573240529,0.0,0.0,0.020005056561338726
2019-10-08 02:00:00,autumn,7.957,0.0,0.18,0.09,0.0,0.0,32.92415769952724,0.0,0.0,7.62361573240529,0.0,0.0,0.33338426759470985,6.594651152244679,0.0,0.0,0.0,0.0,7.62361573240529,0.0,0.0,0.0,0.0,0.0,7.62361573240529,0.0,0.0,0.020005056561338726
2019-10-08 03:00:00,autumn,8.041,0.0,0.18,0.09,0.0,0.0,32.9227858596231,0.0,0.0,7.707615732405291,0.0,0.0,0.33338426759470985,6.57464609568334,0.0,0.0,0.0,0.0,7.707615732405291,0.0,0.0,0.0,0.0,0.0,7.707615732405291,0.0,0.0,0.020005056561338726
2019-10-08 04:00:00,autumn,8.437,0.0,0.18,0.09,0.0,0.0,32.921414076878946,0.0,0.0,8.10361573240529,0.0,0.0,0.33338426759470985,6.554641039122001,0.0,0.0,0.0,0.0,8.10361573240529,0.0,0.0,0.0,0.0,0.0,8.10361573240529,0.0,0.0,0.020005056561338726
2019-10-08 05:00:00,autumn,9.2699,0.0,0.18,0.09,0.0,0.0,32.92004235129241,0.0,0.0,8.93651573240529,0.0,0.0,0.33338426759470985,6.534635982560663,0.0,0.0,0.0,0.0,8.93651573240529,0.0,0.0,0.0,0.0,0.0,8.93651573240529,0.0,0.0,0.020005056561338726
2019-10-08 06:00:00,autumn,10.2833,0.0,0.18,0.09,0.0,0.0,32.918670682861105,0.0,0.0,9.949915732405291,0.0,0.0,0.33338426759470985,6.514630925999324,0.0,0.0,0.0,0.0,9.949915732405291,0.0,0.0,0.0,0.0,0.0,9.949915732405291,0.0,0.0,0.020005056561338726
2019-10-08 07:00:00,autumn,10.8171,0.708,0.18,0.09,0.0,0.0,32.917299071582654,0.708,0.0,9.77571573240529,0.0,0.0,0.33338426759470985,6.494625869437985,0.708,0.0,0.0,0.0,9.77571573240529,0.0,0.0,0.0,0.708,0.0,9.77571573240529,0.0,0.0,0.020005056561338726
2019-10-08 08:00:00,autumn,12.8786,5.5017,0.22,0.11,0.0,7.043515732405291,25.491410034244737,5.5017,0.0,0.0,0.0,0.0,0.33338426759470985,6.474620812876646,5.5017,0.0,0.0,0.0,0.0,0.0,0.0,7.043515732405291,5.5017,0.0,0.0,0.0,0.0,0.020005056561338726
2019-10-08 09:00:00,autumn,12.039,12.0264,0.22,0.11,0.0,0.0,25.490347892159974,12.0264,0.0,0.0,0.0,0.0,0.012599999999999056,6.473864737269085,12.0264,0.0,0.0,0.0,0.0,0.0,0.0,0.0,12.0264,0.0,0.0,0.0,0.0,0.0007560756075606995
2019-10-08 10:00:00,autumn,11.3392,18.5386,0.22,0.11,7.199399999999999,0.0,32.319236330316,18.5386,0.0,0.0,0.0,0.0,0.0,6.473864737269085,11.3392,7.199399999999999,0.0,0.0,0.0,0.0,7.199399999999999,0.0,18.5386,0.0,0.0,0.0,0.0,0.0
2019-10-08 11:00:00,autumn,11.0212,23.5607,0.22,0.11,12.5395,0.0,44.21390391137332,23.5607,0.0,0.0,0.0,0.0,0.0,6.473864737269085,11.0212,12.5395,0.0,0.0,0.0,0.0,12.5395,0.0,23.5607,0.0,0.0,0.0,0.0,0.0
2019-10-08 12:00:00,autumn,10.9514,25.8766,0.22,0.11,14.9252,0.0,58.371349625440544,25.8766,0.0,0.0,0.0,0.0,0.0,6.473864737269085,10.9514,14.9252,0.0,0.0,0.0,0.0,14.9252,0.0,25.8766,0.0,0.0,0.0,0.0,0.0
2019-10-08 13:00:00,autumn,10.9556,24.7787,0.22,0.11,13.8231,0.0,71.48266158315487,24.7787,0.0,0.0,0.0,0.0,0.0,6.473864737269085,10.9556,13.8231,0.0,0.0,0.0,0.0,13.8231,0.0,24.7787,0.0,0.0,0.0,0.0,0.0
2019-10-08 14:00:00,autumn,10.9569,20.3457,0.22,0.11,9.388800000000002,0.0,80.3866808876589,20.3457,0.0,0.0,0.0,0.0,0.0,6.473864737269085,10.9569,9.388800000000002,0.0,0.0,0.0,0.0,9.388800000000002,0.0,20.3457,0.0,0.0,0.0,0.0,0.0
2019-10-08 15:00:00,autumn,10.9569,13.5753,0.22,0.11,2.618400000000001,0.0,82.86736379023738,13.5753,0.0,0.0,0.0,0.0,0.0,6.473864737269085,10.9569,2.618400000000001,0.0,0.0,0.0,0.0,2.618400000000001,0.0,13.5753,0.0,0.0,0.0,0.0,0.0
2019-10-08 16:00:00,autumn,11.0051,6.267,0.22,0.11,0.0,4.404715732405291,78.22093293008697,6.267,0.0,0.0,0.0,0.0,0.33338426759470985,6.453859680707747,6.267,0.0,0.0,0.0,0.0,0.0,0.0,4.404715732405291,6.267,0.0,0.0,0.0,0.0,0.020005056561338726
2019-10-08 17:00:00,autumn,11.1669,0.7972,0.22,0.11,0.0,10.03631573240529,67.63846804755433,0.7972,0.0,0.0,0.0,0.0,0.33338426759470985,6.4338546241464085,0.7972,0.0,0.0,0.0,0.0,0.0,0.0,10.03631573240529,0.7972,0.0,0.0,0.0,0.0,0.020005056561338726
2019-10-08 18:00:00,autumn,11.4492,0.0,0.22,0.11,0.0,11.11581573240529,55.91855118967452,0.0,0.0,0.0,0.0,0.0,0.33338426759470985,6.4138495675850695,0.0,0.0,0.0,0.0,0.0,0.0,0.0,11.11581573240529,0.0,0.0,0.0,0.0,0.0,0.020005056561338726
2019-10-08 19:00:00,autumn,9.3261,0.0,0.22,0.11,0.0,8.99271573240529,46.43706656176495,0.0,0.0,0.0,0.0,0.0,0.33338426759470985,6.3938445110237305,0.0,0.0,0.0,0.0,0.0,0.0,0.0,8.99271573240529,0.0,0.0,0.0,0.0,0.0,0.020005056561338726
2019-10-08 20:00:00,autumn,9.3905,0.0,0.22,0.11,0.0,9.05711573240529,36.8880934352766,0.0,0.0,0.0,0.0,0.0,0.33338426759470985,6.373839454462392,0.0,0.0,0.0,0.0,0.0,0.0,0.0,9.05711573240529,0.0,0.0,0.0,0.0,0.0,0.020005056561338726
2019-10-08 21:00:00,autumn,9.1426,0.0,0.18,0.09,0.0,0.0,36.88655643138346,0.0,0.0,8.80921573240529,0.0,0.0,0.33338426759470985,6.353834397901053,0.0,0.0,0.0,0.0,8.80921573240529,0.0,0.0,0.0,0.0,0.0,8.80921573240529,0.0,0.0,0.020005056561338726
2019-10-08 22:00:00,autumn,8.7025,0.0,0.18,0.09,0.0,0.0,36.88501949153215,0.0,0.0,8.369115732405291,0.0,0.0,0.33338426759470985,6.333829341339714,0.0,0.0,0.0,0.0,8.369115732405291,0.0,0.0,0.0,0.0,0.0,8.369115732405291,0.0,0.0,0.020005056561338726
2019-10-08 23:00:00,autumn,8.2951,0.0,0.18,0.09,0.0,0.0,36.88348261572,0.0,0.0,7.96171573240529,0.0,0.0,0.33338426759470985,6.313824284778376,0.0,0.0,0.0,0.0,7.96171573240529,0.0,0.0,0.0,0.0,0.0,7.96171573240529,0.0,0.0,0.020005056561338726
2019-10-09 00:00:00,autumn,7.8765,0.0,0.18,0.09,0.0,0.0,36.88194580394434,0.0,0.0,7.54311573240529,0.0,0.0,0.33338426759470985,6.293819228217037,0.0,0.0,0.0,0.0,7.54311573240529,0.0,0.0,0.0,0.0,0.0,7.54311573240529,0.0,0.0,0.020005056561338726
2019-10-09 01:00:00,autumn,7.9425,0.0,0.18,0.09,0.0,0.0,36.88040905620251,0.0,0.0,7.60911573240529,0.0,0.0,0.33338426759470985,6.273814171655698,0.0,0.0,0.0,0.0,7.60911573240529,0.0,0.0,0.0,0.0,0.0,7.60911573240529,0.0,0.0,0.020005056561338726
2019-10-09 02:00:00,autumn,8.0636,0.0,0.18,0.09,0.0,0.0,36.878872372491834,0.0,0.0,7.73021573240529,0.0,0.0,0.33338426759470985,6.253809115094359,0.0,0.0,0.0,0.0,7.73021573240529,0.0,0.0,0.0,0.0,0.0,7.73021573240529,0.0,0.0,0.020005056561338726
2019-10-09 03:00:00,autumn,8.3103,0.0,0.18,0.09,0.0,0.0,36.87733575280964,0.0,0.0,7.97691573240529,0.0,0.0,0.33338426759470985,6.23380405853302,0.0,0.0,0.0,0.0,7.97691573240529,0.0,0.0,0.0,0.0,0.0,7.97691573240529,0.0,0.0,0.020005056561338726
2019-10-09 04:00:00,autumn,8.8393,0.0,0.18,0.09,0.0,0.0,36.87579919715327,0.0,0.0,8.50591573240529,0.0,0.0,0.33338426759470985,6.213799001971681,0.0,0.0,0.0,0.0,8.50591573240529,0.0,0.0,0.0,0.0,0.0,8.50591573240529,0.0,0.0,0.020005056561338726
2019-10-09 05:00:00,autumn,9.7609,0.0,0.18,0.09,0.0,0.0,36.87426270552005,0.0,0.0,9.42751573240529,0.0,0.0,0.33338426759470985,6.193793945410343,0.0,0.0,0.0,0.0,9.42751573240529,0.0,0.0,0.0,0.0,0.0,9.42751573240529,0.0,0.0,0.020005056561338726
2019-10-09 06:00:00,autumn,10.8089,0.0,0.18,0.09,0.0,0.0,36.87272627790732,0.0,0.0,10.47551573240529,0.0,0.0,0.33338426759470985,6.173788888849004,0.0,0.0,0.0,0.0,10.47551573240529,0.0,0.0,0.0,0.0,0.0,10.47551573240529,0.0,0.0,0.020005056561338726
2019-10-09 07:00:00,autumn,11.3195,0.5576,0.18,0.09,0.0,0.0,36.8711899143124,0.5576,0.0,10.42851573240529,0.0,0.0,0.33338426759470985,6.153783832287666,0.5576,0.0,0.0,0.0,10.42851573240529,0.0,0.0,0.0,0.5576,0.0,10.42851573240529,0.0,0.0,0.020005056561338726
2019-10-09 08:00:00,autumn,13.3024,4.3285,0.22,0.11,0.0,8.64051573240529,27.761750323759745,4.3285,0.0,0.0,0.0,0.0,0.33338426759470985,6.133778775726327,4.3285,0.0,0.0,0.0,0.0,0.0,0.0,8.64051573240529,4.3285,0.0,0.0,0.0,0.0,0.020005056561338726
2019-10-09 09:00:00,autumn,12.3376,9.4801,0.22,0.11,0.0,2.5241157324052903,25.09994198674132,9.4801,0.0,0.0,0.0,0.0,0.33338426759470985,6.113773719164989,9.4801,0.0,0.0,0.0,0.0,0.0,0.0,2.5241157324052903,9.4801,0.0,0.0,0.0,0.0,0.020005056561338726
2019-10-09 10:00:00,autumn,11.4798,14.6785,0.22,0.11,3.1987000000000005,0.0,28.133449421299385,14.6785,0.0,0.0,0.0,0.0,0.0,6.113773719164989,11.4798,3.1987000000000005,0.0,0.0,0.0,0.0,3.1987000000000005,0.0,14.6785,0.0,0.0,0.0,0.0,0.0
2019-10-09 11:00:00,autumn,10.9882,18.7681,0.22,0.11,7.7799,0.0,35.51293838474336,18.7681,0.0,0.0,0.0,0.0,0.0,6.113773719164989,10.9882,7.7799,0.0,0.0,0.0,0.0,7.7799,0.0,18.7681,0.0,0.0,0.0,0.0,0.0
2019-10-09 12:00:00,autumn,10.7486,20.7479,0.22,0.11,9.999300000000002,0.0,44.99762758117383,20.7479,0.0,0.0,0.0,0.0,0.0,6.113773719164989,10.7486,9.999300000000002,0.0,0.0,0.0,0.0,9.999300000000002,0.0,20.7479,0.0,0.0,0.0,0.0,0.0
2019-10-09 13:00:00,autumn,10.6051,19.9861,0.22,0.11,9.381,0.0,53.895350699036484,19.9861,0.0,0.0,0.0,0.0,0.0,6.113773719164989,10.6051,9.381,0.0,0.0,0.0,0.0,9.381,0.0,19.9861,0.0,0.0,0.0,0.0,0.0
2019-10-09 14:00:00,autumn,10.4974,16.4856,0.22,0.11,5.988200000000001,0.0,59.57401038481011,16.4856,0.0,0.0,0.0,0.0,0.0,6.113773719164989,10.4974,5.988200000000001,0.0,0.0,0.0,0.0,5.988200000000001,0.0,16.4856,0.0,0.0,0.0,0.0,0.0
2019-10-09 15:00:00,autumn,10.439,11.0289,0.22,0.11,0.5899000000000001,0.0,60.1311564118974,11.0289,0.0,0.0,0.0,0.0,0.0,6.113773719164989,10.439,0.5899000000000001,0.0,0.0,0.0,0.0,0.5899000000000001,0.0,11.0289,0.0,0.0,0.0,0.0,0.0
2019-10-09 16:00:00,autumn,10.4858,5.0938,0.22,0.11,0.0,5.05861573240529,54.79640177305971,5.0938,0.0,0.0,0.0,0.0,0.33338426759470985,6.09376866260365,5.0938,0.0,0.0,0.0,0.0,0.0,0.0,5.05861573240529,5.0938,0.0,0.0,0.0,0.0,0.020005056561338726
2019-10-09 17:00:00,autumn,10.7033,0.6468,0.22,0.11,0.0,9.72311573240529,44.54505470038018,0.6468,0.0,0.0,0.0,0.0,0.33338426759470985,6.073763606042311,0.6468,0.0,0.0,0.0,0.0,0.0,0.0,9.72311573240529,0.6468,0.0,0.0,0.0,0.0,0.020005056561338726
2019-10-09 18:00:00,autumn,11.0924,0.0,0.22,0.11,0.0,10.75901573240529,33.20220029110587,0.0,0.0,0.0,0.0,0.0,0.33338426759470985,6.053758549480972,0.0,0.0,0.0,0.0,0.0,0.0,0.0,10.75901573240529,0.0,0.0,0.0,0.0,0.0,0.020005056561338726
2019-10-09 19:00:00,autumn,9.1154,0.0,0.22,0.11,0.0,8.78201573240529,23.94375947881624,0.0,0.0,0.0,0.0,0.0,0.33338426759470985,6.033753492919633,0.0,0.0,0.0,0.0,0.0,0.0,0.0,8.78201573240529,0.0,0.0,0.0,0.0,0.0,0.020005056561338726
2019-10-09 20:00:00,autumn,9.349,0.0,0.22,0.11,0.0,9.01561573240529,14.439468414422016,0.0,0.0,0.0,0.0,0.0,0.33338426759470985,6.013748436358295,0.0,0.0,0.0,0.0,0.0,0.0,0.0,9.01561573240529,0.0,0.0,0.0,0.0,0.0,0.020005056561338726
2019-10-09 21:00:00,autumn,9.275,0.0,0.18,0.09,0.0,0.0,14.438866769904749,0.0,0.0,8.94161573240529,0.0,0.0,0.33338426759470985,5.993743379796956,0.0,0.0,0.0,0.0,8.94161573240529,0.0,0.0,0.0,0.0,0.0,8.94161573240529,0.0,0.0,0.020005056561338726
2019-10-09 22:00:00,autumn,8.9941,0.0,0.18,0.09,0.0,0.0,14.438265150456003,0.0,0.0,8.66071573240529,0.0,0.0,0.33338426759470985,5.973738323235617,0.0,0.0,0.0,0.0,8.66071573240529,0.0,0.0,0.0,0.0,0.0,8.66071573240529,0.0,0.0,0.020005056561338726
2019-10-09 23:00:00,autumn,8.7138,0.0,0.18,0.09,0.0,0.0,14.437663556074734,0.0,0.0,8.380415732405291,0.0,0.0,0.33338426759470985,5.953733266674279,0.0,0.0,0.0,0.0,8.380415732405291,0.0,0.0,0.0,0.0,0.0,8.380415732405291,0.0,0.0,0.020005056561338726
2019-10-10 00:00:00,autumn,8.3735,0.0,0.18,0.09,0.0,0.0,14.437061986759897,0.0,0.0,8.04011573240529,0.0,0.0,0.33338426759470985,5.93372821011294,0.0,0.0,0.0,0.0,8.04011573240529,0.0,0.0,0.0,0.0,0.0,8.04011573240529,0.0,0.0,0.020005056561338726
2019-10-10 01:00:00,autumn,8.4684,0.0,0.18,0.09,0.0,0.0,14.436460442510448,0.0,0.0,8.135015732405291,0.0,0.0,0.33338426759470985,5.913723153551601,0.0,0.0,0.0,0.0,8.135015732405291,0.0,0.0,0.0,0.0,0.0,8.135015732405291,0.0,0.0,0.020005056561338726
2019-10-10 02:00:00,autumn,8.5606,0.0,0.18,0.09,0.0,0.0,14.435858923325343,0.0,0.0,8.227215732405291,0.0,0.0,0.33338426759470985,5.893718096990263,0.0,0.0,0.0,0.0,8.227215732405291,0.0,0.0,0.0,0.0,0.0,8.227215732405291,0.0,0.0,0.020005056561338726
2019-10-10 03:00:00,autumn,8.7236,0.0,0.18,0.09,0.0,0.0,14.435257429203537,0.0,0.0,8.39021573240529,0.0,0.0,0.33338426759470985,5.873713040428924,0.0,0.0,0.0,0.0,8.39021573240529,0.0,0.0,0.0,0.0,0.0,8.39021573240529,0.0,0.0,0.020005056561338726
2019-10-10 04:00:00,autumn,9.1233,0.0,0.18,0.09,0.0,0.0,14.434655960143985,0.0,0.0,8.78991573240529,0.0,0.0,0.33338426759470985,5.853707983867585,0.0,0.0,0.0,0.0,8.78991573240529,0.0,0.0,0.0,0.0,0.0,8.78991573240529,0.0,0.0,0.020005056561338726
2019-10-10 05:00:00,autumn,9.8845,0.0,0.18,0.09,0.0,0.0,14.434054516145645,0.0,0.0,9.55111573240529,0.0,0.0,0.33338426759470985,5.833702927306256,0.0,0.0,0.0,0.0,9.55111573240529,0.0,0.0,0.0,0.0,0.0,9.55111573240529,0.0,0.0,0.020005056561338726
2019-10-10 06:00:00,autumn,10.7585,0.0,0.18,0.09,0.0,0.0,14.433453097207472,0.0,0.0,10.42511573240529,0.0,0.0,0.33338426759470985,5.813697870744917,0.0,0.0,0.0,0.0,10.42511573240529,0.0,0.0,0.0,0.0,0.0,10.42511573240529,0.0,0.0,0.020005056561338726
2019-10-10 07:00:00,autumn,11.1006,0.4515,0.18,0.09,0.0,0.0,14.43285170332842,0.4515,0.0,10.315715732405291,0.0,0.0,0.33338426759470985,5.793692814183579,0.4515,0.0,0.0,0.0,10.315715732405291,0.0,0.0,0.0,0.4515,0.0,10.315715732405291,0.0,0.0,0.020005056561338726
2019-10-10 08:00:00,autumn,12.9391,3.5225,0.22,0.11,0.0,0.0,14.432250334507447,3.5225,0.0,9.08321573240529,0.0,0.0,0.33338426759470985,5.77368775762224,3.5225,0.0,0.0,0.0,9.08321573240529,0.0,0.0,0.0,3.5225,0.0,9.08321573240529,0.0,0.0,0.020005056561338726
2019-10-10 09:00:00,autumn,11.8699,7.6459,0.22,0.11,0.0,0.0,14.431648990743504,7.6459,0.0,3.8906157324052897,0.0,0.0,0.33338426759470985,5.753682701060902,7.6459,0.0,0.0,0.0,3.8906157324052897,0.0,0.0,0.0,7.6459,0.0,3.8906157324052897,0.0,0.0,0.020005056561338726
2019-10-10 10:00:00,autumn,10.9592,11.8878,0.22,0.11,0.9286000000000012,0.0,15.311994982605263,11.8878,0.0,0.0,0.0,0.0,0.0,5.753682701060902,10.9592,0.9286000000000012,0.0,0.0,0.0,0.0,0.9286000000000012,0.0,11.8878,0.0,0.0,0.0,0.0,0.0
2019-10-10 11:00:00,autumn,10.472,15.3033,0.22,0.11,4.831300000000001,0.0,19.89473060068577,15.3033,0.0,0.0,0.0,0.0,0.0,5.753682701060902,10.472,4.831300000000001,0.0,0.0,0.0,0.0,4.831300000000001,0.0,15.3033,0.0,0.0,0.0,0.0,0.0
2019-10-10 12:00:00,autumn,10.2936,17.04,0.22,0.11,6.7463999999999995,0.0,26.29409865554539,17.04,0.0,0.0,0.0,0.0,0.0,5.753682701060902,10.2936,6.7463999999999995,0.0,0.0,0.0,0.0,6.7463999999999995,0.0,17.04,0.0,0.0,0.0,0.0,0.0
2019-10-10 13:00:00,autumn,10.2614,16.5213,0.22,0.11,6.2599,0.0,32.23166564556782,16.5213,0.0,0.0,0.0,0.0,0.0,5.753682701060902,10.2614,6.2599,0.0,0.0,0.0,0.0,6.2599,0.0,16.5213,0.0,0.0,0.0,0.0,0.0
2019-10-10 14:00:00,autumn,10.3029,13.6949,0.22,0.11,3.3920000000000012,0.0,35.4482564064866,13.6949,0.0,0.0,0.0,0.0,0.0,5.753682701060902,10.3029,3.3920000000000012,0.0,0.0,0.0,0.0,3.3920000000000012,0.0,13.6949,0.0,0.0,0.0,0.0,0.0
2019-10-10 15:00:00,autumn,10.415,9.188,0.22,0.11,0.0,0.8936157324052887,34.50482570668291,9.188,0.0,0.0,0.0,0.0,0.33338426759470985,5.733677644499563,9.188,0.0,0.0,0.0,0.0,0.0,0.0,0.8936157324052887,9.188,0.0,0.0,0.0,0.0,0.020005056561338726
2019-10-10 16:00:00,autumn,10.635,4.2457,0.22,0.11,0.0,6.05591573240529,28.119892328129303,4.2457,0.0,0.0,0.0,0.0,0.33338426759470985,5.713672587938224,4.2457,0.0,0.0,0.0,0.0,0.0,0.0,6.05591573240529,4.2457,0.0,0.0,0.0,0.0,0.020005056561338726
2019-10-10 17:00:00,autumn,11.0094,0.5381,0.22,0.11,0.0,10.13791573240529,17.432419185530698,0.5381,0.0,0.0,0.0,0.0,0.33338426759470985,5.693667531376883,0.5381,0.0,0.0,0.0,0.0,0.0,0.0,10.13791573240529,0.5381,0.0,0.0,0.0,0.0,0.020005056561338726
2019-10-10 18:00:00,autumn,11.5216,0.0,0.22,0.11,0.0,2.837531720006276,14.440671778666294,0.0,0.0,8.350684012399014,0.0,0.0,0.33338426759470985,5.673662474815544,0.0,0.0,0.0,0.0,8.350684012399014,0.0,0.0,2.837531720006276,0.0,0.0,8.350684012399014,0.0,0.0,0.020005056561338726
2019-10-10 19:00:00,autumn,9.6203,0.0,0.22,0.11,0.0,0.0,14.440070084008848,0.0,0.0,9.28691573240529,0.0,0.0,0.33338426759470985,5.653657418254205,0.0,0.0,0.0,0.0,9.28691573240529,0.0,0.0,0.0,0.0,0.0,9.28691573240529,0.0,0.0,0.020005056561338726
2019-10-10 20:00:00,autumn,9.8742,0.0,0.22,0.11,0.0,0.0,14.439468414422015,0.0,0.0,9.54081573240529,0.0,0.0,0.33338426759470985,5.633652361692866,0.0,0.0,0.0,0.0,9.54081573240529,0.0,0.0,0.0,0.0,0.0,9.54081573240529,0.0,0.0,0.020005056561338726
2019-10-10 21:00:00,autumn,9.7626,0.0,0.18,0.09,0.0,0.0,14.438866769904747,0.0,0.0,9.429215732405291,0.0,0.0,0.33338426759470985,5.613647305131527,0.0,0.0,0.0,0.0,9.429215732405291,0.0,0.0,0.0,0.0,0.0,9.429215732405291,0.0,0.0,0.020005056561338726
2019-10-10 22:00:00,autumn,9.3905,0.0,0.18,0.09,0.0,0.0,14.438265150456001,0.0,0.0,9.05711573240529,0.0,0.0,0.33338426759470985,5.593642248570188,0.0,0.0,0.0,0.0,9.05711573240529,0.0,0.0,0.0,0.0,0.0,9.05711573240529,0.0,0.0,0.020005056561338726
2019-10-10 23:00:00,autumn,8.9754,0.0,0.18,0.09,0.0,0.0,14.437663556074732,0.0,0.0,8.64201573240529,0.0,0.0,0.33338426759470985,5.57363719200885,0.0,0.0,0.0,0.0,8.64201573240529,0.0,0.0,0.0,0.0,0.0,8.64201573240529,0.0,0.0,0.020005056561338726
2019-10-11 00:00:00,autumn,8.48,0.0,0.18,0.09,0.0,0.0,14.437061986759895,0.0,0.0,8.14661573240529,0.0,0.0,0.33338426759470985,5.553632135447511,0.0,0.0,0.0,0.0,8.14661573240529,0.0,0.0,0.0,0.0,0.0,8.14661573240529,0.0,0.0,0.020005056561338726
2019-10-11 01:00:00,autumn,8.4006,0.0,0.18,0.09,0.0,0.0,14.436460442510446,0.0,0.0,8.067215732405291,0.0,0.0,0.33338426759470985,5.533627078886172,0.0,0.0,0.0,0.0,8.067215732405291,0.0,0.0,0.0,0.0,0.0,8.067215732405291,0.0,0.0,0.020005056561338726
2019-10-11 02:00:00,autumn,8.3258,0.0,0.18,0.09,0.0,0.0,14.435858923325341,0.0,0.0,7.99241573240529,0.0,0.0,0.33338426759470985,5.513622022324834,0.0,0.0,0.0,0.0,7.99241573240529,0.0,0.0,0.0,0.0,0.0,7.99241573240529,0.0,0.0,0.020005056561338726
2019-10-11 03:00:00,autumn,8.3478,0.0,0.18,0.09,0.0,0.0,14.435257429203535,0.0,0.0,8.01441573240529,0.0,0.0,0.33338426759470985,5.493616965763495,0.0,0.0,0.0,0.0,8.01441573240529,0.0,0.0,0.0,0.0,0.0,8.01441573240529,0.0,0.0,0.020005056561338726
2019-10-11 04:00:00,autumn,8.6479,0.0,0.18,0.09,0.0,0.0,14.434655960143983,0.0,0.0,8.31451573240529,0.0,0.0,0.33338426759470985,5.473611909202156,0.0,0.0,0.0,0.0,8.31451573240529,0.0,0.0,0.0,0.0,0.0,8.31451573240529,0.0,0.0,0.020005056561338726
2019-10-11 05:00:00,autumn,9.3617,0.0,0.18,0.09,0.0,0.0,14.434054516145643,0.0,0.0,9.028315732405291,0.0,0.0,0.33338426759470985,5.453606852640818,0.0,0.0,0.0,0.0,9.028315732405291,0.0,0.0,0.0,0.0,0.0,9.028315732405291,0.0,0.0,0.020005056561338726
2019-10-11 06:00:00,autumn,10.2459,0.0,0.18,0.09,0.0,0.0,14.43345309720747,0.0,0.0,9.912515732405291,0.0,0.0,0.33338426759470985,5.433601796079479,0.0,0.0,0.0,0.0,9.912515732405291,0.0,0.0,0.0,0.0,0.0,9.912515732405291,0.0,0.0,0.020005056561338726
2019-10-11 07:00:00,autumn,10.6546,0.5065,0.18,0.09,0.0,0.0,14.432851703328419,0.5065,0.0,9.81471573240529,0.0,0.0,0.33338426759470985,5.41359673951814,0.5065,0.0,0.0,0.0,9.81471573240529,0.0,0.0,0.0,0.5065,0.0,9.81471573240529,0.0,0.0,0.020005056561338726
2019-10-11 08:00:00,autumn,12.6089,3.9298,0.22,0.11,0.0,0.0,14.432250334507446,3.9298,0.0,8.34571573240529,0.0,0.0,0.33338426759470985,5.393591682956801,3.9298,0.0,0.0,0.0,8.34571573240529,0.0,0.0,0.0,3.9298,0.0,8.34571573240529,0.0,0.0,0.020005056561338726
2019-10-11 09:00:00,autumn,11.6918,8.6146,0.22,0.11,0.0,0.0,14.431648990743504,8.6146,0.0,2.7438157324052916,0.0,0.0,0.33338426759470985,5.373586626395455,8.6146,0.0,0.0,0.0,2.7438157324052916,0.0,0.0,0.0,8.6146,0.0,2.7438157324052916,0.0,0.0,0.020005056561338726
2019-10-11 10:00:00,autumn,10.9527,13.3666,0.22,0.11,2.4139,0.0,16.72107428519969,13.3666,0.0,0.0,0.0,0.0,0.0,5.373586626395455,10.9527,2.4139,0.0,0.0,0.0,0.0,2.4139,0.0,13.3666,0.0,0.0,0.0,0.0,0.0
2019-10-11 11:00:00,autumn,10.6379,17.1393,0.22,0.11,6.5013999999999985,0.0,22.888147167716753,17.1393,0.0,0.0,0.0,0.0,0.0,5.373586626395455,10.6379,6.5013999999999985,0.0,0.0,0.0,0.0,6.5013999999999985,0.0,17.1393,0.0,0.0,0.0,0.0,0.0
2019-10-11 12:00:00,autumn,10.6137,19.0048,0.22,0.11,8.3911,0.0,30.84768991718976,19.0048,0.0,0.0,0.0,0.0,0.0,5.373586626395455,10.6137,8.3911,0.0,0.0,0.0,0.0,8.3911,0.0,19.0048,0.0,0.0,0.0,0.0,0.0
2019-10-11 13:00:00,autumn,10.7004,18.3572,0.22,0.11,7.656799999999999,0.0,38.11028287328972,18.3572,0.0,0.0,0.0,0.0,0.0,5.373586626395455,10.7004,7.656799999999999,0.0,0.0,0.0,0.0,7.656799999999999,0.0,18.3572,0.0,0.0,0.0,0.0,0.0
2019-10-11 14:00:00,autumn,10.8125,15.1737,0.22,0.11,4.3612,0.0,42.24609254429456,15.1737,0.0,0.0,0.0,0.0,0.0,5.373586626395455,10.8125,4.3612,0.0,0.0,0.0,0.0,4.3612,0.0,15.1737,0.0,0.0,0.0,0.0,0.0
2019-10-11 15:00:00,autumn,10.9391,10.1635,0.22,0.11,0.0,0.4422157324052891,41.778195979918465,10.1635,0.0,0.0,0.0,0.0,0.33338426759470985,5.353581569834116,10.1635,0.0,0.0,0.0,0.0,0.0,0.0,0.4422157324052891,10.1635,0.0,0.0,0.0,0.0,0.020005056561338726
2019-10-11 16:00:00,autumn,11.1159,4.6951,0.22,0.11,0.0,6.08741573240529,35.35975562883837,4.6951,0.0,0.0,0.0,0.0,0.33338426759470985,5.333576513272777,4.6951,0.0,0.0,0.0,0.0,0.0,0.0,6.08741573240529,4.6951,0.0,0.0,0.0,0.0,0.020005056561338726
2019-10-11 17:00:00,autumn,11.394,0.5957,0.22,0.11,0.0,10.46491573240529,24.327292560310546,0.5957,0.0,0.0,0.0,0.0,0.33338426759470985,5.313571456711439,0.5957,0.0,0.0,0.0,0.0,0.0,0.0,10.46491573240529,0.5957,0.0,0.0,0.0,0.0,0.020005056561338726
2019-10-11 18:00:00,autumn,11.7677,0.0,0.22,0.11,0.0,9.378310389032567,14.440671778666294,0.0,0.0,2.056005343372723,0.0,0.0,0.33338426759470985,5.2935664001501,0.0,0.0,0.0,0.0,2.056005343372723,0.0,0.0,9.378310389032567,0.0,0.0,2.056005343372723,0.0,0.0,0.020005056561338726
2019-10-11 19:00:00,autumn,9.7009,0.0,0.22,0.11,0.0,0.0,14.440070084008848,0.0,0.0,9.367515732405291,0.0,0.0,0.33338426759470985,5.273561343588761,0.0,0.0,0.0,0.0,9.367515732405291,0.0,0.0,0.0,0.0,0.0,9.367515732405291,0.0,0.0,0.020005056561338726
2019-10-11 20:00:00,autumn,9.7803,0.0,0.22,0.11,0.0,0.0,14.439468414422015,0.0,0.0,9.44691573240529,0.0,0.0,0.33338426759470985,5.253556287027423,0.0,0.0,0.0,0.0,9.44691573240529,0.0,0.0,0.0,0.0,0.0,9.44691573240529,0.0,0.0,0.020005056561338726
2019-10-11 21:00:00,autumn,9.5046,0.0,0.18,0.09,0.0,0.0,14.438866769904747,0.0,0.0,9.17121573240529,0.0,0.0,0.33338426759470985,5.233551230466084,0.0,0.0,0.0,0.0,9.17121573240529,0.0,0.0,0.0,0.0,0.0,9.17121573240529,0.0,0.0,0.020005056561338726
2019-10-11 22:00:00,autumn,8.9968,0.0,0.18,0.09,0.0,0.0,14.438265150456001,0.0,0.0,8.66341573240529,0.0,0.0,0.33338426759470985,5.213546173904745,0.0,0.0,0.0,0.0,8.66341573240529,0.0,0.0,0.0,0.0,0.0,8.66341573240529,0.0,0.0,0.020005056561338726
2019-10-11 23:00:00,autumn,8.4892,0.0,0.18,0.09,0.0,0.0,14.437663556074732,0.0,0.0,8.15581573240529,0.0,0.0,0.33338426759470985,5.193541117343407,0.0,0.0,0.0,0.0,8.15581573240529,0.0,0.0,0.0,0.0,0.0,8.15581573240529,0.0,0.0,0.020005056561338726
2019-10-12 00:00:00,autumn,7.9556,0.0,0.18,0.09,0.0,0.0,14.437061986759895,0.0,0.0,7.62221573240529,0.0,0.0,0.33338426759470985,5.173536060782068,0.0,0.0,0.0,0.0,7.62221573240529,0.0,0.0,0.0,0.0,0.0,7.62221573240529,0.0,0.0,0.020005056561338726
2019-10-12 01:00:00,autumn,7.8921,0.0,0.18,0.09,0.0,0.0,14.436460442510446,0.0,0.0,7.5587157324052905,0.0,0.0,0.33338426759470985,5.153531004220729,0.0,0.0,0.0,0.0,7.5587157324052905,0.0,0.0,0.0,0.0,0.0,7.5587157324052905,0.0,0.0,0.020005056561338726
2019-10-12 02:00:00,autumn,7.8894,0.0,0.18,0.09,0.0,0.0,14.435858923325341,0.0,0.0,7.556015732405291,0.0,0.0,0.33338426759470985,5.133525947659391,0.0,0.0,0.0,0.0,7.556015732405291,0.0,0.0,0.0,0.0,0.0,7.556015732405291,0.0,0.0,0.020005056561338726
2019-10-12 03:00:00,autumn,8.0314,0.0,0.18,0.09,0.0,0.0,14.435257429203535,0.0,0.0,7.69801573240529,0.0,0.0,0.33338426759470985,5.113520891098052,0.0,0.0,0.0,0.0,7.69801573240529,0.0,0.0,0.0,0.0,0.0,7.69801573240529,0.0,0.0,0.020005056561338726
2019-10-12 04:00:00,autumn,8.4863,0.0,0.18,0.09,0.0,0.0,14.434655960143983,0.0,0.0,8.15291573240529,0.0,0.0,0.33338426759470985,5.093515834536713,0.0,0.0,0.0,0.0,8.15291573240529,0.0,0.0,0.0,0.0,0.0,8.15291573240529,0.0,0.0,0.020005056561338726
2019-10-12 05:00:00,autumn,9.3728,0.0,0.18,0.09,0.0,0.0,14.434054516145643,0.0,0.0,9.03941573240529,0.0,0.0,0.33338426759470985,5.0735107779753745,0.0,0.0,0.0,0.0,9.03941573240529,0.0,0.0,0.0,0.0,0.0,9.03941573240529,0.0,0.0,0.020005056561338726
2019-10-12 06:00:00,autumn,10.4284,0.0,0.18,0.09,0.0,0.0,14.43345309720747,0.0,0.0,10.09501573240529,0.0,0.0,0.33338426759470985,5.0535057214140355,0.0,0.0,0.0,0.0,10.09501573240529,0.0,0.0,0.0,0.0,0.0,10.09501573240529,0.0,0.0,0.020005056561338726
2019-10-12 07:00:00,autumn,10.9884,0.6644,0.18,0.09,0.0,0.0,14.432851703328419,0.6644,0.0,9.99061573240529,0.0,0.0,0.33338426759470985,5.0335006648526965,0.6644,0.0,0.0,0.0,9.99061573240529,0.0,0.0,0.0,0.6644,0.0,9.99061573240529,0.0,0.0,0.020005056561338726
2019-10-12 08:00:00,autumn,13.0573,5.1615,0.22,0.11,0.0,0.0,14.432250334507446,5.1615,0.0,7.56241573240529,0.0,0.0,0.33338426759470985,5.0134956082913575,5.1615,0.0,0.0,0.0,7.56241573240529,0.0,0.0,0.0,5.1615,0.0,7.56241573240529,0.0,0.0,0.020005056561338726
2019-10-12 09:00:00,autumn,12.2054,11.2879,0.22,0.11,0.0,0.0,14.431648990743504,11.2879,0.0,0.5841157324052888,0.0,0.0,0.33338426759470985,4.993490551730019,11.2879,0.0,0.0,0.0,0.5841157324052888,0.0,0.0,0.0,11.2879,0.0,0.5841157324052888,0.0,0.0,0.020005056561338726
2019-10-12 10:00:00,autumn,11.475,17.4191,0.22,0.11,5.944100000000001,0.0,20.070116063977615,17.4191,0.0,0.0,0.0,0.0,0.0,4.993490551730019,11.475,5.944100000000001,0.0,0.0,0.0,0.0,5.944100000000001,0.0,17.4191,0.0,0.0,0.0,0.0,0.0
2019-10-12 11:00:00,autumn,11.1114,22.1708,0.22,0.11,11.0594,0.0,30.56114787560147,22.1708,0.0,0.0,0.0,0.0,0.0,4.993490551730019,11.1114,11.0594,0.0,0.0,0.0,0.0,11.0594,0.0,22.1708,0.0,0.0,0.0,0.0,0.0
2019-10-12 12:00:00,autumn,10.9862,24.3892,0.22,0.11,13.402999999999999,0.0,43.27507673821102,24.3892,0.0,0.0,0.0,0.0,0.0,4.993490551730019,10.9862,13.402999999999999,0.0,0.0,0.0,0.0,13.402999999999999,0.0,24.3892,0.0,0.0,0.0,0.0,0.0
2019-10-12 13:00:00,autumn,10.931,23.3888,0.22,0.11,12.4578,0.0,55.09178040046728,23.3888,0.0,0.0,0.0,0.0,0.0,4.993490551730019,10.931,12.4578,0.0,0.0,0.0,0.0,12.4578,0.0,23.3888,0.0,0.0,0.0,0.0,0.0
2019-10-12 14:00:00,autumn,10.8757,19.2262,0.22,0.11,8.350499999999998,0.0,63.01146478998807,19.2262,0.0,0.0,0.0,0.0,0.0,4.993490551730019,10.8757,8.350499999999998,0.0,0.0,0.0,0.0,8.350499999999998,0.0,19.2262,0.0,0.0,0.0,0.0,0.0
2019-10-12 15:00:00,autumn,10.828,12.8368,0.22,0.11,2.008800000000001,0.0,64.91455432141235,12.8368,0.0,0.0,0.0,0.0,0.0,4.993490551730019,10.828,2.008800000000001,0.0,0.0,0.0,0.0,2.008800000000001,0.0,12.8368,0.0,0.0,0.0,0.0,0.0
2019-10-12 16:00:00,autumn,10.8427,5.9267,0.22,0.11,0.0,4.582615732405291,60.08134842974183,5.9267,0.0,0.0,0.0,0.0,0.33338426759470985,4.97348549516868,5.9267,0.0,0.0,0.0,0.0,0.0,0.0,4.582615732405291,5.9267,0.0,0.0,0.0,0.0,0.020005056561338726
2019-10-12 17:00:00,autumn,10.9889,0.7536,0.22,0.11,0.0,9.901915732405289,49.64130940240557,0.7536,0.0,0.0,0.0,0.0,0.33338426759470985,4.953480438607341,0.7536,0.0,0.0,0.0,0.0,0.0,0.0,9.901915732405289,0.7536,0.0,0.0,0.0,0.0,0.020005056561338726
2019-10-12 18:00:00,autumn,11.2752,0.0,0.22,0.11,0.0,10.94181573240529,38.10555453042575,0.0,0.0,0.0,0.0,0.0,0.33338426759470985,4.9334753820460024,0.0,0.0,0.0,0.0,0.0,0.0,0.0,10.94181573240529,0.0,0.0,0.0,0.0,0.0,0.020005056561338726
2019-10-12 19:00:00,autumn,9.1752,0.0,0.22,0.11,0.0,8.84181573240529,28.783874677016787,0.0,0.0,0.0,0.0,0.0,0.33338426759470985,4.9134703254846634,0.0,0.0,0.0,0.0,0.0,0.0,0.0,8.84181573240529,0.0,0.0,0.0,0.0,0.0,0.020005056561338726
2019-10-12 20:00:00,autumn,9.2793,0.0,0.22,0.11,0.0,8.94591573240529,19.352852192127212,0.0,0.0,0.0,0.0,0.0,0.33338426759470985,4.893465268923325,0.0,0.0,0.0,0.0,0.0,0.0,0.0,8.94591573240529,0.0,0.0,0.0,0.0,0.0,0.020005056561338726
2019-10-12 21:00:00,autumn,9.0834,0.0,0.18,0.09,0.0,0.0,19.352045823285874,0.0,0.0,8.75001573240529,0.0,0.0,0.33338426759470985,4.873460212361986,0.0,0.0,0.0,0.0,8.75001573240529,0.0,0.0,0.0,0.0,0.0,8.75001573240529,0.0,0.0,0.020005056561338726
2019-10-12 22:00:00,autumn,8.7018,0.0,0.18,0.09,0.0,0.0,19.351239488043237,0.0,0.0,8.36841573240529,0.0,0.0,0.33338426759470985,4.853455155800647,0.0,0.0,0.0,0.0,8.36841573240529,0.0,0.0,0.0,0.0,0.0,8.36841573240529,0.0,0.0,0.020005056561338726
2019-10-12 23:00:00,autumn,8.353,0.0,0.18,0.09,0.0,0.0,19.3504331863979,0.0,0.0,8.01961573240529,0.0,0.0,0.33338426759470985,4.833450099239309,0.0,0.0,0.0,0.0,8.01961573240529,0.0,0.0,0.0,0.0,0.0,8.01961573240529,0.0,0.0,0.020005056561338726
2019-10-13 00:00:00,autumn,7.9842,0.0,0.18,0.09,0.0,0.0,19.349626918348466,0.0,0.0,7.650815732405291,0.0,0.0,0.33338426759470985,4.81344504267797,0.0,0.0,0.0,0.0,7.650815732405291,0.0,0.0,0.0,0.0,0.0,7.650815732405291,0.0,0.0,0.020005056561338726
2019-10-13 01:00:00,autumn,8.091,0.0,0.18,0.09,0.0,0.0,19.348820683893535,0.0,0.0,7.75761573240529,0.0,0.0,0.33338426759470985,4.793439986116631,0.0,0.0,0.0,0.0,7.75761573240529,0.0,0.0,0.0,0.0,0.0,7.75761573240529,0.0,0.0,0.020005056561338726
2019-10-13 02:00:00,autumn,8.2366,0.0,0.18,0.09,0.0,0.0,19.348014483031704,0.0,0.0,7.90321573240529,0.0,0.0,0.33338426759470985,4.773434929555294,0.0,0.0,0.0,0.0,7.90321573240529,0.0,0.0,0.0,0.0,0.0,7.90321573240529,0.0,0.0,0.020005056561338726
2019-10-13 03:00:00,autumn,8.4887,0.0,0.18,0.09,0.0,0.0,19.347208315761577,0.0,0.0,8.15531573240529,0.0,0.0,0.33338426759470985,4.753429872993955,0.0,0.0,0.0,0.0,8.15531573240529,0.0,0.0,0.0,0.0,0.0,8.15531573240529,0.0,0.0,0.020005056561338726
2019-10-13 04:00:00,autumn,9.0034,0.0,0.18,0.09,0.0,0.0,19.346402182081754,0.0,0.0,8.67001573240529,0.0,0.0,0.33338426759470985,4.733424816432616,0.0,0.0,0.0,0.0,8.67001573240529,0.0,0.0,0.0,0.0,0.0,8.67001573240529,0.0,0.0,0.020005056561338726
2019-10-13 05:00:00,autumn,9.8928,0.0,0.18,0.09,0.0,0.0,19.345596081990834,0.0,0.0,9.55941573240529,0.0,0.0,0.33338426759470985,4.713419759871278,0.0,0.0,0.0,0.0,9.55941573240529,0.0,0.0,0.0,0.0,0.0,9.55941573240529,0.0,0.0,0.020005056561338726
2019-10-13 06:00:00,autumn,10.8939,0.0,0.18,0.09,0.0,0.0,19.344790015487416,0.0,0.0,10.56051573240529,0.0,0.0,0.33338426759470985,4.693414703309939,0.0,0.0,0.0,0.0,10.56051573240529,0.0,0.0,0.0,0.0,0.0,10.56051573240529,0.0,0.0,0.020005056561338726
2019-10-13 07:00:00,autumn,11.3484,0.7415,0.18,0.09,0.0,0.0,19.3439839825701,0.7415,0.0,10.27351573240529,0.0,0.0,0.33338426759470985,4.6734096467486,0.7415,0.0,0.0,0.0,10.27351573240529,0.0,0.0,0.0,0.7415,0.0,10.27351573240529,0.0,0.0,0.020005056561338726
2019-10-13 08:00:00,autumn,10.872,5.763,0.22,0.11,0.0,4.659485523069907,14.431648990743504,5.763,0.0,0.11613020933538376,0.0,0.0,0.33338426759470985,4.653404590187262,5.763,0.0,0.0,0.0,0.11613020933538376,0.0,0.0,4.659485523069907,5.763,0.0,0.11613020933538376,0.0,0.0,0.020005056561338726
2019-10-13 09:00:00,autumn,9.8512,12.5936,0.22,0.11,2.7424,0.0,17.032716748609285,12.5936,0.0,0.0,0.0,0.0,0.0,4.653404590187262,9.8512,2.7424,0.0,0.0,0.0,0.0,2.7424,0.0,12.5936,0.0,0.0,0.0,0.0,0.0
2019-10-13 10:00:00,autumn,8.9469,19.3984,0.22,0.11,10.4515,0.0,26.947170541653037,19.3984,0.0,0.0,0.0,0.0,0.0,4.653404590187262,8.9469,10.4515,0.0,0.0,0.0,0.0,10.4515,0.0,19.3984,0.0,0.0,0.0,0.0,0.0
2019-10-13 11:00:00,autumn,8.4234,24.6283,0.22,0.11,16.2049,0.0,42.319365719459235,24.6283,0.0,0.0,0.0,0.0,0.0,4.653404590187262,8.4234,16.2049,0.0,0.0,0.0,0.0,16.2049,0.0,24.6283,0.0,0.0,0.0,0.0,0.0
2019-10-13 12:00:00,autumn,8.1701,27.0191,0.22,0.11,18.849000000000004,0.0,60.199333897508396,27.0191,0.0,0.0,0.0,0.0,0.0,4.653404590187262,8.1701,18.849000000000004,0.0,0.0,0.0,0.0,18.849000000000004,0.0,27.0191,0.0,0.0,0.0,0.0,0.0
2019-10-13 13:00:00,autumn,8.0326,25.8463,0.22,0.11,17.813699999999997,0.0,77.09638525841177,25.8463,0.0,0.0,0.0,0.0,0.0,4.653404590187262,8.0326,17.813699999999997,0.0,0.0,0.0,0.0,17.813699999999997,0.0,25.8463,0.0,0.0,0.0,0.0,0.0
2019-10-13 14:00:00,autumn,7.9498,21.2056,0.22,0.11,13.2558,0.0,89.668728971324,21.2056,0.0,0.0,0.0,0.0,0.0,4.653404590187262,7.9498,13.2558,0.0,0.0,0.0,0.0,13.2558,0.0,21.2056,0.0,0.0,0.0,0.0,0.0
2019-10-13 15:00:00,autumn,7.9326,14.1425,0.22,0.11,6.2099,0.0,95.55622118684741,14.1425,0.0,0.0,0.0,0.0,0.0,4.653404590187262,7.9326,6.2099,0.0,0.0,0.0,0.0,6.2099,0.0,14.1425,0.0,0.0,0.0,0.0,0.0
2019-10-13 16:00:00,autumn,8.0323,6.5283,0.22,0.11,0.0,1.1706157324052897,94.31830235122234,6.5283,0.0,0.0,0.0,0.0,0.33338426759470985,4.633399533625923,6.5283,0.0,0.0,0.0,0.0,0.0,0.0,1.1706157324052897,6.5283,0.0,0.0,0.0,0.0,0.020005056561338726
2019-10-13 17:00:00,autumn,8.3086,0.8307,0.22,0.11,0.0,7.14451573240529,86.78339159085544,0.8307,0.0,0.0,0.0,0.0,0.33338426759470985,4.613394477064583,0.8307,0.0,0.0,0.0,0.0,0.0,0.0,7.14451573240529,0.8307,0.0,0.0,0.0,0.0,0.020005056561338726
2019-10-13 18:00:00,autumn,8.7559,0.0,0.22,0.11,0.0,8.42251573240529,77.90166450187184,0.0,0.0,0.0,0.0,0.0,0.33338426759470985,4.593389420503244,0.0,0.0,0.0,0.0,0.0,0.0,0.0,8.42251573240529,0.0,0.0,0.0,0.0,0.0,0.020005056561338726
2019-10-13 19:00:00,autumn,9.2301,0.0,0.22,0.11,0.0,8.89671573240529,68.52045679603297,0.0,0.0,0.0,0.0,0.0,0.33338426759470985,4.573384363941905,0.0,0.0,0.0,0.0,0.0,0.0,0.0,8.89671573240529,0.0,0.0,0.0,0.0,0.0,0.020005056561338726
2019-10-13 20:00:00,autumn,9.5023,0.0,0.22,0.11,0.0,8.347087304900207,59.718999206412796,0.0,0.0,0.8218284275050829,0.0,0.0,0.33338426759470985,4.553379307380567,0.0,0.0,0.0,0.0,0.8218284275050829,0.0,0.0,8.347087304900207,0.0,0.0,0.8218284275050829,0.0,0.0,0.020005056561338726
2019-10-13 21:00:00,autumn,9.45,0.0,0.18,0.09,0.0,0.0,59.71651091477919,0.0,0.0,9.11661573240529,0.0,0.0,0.33338426759470985,4.533374250819228,0.0,0.0,0.0,0.0,9.11661573240529,0.0,0.0,0.0,0.0,0.0,9.11661573240529,0.0,0.0,0.020005056561338726
2019-10-13 22:00:00,autumn,9.1716,0.0,0.18,0.09,0.0,0.0,59.71402272682441,0.0,0.0,8.83821573240529,0.0,0.0,0.33338426759470985,4.513369194257889,0.0,0.0,0.0,0.0,8.83821573240529,0.0,0.0,0.0,0.0,0.0,8.83821573240529,0.0,0.0,0.020005056561338726
2019-10-13 23:00:00,autumn,8.8742,0.0,0.18,0.09,0.0,0.0,59.71153464254412,0.0,0.0,8.54081573240529,0.0,0.0,0.33338426759470985,4.493364137696551,0.0,0.0,0.0,0.0,8.54081573240529,0.0,0.0,0.0,0.0,0.0,8.54081573240529,0.0,0.0,0.020005056561338726
